is_active,listing_status,id,ad_id,slug,url,category,subcategory,housing_type,title,description,price,currency,old_price,price_per_sqm_construction,price_per_sqm_land,province,city,location,address,region_slug,latitude,longitude,bedrooms,bathrooms,parking,built_area_sqm,land_area_sqm,total_sqm,year_built,levels,floor_number,floor_type,ceiling_height,maintenance_cost,title_status,images,image_count,has_video,has_vr,seller_id,seller_name,agent_name,seller_type,seller_verified,feature_level,discount_pct,favorites_count,amenities,published_at,first_seen_at,last_seen_at,removed_at,updated_at,removal_checked_at,detail_crawled,crawl_version,raw_json_ld,raw_loopa_data,raw_retail_rocket
true,active,107398,32437986,venta-de-apartamento-en-altos-de-panama-25lbr8164,https://www.encuentra24.com/panama-es/bienes-raices-venta-de-propiedades-apartamentos/venta-de-apartamento-en-altos-de-panama-25lbr8164/32437986,sale,apartamentos,Apartamento,"Venta de Apartamento en Altos de Panama,25LBR8164","Exclusivo apartamento en venta en Altamira Gardens, ideal para quienes buscan comodidad y modernidad. Cuenta con 3 amplias recámaras, 2 baños completos y una elegante cocina abierta que se integra perfectamente con la sala y el comedor, brindando mayor amplitud e iluminación natural. Ubicado en una excelente zona residencial, con espacios funcionales.",139500,USD,,1245.5357142857142,1245.5357142857142,,San Miguelito,Altos de Panamá,Altos de Panama,,,,3,2,2,112,,112,2017,1,,Porcelanato,,,,"[""https://photos.encuentra24.com/t_or_fh_l/f_auto/v1/pa/32/43/79/86/32437986_4d5f747"",""https://photos.encuentra24.com/t_or_fh_l/f_auto/v1/pa/32/43/79/86/32437986_3b8029a"",""https://photos.encuentra24.com/t_or_fh_l/f_auto/v1/pa/32/43/79/86/32437986_4e713ab"",""https://photos.encuentra24.com/t_or_fh_l/f_auto/v1/pa/32/43/79/86/32437986_61552ef"",""https://photos.encuentra24.com/t_or_fh_l/f_auto/v1/pa/32/43/79/86/32437986_e6a16d7"",""https://photos.encuentra24.com/t_or_fh_l/f_auto/v1/pa/32/43/79/86/32437986_f0f2257"",""https://photos.encuentra24.com/t_or_fh_l/f_auto/v1/pa/32/43/79/86/32437986_265c862"",""https://photos.encuentra24.com/t_or_fh_l/f_auto/v1/pa/32/43/79/86/32437986_6984c86"",""https://photos.encuentra24.com/t_or_fh_l/f_auto/v1/pa/32/43/79/86/32437986_cd16124"",""https://photos.encuentra24.com/t_or_fh_l/f_auto/v1/pa/32/43/79/86/32437986_211369f"",""https://photos.encuentra24.com/t_or_fh_l/f_auto/v1/pa/32/43/79/86/32437986_07ee266"",""https://photos.encuentra24.com/t_or_fh_l/f_auto/v1/pa/32/43/79/86/32437986_cd9b9fc"",""https://photos.encuentra24.com/t_or_fh_l/f_auto/v1/pa/32/43/79/86/32437986_e4c7ce3"",""https://photos.encuentra24.com/t_or_fh_l/f_auto/v1/pa/32/43/79/86/32437986_144eee6"",""https://photos.encuentra24.com/t_or_fh_l/f_auto/v1/pa/32/43/79/86/32437986_f16393f""]",15,false,false,,Rent A House VIP 10,Rent A House Panama VIP 10,,false,basic,,,"[""Parking bajo techo"",""Parking de visitas"",""Seguridad 24 Horas"",""2 o más elevadores"",""Lavandería interna"",""Depósito"",""Salón de fiestas"",""Parque Infantil"",""Gimnasio"",""A/C"",""Calle sin salida"",""Sala y Comedor"",""Área Social"",""Lobby"",""Comedor de diario"",""Aire acondicionado"",""Calentador de agua""]",2026-05-16T17:22:49.000Z,2026-05-16T18:01:12.570Z,2026-05-16T18:01:16.465Z,,2026-05-16T18:01:16.465Z,2026-05-16T18:01:16.465Z,true,1,,"{""allowContactByForm"":true,""biUrl"":""https://www.encuentra24.com/clickhouse_mvp.php/lists?t=A6tRhZ1kQIRSNpmFobmfOI2%2Fb4yYlKuNTh5wlY5%2F8tRTxJLgczKZVw9HMmf9dMOMYtMrdX6%2BycWeNsxMbJDqxQ%2Fgycp%2FfbDPfEA0uwQBggzaT1NflUX4Og1ecMWcXzBrv%2FJ9v7pPKxtEV2exzFAAchQySPWYMQyuh2vovDNQZY2wnGuRCjDnla1s6fqvDuXuMx%2BbrTfLNOm2Jo7QH9qjRqcdfjKsWGO6bqP%2FTfTkoL0%3D&source_type=list"",""biUrls"":{""list"":""https://www.encuentra24.com/clickhouse_mvp.php/lists?t=A6tRhZ1kQIRSNpmFobmfOI2%2Fb4yYlKuNTh5wlY5%2F8tRTxJLgczKZVw9HMmf9dMOMYtMrdX6%2BycWeNsxMbJDqxQ%2Fgycp%2FfbDPfEA0uwQBggzaT1NflUX4Og1ecMWcXzBrv%2FJ9v7pPKxtEV2exzFAAchQySPWYMQyuh2vovDNQZY2wnGuRCjDnla1s6fqvDuXuMx%2BbrTfLNOm2Jo7QH9qjRqcdfjKsWGO6bqP%2FTfTkoL0%3D&source_type=list"",""visits"":""https://www.encuentra24.com/clickhouse_mvp.php/visits?t=A6tRhZ1kQIRSNpmFobmfOI2%2Fb4yYlKuNTh5wlY5%2F8tRTxJLgczKZVw9HMmf9dMOMYtMrdX6%2BycWeNsxMbJDqxQ%2Fgycp%2FfbDPfEA0uwQBggzaT1NflUX4Og1ecMWcXzBrv%2FJ9v7pPKxtEV2exzFAAchQySPWYMQyuh2vovDNQZY2wnGuRCjDnla1s6fqvDuXuMx%2BbrTfLNOm2Jo7QH9qjRqcdfjKsWGO6bqP%2FTfTkoL0%3D"",""favorites"":""https://www.encuentra24.com/clickhouse_mvp.php/favorites?t=A6tRhZ1kQIRSNpmFobmfOI2%2Fb4yYlKuNTh5wlY5%2F8tRTxJLgczKZVw9HMmf9dMOMYtMrdX6%2BycWeNsxMbJDqxQ%2Fgycp%2FfbDPfEA0uwQBggzaT1NflUX4Og1ecMWcXzBrv%2FJ9v7pPKxtEV2exzFAAchQySPWYMQyuh2vovDNQZY2wnGuRCjDnla1s6fqvDuXuMx%2BbrTfLNOm2Jo7QH9qjRlfqdjRzGUialRkN7cyWtPf2eli7J9wiYWxyhgblavB58aWWdiQfWkT9s3qBZiHeEw%3D%3D&favorite=1""},""dateCreated"":""$D2026-05-16T17:22:49.000Z"",""dateUpdated"":""$D2026-05-16T17:40:48.000Z"",""description"":""Exclusivo apartamento en venta en Altamira Gardens, ideal para quienes buscan comodidad y modernidad. Cuenta con 3 amplias recámaras, 2 baños completos y una elegante cocina abierta que se integra perfectamente con la sala y el comedor, brindando mayor amplitud e iluminación natural. Ubicado en una excelente zona residencial, con espacios funcionales."",""featured"":null,""fieldset"":""property"",""funding"":{""enabled"":false,""type"":""externalurl"",""url"":false},""id"":""32437986"",""images"":[""https://photos.encuentra24.com/t_or_fh_m/f_auto/v1/pa/32/43/79/86/32437986_4d5f747"",""https://photos.encuentra24.com/t_or_fh_m/f_auto/v1/pa/32/43/79/86/32437986_3b8029a"",""https://photos.encuentra24.com/t_or_fh_m/f_auto/v1/pa/32/43/79/86/32437986_4e713ab"",""https://photos.encuentra24.com/t_or_fh_m/f_auto/v1/pa/32/43/79/86/32437986_61552ef"",""https://photos.encuentra24.com/t_or_fh_m/f_auto/v1/pa/32/43/79/86/32437986_3b8029a"",""https://photos.encuentra24.com/t_or_fh_m/f_auto/v1/pa/32/43/79/86/32437986_e6a16d7"",""https://photos.encuentra24.com/t_or_fh_m/f_auto/v1/pa/32/43/79/86/32437986_f0f2257"",""https://photos.encuentra24.com/t_or_fh_m/f_auto/v1/pa/32/43/79/86/32437986_265c862"",""https://photos.encuentra24.com/t_or_fh_m/f_auto/v1/pa/32/43/79/86/32437986_6984c86"",""https://photos.encuentra24.com/t_or_fh_m/f_auto/v1/pa/32/43/79/86/32437986_cd16124"",""https://photos.encuentra24.com/t_or_fh_m/f_auto/v1/pa/32/43/79/86/32437986_211369f"",""https://photos.encuentra24.com/t_or_fh_m/f_auto/v1/pa/32/43/79/86/32437986_07ee266"",""https://photos.encuentra24.com/t_or_fh_m/f_auto/v1/pa/32/43/79/86/32437986_cd9b9fc"",""https://photos.encuentra24.com/t_or_fh_m/f_auto/v1/pa/32/43/79/86/32437986_e4c7ce3"",""https://photos.encuentra24.com/t_or_fh_m/f_auto/v1/pa/32/43/79/86/32437986_144eee6"",""https://photos.encuentra24.com/t_or_fh_m/f_auto/v1/pa/32/43/79/86/32437986_f16393f""],""link"":""/panama-es/bienes-raices-venta-de-propiedades-apartamentos/venta-de-apartamento-en-altos-de-panama-25lbr8164/32437986"",""location"":{""address"":""TownCenter Costa Del Este, Torre las Perlas, nivel 6 Oficina 6141, Panamá"",""locality"":""Altos de Panamá"",""city"":""San Miguelito"",""lat"":0,""lon"":0,""zoom"":0},""mainCategory"":""Bienes Raíces"",""maintenanceCost"":""$undefined"",""price"":{""currency"":{""countryISO"":""es-PA"",""symbol"":""PAB""},""discount"":{""value"":null,""formatted"":""""},""amount"":{""value"":139500,""formatted"":""""},""amountFull"":{""value"":null,""formatted"":""""}},""price_value"":139500,""price_symbol"":""$$"",""price_discount"":null,""principalImage"":""https://photos.encuentra24.com/t_or_fh_m/f_auto/v1/pa/32/43/79/86/32437986_4d5f747"",""principalVideo"":"""",""rent"":""$undefined"",""showCall"":true,""showWhatsapp"":true,""title"":""Venta de Apartamento en Altos de Panama,25LBR8164"",""active"":true,""user"":{""id"":""2463142"",""name"":""Rent A House Panama VIP 10"",""verified"":false,""avatar"":""https://photos.encuentra24.com/t_user_logo/v1/users/logo/24/63/14/2463142_f330a4"",""contact"":{""whatsapp"":""+267=9AAE@EEAHJ"",""phone1"":{""isMobile"":true,""number"":""+*>?EAIIMHMMIPR""},""phone2"":{""isMobile"":true,""number"":""(056<8@@D?DD@GI""},""company"":""Rent A House VIP 10"",""license"":""PJ1.100.15""}},""youtubeVideo"":"""",""reposted"":false,""hideMapMarker"":"""",""subCategoryType"":""Apartamento"",""square"":""112"",""rooms"":""3"",""bathrooms"":""2"",""parking"":""2"",""regionName"":""Altos de Panamá"",""propertyPrice"":""139500"",""lotSize"":""112"",""exactAddress"":""Altos de Panama"",""pricePerM2Total"":{""amount"":{""value"":1245.5357142857142,""formatted"":""""}},""pricePerM2Square"":{""amount"":{""value"":1245.5357142857142,""formatted"":""""}},""units"":""$undefined"",""benefits"":[""Parking bajo techo"",""Parking de visitas"",""Seguridad 24 Horas"",""2 o más elevadores"",""Lavandería interna"",""Depósito"",""Salón de fiestas"",""Parque Infantil"",""Gimnasio"",""A/C"",""Calle sin salida"",""Sala y Comedor"",""Área Social"",""Lobby"",""Comedor de diario"",""Aire acondicionado"",""Calentador de agua""],""roomHeight"":null,""age"":""2017"",""stories"":""1"",""balcon"":""Balcón"",""swimmingPool"":true,""floorType"":""Porcelanato"",""floor"":null,""pdfPlan"":null,""status"":null,""hallmark"":{""text"":null,""color"":null},""projectStatus"":null,""projectModels"":{""square"":null,""rooms"":null,""bathrooms"":null,""price"":null},""known"":true}",
true,active,107387,32437896,alquila-y-vive-rodeado-de-naturaleza-en-altamira-gardens-sin-muebles,https://www.encuentra24.com/panama-es/bienes-raices-alquiler-apartamentos/alquila-y-vive-rodeado-de-naturaleza-en-altamira-gardens-sin-muebles/32437896,rental,apartamentos,Apartamento,ALQUILA Y VIVE RODEADO DE NATURALEZA EN ALTAMIRA GARDENS - SIN MUEBLES,,900,USD,,6,,,San Miguelito,Altos de Panamá,Altamira Gardens,,,,2,2,2,150,,150,,,,,,,,"[""https://photos.encuentra24.com/t_or_fh_l/f_auto/v1/pa/32/43/78/96/32437896_087bc8d"",""https://photos.encuentra24.com/t_or_fh_l/f_auto/v1/pa/32/43/78/96/32437896_c02a71a"",""https://photos.encuentra24.com/t_or_fh_l/f_auto/v1/pa/32/43/78/96/32437896_cd28b98"",""https://photos.encuentra24.com/t_or_fh_l/f_auto/v1/pa/32/43/78/96/32437896_93816bd"",""https://photos.encuentra24.com/t_or_fh_l/f_auto/v1/pa/32/43/78/96/32437896_fbed58f"",""https://photos.encuentra24.com/t_or_fh_l/f_auto/v1/pa/32/43/78/96/32437896_bca42bc"",""https://photos.encuentra24.com/t_or_fh_l/f_auto/v1/pa/32/43/78/96/32437896_2b85f6d"",""https://photos.encuentra24.com/t_or_fh_l/f_auto/v1/pa/32/43/78/96/32437896_0dffebf"",""https://photos.encuentra24.com/t_or_fh_l/f_auto/v1/pa/32/43/78/96/32437896_2c59d5c"",""https://photos.encuentra24.com/t_or_fh_l/f_auto/v1/pa/32/43/78/96/32437896_ebf26a8"",""https://photos.encuentra24.com/t_or_fh_l/f_auto/v1/pa/32/43/78/96/32437896_3dfd8db"",""https://photos.encuentra24.com/t_or_fh_l/f_auto/v1/pa/32/43/78/96/32437896_544f19a""]",12,false,false,,"Real Estate Panama,",Alma Alain,,false,gold,,,"[""Cerca de Escuela"",""Pet Friendly"",""Vista a las Montañas"",""Parking bajo techo"",""Parking de visitas"",""Seguridad 24 Horas"",""Salón de fiestas"",""Jardín o Parque"",""Gimnasio"",""A/C"",""Garaje techado"",""Área Social"",""Walk-In closet"",""Área de barbacoa"",""Elegante lobby"",""Dispensador de agua caliente instantáneo""]",2026-05-16T16:54:57.000Z,2026-05-16T17:04:42.638Z,2026-05-16T17:04:45.356Z,,2026-05-16T17:04:45.356Z,2026-05-16T17:04:45.356Z,true,1,,"{""allowContactByForm"":true,""biUrl"":""https://www.encuentra24.com/clickhouse_mvp.php/lists?t=A6tRhZ1kQIRSNpmFobmfOI2%2Fb4yYlKuNTh5wlY5%2F8tRTxJLgczKZVw9HMmf9dMOMYtMrdX6%2BycWeNsxMbJDqxQ%2Fgycp%2FfbDPfEA0uwQBggzaT1NflUX4Og1ecMWcXzBrv%2FJ9v7pPKxtEV2exzFAAchQySPWYMQyuh2vovDNQZY2ZDD7LaCdcBh2d9cTCjrgs%2F0qOi9X6JSpIG0ZrFia0VZVcAZZW9QECmveEGyPoxJc%3D&source_type=list"",""biUrls"":{""list"":""https://www.encuentra24.com/clickhouse_mvp.php/lists?t=A6tRhZ1kQIRSNpmFobmfOI2%2Fb4yYlKuNTh5wlY5%2F8tRTxJLgczKZVw9HMmf9dMOMYtMrdX6%2BycWeNsxMbJDqxQ%2Fgycp%2FfbDPfEA0uwQBggzaT1NflUX4Og1ecMWcXzBrv%2FJ9v7pPKxtEV2exzFAAchQySPWYMQyuh2vovDNQZY2ZDD7LaCdcBh2d9cTCjrgs%2F0qOi9X6JSpIG0ZrFia0VZVcAZZW9QECmveEGyPoxJc%3D&source_type=list"",""visits"":""https://www.encuentra24.com/clickhouse_mvp.php/visits?t=A6tRhZ1kQIRSNpmFobmfOI2%2Fb4yYlKuNTh5wlY5%2F8tRTxJLgczKZVw9HMmf9dMOMYtMrdX6%2BycWeNsxMbJDqxQ%2Fgycp%2FfbDPfEA0uwQBggzaT1NflUX4Og1ecMWcXzBrv%2FJ9v7pPKxtEV2exzFAAchQySPWYMQyuh2vovDNQZY2ZDD7LaCdcBh2d9cTCjrgs%2F0qOi9X6JSpIG0ZrFia0VZVcAZZW9QECmveEGyPoxJc%3D"",""favorites"":""https://www.encuentra24.com/clickhouse_mvp.php/favorites?t=A6tRhZ1kQIRSNpmFobmfOI2%2Fb4yYlKuNTh5wlY5%2F8tRTxJLgczKZVw9HMmf9dMOMYtMrdX6%2BycWeNsxMbJDqxQ%2Fgycp%2FfbDPfEA0uwQBggzaT1NflUX4Og1ecMWcXzBrv%2FJ9v7pPKxtEV2exzFAAchQySPWYMQyuh2vovDNQZY2ZDD7LaCdcBh2d9cTCjrgs%2F0qOi9X6JSpIG0ZrFia0VRh5p4l3LUI0mzsfxoPfpUu%2BKLqGfD%2FTuRrvsI6ON7O%2Bx9kZ%2F0EuzYD3HvFlH4t94A%3D%3D&favorite=1""},""dateCreated"":""$D2026-05-16T16:54:57.000Z"",""dateUpdated"":""$D2026-05-16T17:01:28.000Z"",""description"":""$1c"",""featured"":""gold"",""fieldset"":""rent"",""funding"":{""enabled"":false,""type"":""externalurl"",""url"":false},""id"":""32437896"",""images"":[""https://photos.encuentra24.com/t_or_fh_m/f_auto/v1/pa/32/43/78/96/32437896_087bc8d"",""https://photos.encuentra24.com/t_or_fh_m/f_auto/v1/pa/32/43/78/96/32437896_c02a71a"",""https://photos.encuentra24.com/t_or_fh_m/f_auto/v1/pa/32/43/78/96/32437896_cd28b98"",""https://photos.encuentra24.com/t_or_fh_m/f_auto/v1/pa/32/43/78/96/32437896_93816bd"",""https://photos.encuentra24.com/t_or_fh_m/f_auto/v1/pa/32/43/78/96/32437896_fbed58f"",""https://photos.encuentra24.com/t_or_fh_m/f_auto/v1/pa/32/43/78/96/32437896_bca42bc"",""https://photos.encuentra24.com/t_or_fh_m/f_auto/v1/pa/32/43/78/96/32437896_2b85f6d"",""https://photos.encuentra24.com/t_or_fh_m/f_auto/v1/pa/32/43/78/96/32437896_0dffebf"",""https://photos.encuentra24.com/t_or_fh_m/f_auto/v1/pa/32/43/78/96/32437896_2c59d5c"",""https://photos.encuentra24.com/t_or_fh_m/f_auto/v1/pa/32/43/78/96/32437896_ebf26a8"",""https://photos.encuentra24.com/t_or_fh_m/f_auto/v1/pa/32/43/78/96/32437896_3dfd8db"",""https://photos.encuentra24.com/t_or_fh_m/f_auto/v1/pa/32/43/78/96/32437896_544f19a""],""link"":""/panama-es/bienes-raices-alquiler-apartamentos/alquila-y-vive-rodeado-de-naturaleza-en-altamira-gardens-sin-muebles/32437896"",""location"":{""address"":""San Francisco, Real Estate Panama, Venta y Alquiler Casas - Locales Oficinas en Torre Oceania- Terrenos Apartamentos y Fincas"",""locality"":""Altos de Panamá"",""city"":""San Miguelito"",""lat"":0,""lon"":0,""zoom"":0},""mainCategory"":""Bienes Raíces"",""maintenanceCost"":""$undefined"",""price"":""$undefined"",""price_value"":900,""price_symbol"":""$$"",""price_discount"":null,""principalImage"":""https://photos.encuentra24.com/t_or_fh_m/f_auto/v1/pa/32/43/78/96/32437896_087bc8d"",""principalVideo"":"""",""rent"":{""currency"":{""countryISO"":""es-PA"",""symbol"":""PAB""},""discount"":{""value"":null,""formatted"":""""},""amount"":{""value"":900,""formatted"":""""},""amountFull"":{""value"":null,""formatted"":""""}},""showCall"":true,""showWhatsapp"":true,""title"":""ALQUILA Y VIVE RODEADO DE NATURALEZA EN ALTAMIRA GARDENS - SIN MUEBLES"",""active"":true,""user"":{""id"":""1223657"",""name"":""Alma Alain"",""verified"":false,""avatar"":""https://photos.encuentra24.com/t_user_logo/v1/users/logo/12/23/65/1223657_227c13"",""contact"":{""whatsapp"":""(.78>:BBFF@HHBE"",""phone1"":{""isMobile"":true,""number"":""'+9:@<DDHHBJJDG""},""phone2"":{""isMobile"":true,""number"":"")+;<B>FFJJDLLFI""},""company"":""Real Estate Panama,"",""license"":""PN4104""}},""youtubeVideo"":"""",""reposted"":false,""hideMapMarker"":"""",""subCategoryType"":""Apartamento"",""square"":""150"",""rooms"":""2"",""bathrooms"":""2"",""parking"":""2"",""regionName"":""Altos de Panamá"",""propertyPrice"":null,""lotSize"":null,""exactAddress"":""Altamira Gardens"",""pricePerM2Total"":""$undefined"",""pricePerM2Square"":{""amount"":{""value"":6,""formatted"":""""}},""units"":""$undefined"",""benefits"":[""Cerca de Escuela"",""Pet Friendly"",""Vista a las Montañas"",""Parking bajo techo"",""Parking de visitas"",""Seguridad 24 Horas"",""Salón de fiestas"",""Jardín o Parque"",""Gimnasio"",""A/C"",""Garaje techado"",""Área Social"",""Walk-In closet"",""Área de barbacoa"",""Elegante lobby"",""Dispensador de agua caliente instantáneo""],""roomHeight"":null,""age"":null,""stories"":null,""balcon"":""Terraza"",""swimmingPool"":true,""floorType"":null,""floor"":null,""pdfPlan"":null,""status"":null,""hallmark"":{""text"":null,""color"":null},""projectStatus"":null,""projectModels"":{""square"":null,""rooms"":null,""bathrooms"":null,""price"":null},""known"":true}",
true,active,107036,32434557,apartamento-en-venta-en-ancon-ph-altamira-gardens,https://www.encuentra24.com/panama-es/bienes-raices-venta-de-propiedades-apartamentos/apartamento-en-venta-en-ancon-ph-altamira-gardens/32434557,sale,apartamentos,Apartamento,Apartamento en Venta en Ancón - PH Altamira Gardens,,199900,USD,,1175.8823529411766,,,Ciudad de Panamá,Ancón,Ancón,,,,4,4,2,170,,170,2011,,,,,,,"[""https://photos.encuentra24.com/t_or_fh_l/f_auto/v1/pa/32/43/45/57/32434557_eab49d9ff6012357a878bde35bb0fc5e-d5ed4e6"",""https://photos.encuentra24.com/t_or_fh_l/f_auto/v1/pa/32/43/45/57/32434557_eab49d9ff6012357a878bde35bb0fc5e-ff63d93"",""https://photos.encuentra24.com/t_or_fh_l/f_auto/v1/pa/32/43/45/57/32434557_eab49d9ff6012357a878bde35bb0fc5e-cb9796c"",""https://photos.encuentra24.com/t_or_fh_l/f_auto/v1/pa/32/43/45/57/32434557_eab49d9ff6012357a878bde35bb0fc5e-972cef8"",""https://photos.encuentra24.com/t_or_fh_l/f_auto/v1/pa/32/43/45/57/32434557_eab49d9ff6012357a878bde35bb0fc5e-62be1e9"",""https://photos.encuentra24.com/t_or_fh_l/f_auto/v1/pa/32/43/45/57/32434557_143e4bd"",""https://photos.encuentra24.com/t_or_fh_l/f_auto/v1/pa/32/43/45/57/32434557_eab49d9ff6012357a878bde35bb0fc5e-6433fde"",""https://photos.encuentra24.com/t_or_fh_l/f_auto/v1/pa/32/43/45/57/32434557_eab49d9ff6012357a878bde35bb0fc5e-77043b1"",""https://photos.encuentra24.com/t_or_fh_l/f_auto/v1/pa/32/43/45/57/32434557_230ed6e"",""https://photos.encuentra24.com/t_or_fh_l/f_auto/v1/pa/32/43/45/57/32434557_eab49d9ff6012357a878bde35bb0fc5e-811104c"",""https://photos.encuentra24.com/t_or_fh_l/f_auto/v1/pa/32/43/45/57/32434557_eab49d9ff6012357a878bde35bb0fc5e-1842f71"",""https://photos.encuentra24.com/t_or_fh_l/f_auto/v1/pa/32/43/45/57/32434557_eab49d9ff6012357a878bde35bb0fc5e-07a292b"",""https://photos.encuentra24.com/t_or_fh_l/f_auto/v1/pa/32/43/45/57/32434557_eab49d9ff6012357a878bde35bb0fc5e-782344e"",""https://photos.encuentra24.com/t_or_fh_l/f_auto/v1/pa/32/43/45/57/32434557_eab49d9ff6012357a878bde35bb0fc5e-d46025b""]",14,false,false,,UNIVAL PROPERTIES,Eleanor Arcia Jurado,,false,basic,,,"[""Cerca del Tráfico"",""Vista a las Montañas"",""Parking de visitas"",""Seguridad 24 Horas"",""Salón de fiestas"",""A/C"",""Sala y Comedor"",""Área Social"",""Nevera"",""Microondas"",""Estufa"",""Lavadora"",""Secadora""]",2026-05-15T21:37:14.000Z,2026-05-15T22:01:30.611Z,2026-05-15T22:01:33.193Z,,2026-05-15T22:01:33.193Z,2026-05-15T22:01:33.193Z,true,1,,"{""allowContactByForm"":true,""biUrl"":""https://www.encuentra24.com/clickhouse_mvp.php/lists?t=A6tRhZ1kQIRSNpmFobmfOI2%2Fb4yYlKuNTh5wlY5%2F8tRTxJLgczKZVw9HMmf9dMOMYtMrdX6%2BycWeNsxMbJDqxQ%2Fgycp%2FfbDPfEA0uwQBggzaT1NflUX4Og1ecMWcXzBrv%2FJ9v7pPKxtEV2exzFAAchQySPWYMQyuh2vovDNQZY3dg4BQXnv5ylaIEOA7FAFW0C5tIYx9SC%2BWJmgZsg4hfb%2Bl89JYCJBZdWNXLSJTfyQ%3D&source_type=list"",""biUrls"":{""list"":""https://www.encuentra24.com/clickhouse_mvp.php/lists?t=A6tRhZ1kQIRSNpmFobmfOI2%2Fb4yYlKuNTh5wlY5%2F8tRTxJLgczKZVw9HMmf9dMOMYtMrdX6%2BycWeNsxMbJDqxQ%2Fgycp%2FfbDPfEA0uwQBggzaT1NflUX4Og1ecMWcXzBrv%2FJ9v7pPKxtEV2exzFAAchQySPWYMQyuh2vovDNQZY3dg4BQXnv5ylaIEOA7FAFW0C5tIYx9SC%2BWJmgZsg4hfb%2Bl89JYCJBZdWNXLSJTfyQ%3D&source_type=list"",""visits"":""https://www.encuentra24.com/clickhouse_mvp.php/visits?t=A6tRhZ1kQIRSNpmFobmfOI2%2Fb4yYlKuNTh5wlY5%2F8tRTxJLgczKZVw9HMmf9dMOMYtMrdX6%2BycWeNsxMbJDqxQ%2Fgycp%2FfbDPfEA0uwQBggzaT1NflUX4Og1ecMWcXzBrv%2FJ9v7pPKxtEV2exzFAAchQySPWYMQyuh2vovDNQZY3dg4BQXnv5ylaIEOA7FAFW0C5tIYx9SC%2BWJmgZsg4hfb%2Bl89JYCJBZdWNXLSJTfyQ%3D"",""favorites"":""https://www.encuentra24.com/clickhouse_mvp.php/favorites?t=A6tRhZ1kQIRSNpmFobmfOI2%2Fb4yYlKuNTh5wlY5%2F8tRTxJLgczKZVw9HMmf9dMOMYtMrdX6%2BycWeNsxMbJDqxQ%2Fgycp%2FfbDPfEA0uwQBggzaT1NflUX4Og1ecMWcXzBrv%2FJ9v7pPKxtEV2exzFAAchQySPWYMQyuh2vovDNQZY3dg4BQXnv5ylaIEOA7FAFW0C5tIYx9SC%2BWJmgZsg4hfZW9OLOU3u6NzoeLjcFwh3O3R5XfjcVqyIlKoMa6v2ZXlzV7bRHsR2H9YJQVAjHLEw%3D%3D&favorite=1""},""dateCreated"":""$D2026-05-15T21:37:14.000Z"",""dateUpdated"":""$D2026-05-15T21:59:05.000Z"",""description"":""$1c"",""featured"":null,""fieldset"":""property"",""funding"":{""enabled"":false,""type"":""externalurl"",""url"":false},""id"":""32434557"",""images"":[""https://photos.encuentra24.com/t_or_fh_m/f_auto/v1/pa/32/43/45/57/32434557_eab49d9ff6012357a878bde35bb0fc5e-d5ed4e6"",""https://photos.encuentra24.com/t_or_fh_m/f_auto/v1/pa/32/43/45/57/32434557_eab49d9ff6012357a878bde35bb0fc5e-ff63d93"",""https://photos.encuentra24.com/t_or_fh_m/f_auto/v1/pa/32/43/45/57/32434557_eab49d9ff6012357a878bde35bb0fc5e-cb9796c"",""https://photos.encuentra24.com/t_or_fh_m/f_auto/v1/pa/32/43/45/57/32434557_eab49d9ff6012357a878bde35bb0fc5e-972cef8"",""https://photos.encuentra24.com/t_or_fh_m/f_auto/v1/pa/32/43/45/57/32434557_eab49d9ff6012357a878bde35bb0fc5e-62be1e9"",""https://photos.encuentra24.com/t_or_fh_m/f_auto/v1/pa/32/43/45/57/32434557_143e4bd"",""https://photos.encuentra24.com/t_or_fh_m/f_auto/v1/pa/32/43/45/57/32434557_eab49d9ff6012357a878bde35bb0fc5e-6433fde"",""https://photos.encuentra24.com/t_or_fh_m/f_auto/v1/pa/32/43/45/57/32434557_eab49d9ff6012357a878bde35bb0fc5e-77043b1"",""https://photos.encuentra24.com/t_or_fh_m/f_auto/v1/pa/32/43/45/57/32434557_230ed6e"",""https://photos.encuentra24.com/t_or_fh_m/f_auto/v1/pa/32/43/45/57/32434557_eab49d9ff6012357a878bde35bb0fc5e-811104c"",""https://photos.encuentra24.com/t_or_fh_m/f_auto/v1/pa/32/43/45/57/32434557_eab49d9ff6012357a878bde35bb0fc5e-1842f71"",""https://photos.encuentra24.com/t_or_fh_m/f_auto/v1/pa/32/43/45/57/32434557_eab49d9ff6012357a878bde35bb0fc5e-07a292b"",""https://photos.encuentra24.com/t_or_fh_m/f_auto/v1/pa/32/43/45/57/32434557_eab49d9ff6012357a878bde35bb0fc5e-782344e"",""https://photos.encuentra24.com/t_or_fh_m/f_auto/v1/pa/32/43/45/57/32434557_eab49d9ff6012357a878bde35bb0fc5e-d46025b""],""link"":""/panama-es/bienes-raices-venta-de-propiedades-apartamentos/apartamento-en-venta-en-ancon-ph-altamira-gardens/32434557"",""location"":{""address"":""Costa del Este-PH Prime Time"",""locality"":""Ancón"",""city"":""Ciudad de Panamá"",""lat"":0,""lon"":0,""zoom"":0},""mainCategory"":""Bienes Raíces"",""maintenanceCost"":""$undefined"",""price"":{""currency"":{""countryISO"":""es-PA"",""symbol"":""PAB""},""discount"":{""value"":null,""formatted"":""""},""amount"":{""value"":199900,""formatted"":""""},""amountFull"":{""value"":null,""formatted"":""""}},""price_value"":199900,""price_symbol"":""$$"",""price_discount"":null,""principalImage"":""https://photos.encuentra24.com/t_or_fh_m/f_auto/v1/pa/32/43/45/57/32434557_eab49d9ff6012357a878bde35bb0fc5e-d5ed4e6"",""principalVideo"":"""",""rent"":""$undefined"",""showCall"":true,""showWhatsapp"":true,""title"":""Apartamento en Venta en Ancón - PH Altamira Gardens"",""active"":true,""user"":{""id"":""568299"",""name"":""Eleanor Arcia Jurado"",""verified"":false,""avatar"":""https://photos.encuentra24.com/t_user_logo/v1/users/logo/56/82/99/568299_104bb3"",""contact"":{""whatsapp"":""(056<8@@;B@FGHE"",""phone1"":{""isMobile"":true,""number"":""%+78>:BB=DBHIJG""},""phone2"":{""isMobile"":true,""number"":""-289?;CC?DAJIHE""},""company"":""UNIVAL PROPERTIES"",""license"":""PJ-1207""}},""youtubeVideo"":"""",""reposted"":false,""hideMapMarker"":"""",""subCategoryType"":""Apartamento"",""square"":""170"",""rooms"":""4"",""bathrooms"":""4"",""parking"":""2"",""regionName"":""Ancón"",""propertyPrice"":""199900"",""lotSize"":null,""exactAddress"":""Ancón"",""pricePerM2Total"":""$undefined"",""pricePerM2Square"":{""amount"":{""value"":1175.8823529411766,""formatted"":""""}},""units"":""$undefined"",""benefits"":[""Cerca del Tráfico"",""Vista a las Montañas"",""Parking de visitas"",""Seguridad 24 Horas"",""Salón de fiestas"",""A/C"",""Sala y Comedor"",""Área Social"",""Nevera"",""Microondas"",""Estufa"",""Lavadora"",""Secadora""],""roomHeight"":null,""age"":""2011"",""stories"":null,""balcon"":null,""swimmingPool"":true,""floorType"":null,""floor"":null,""pdfPlan"":null,""status"":null,""hallmark"":{""text"":null,""color"":null},""projectStatus"":null,""projectModels"":{""square"":null,""rooms"":null,""bathrooms"":null,""price"":null},""known"":true}",
true,active,106194,32430044,apartamento-en-centenial-ph-altamira-gardens,https://www.encuentra24.com/panama-es/bienes-raices-venta-de-propiedades-apartamentos/apartamento-en-centenial-ph-altamira-gardens/32430044,sale,apartamentos,Apartamento,Apartamento en Centenial Ph Altamira Gardens,"150m2

3 habitaciones cada una con su baño.

Sala comedor y cocina abierta

Balcón

2 estacionamientos Back to back

1 deposito

CBS

150,000",150000,USD,,1000,,,Ciudad de Panamá,Ancón,,,,,3,2.5,2,150,,150,,,,,,,,"[""https://photos.encuentra24.com/t_or_fh_l/f_auto/v1/pa/32/43/00/44/32430044_fa761c9"",""https://photos.encuentra24.com/t_or_fh_l/f_auto/v1/pa/32/43/00/44/32430044_a193230"",""https://photos.encuentra24.com/t_or_fh_l/f_auto/v1/pa/32/43/00/44/32430044_8dc4632"",""https://photos.encuentra24.com/t_or_fh_l/f_auto/v1/pa/32/43/00/44/32430044_506615b"",""https://photos.encuentra24.com/t_or_fh_l/f_auto/v1/pa/32/43/00/44/32430044_487d8d7"",""https://photos.encuentra24.com/t_or_fh_l/f_auto/v1/pa/32/43/00/44/32430044_dcf52fe"",""https://photos.encuentra24.com/t_or_fh_l/f_auto/v1/pa/32/43/00/44/32430044_f2c0cbd""]",7,false,false,,Jorge Chambonnet,Jorge Chambonnet,,true,basic,,,"[""Cerca de Escuela"",""Pet Friendly"",""Cerca del Tráfico"",""Vista a las Montañas"",""Parking bajo techo"",""Parking de visitas"",""Cuarto y baño de empleada"",""Seguridad 24 Horas"",""Lavandería interna"",""Depósito"",""Salón de fiestas"",""Parque Infantil"",""Gimnasio"",""Desayunador""]",2026-05-14T23:59:09.000Z,2026-05-15T01:01:19.481Z,2026-05-15T01:01:23.803Z,,2026-05-15T01:01:23.803Z,2026-05-15T01:01:23.803Z,true,1,,"{""allowContactByForm"":true,""biUrl"":""https://www.encuentra24.com/clickhouse_mvp.php/lists?t=A6tRhZ1kQIRSNpmFobmfOI2%2Fb4yYlKuNTh5wlY5%2F8tRTxJLgczKZVw9HMmf9dMOMYtMrdX6%2BycWeNsxMbJDqxQ%2Fgycp%2FfbDPfEA0uwQBggzaT1NflUX4Og1ecMWcXzBrv%2FJ9v7pPKxtEV2exzFAAchQySPWYMQyuh2vovDNQZY1oxo3sSruaiA9VQHKH3wEfOIM%2B3ATWFj2iryPW%2B2FMA4t3yBMdBBS5M5K4GjsP1mQ%3D&source_type=list"",""biUrls"":{""list"":""https://www.encuentra24.com/clickhouse_mvp.php/lists?t=A6tRhZ1kQIRSNpmFobmfOI2%2Fb4yYlKuNTh5wlY5%2F8tRTxJLgczKZVw9HMmf9dMOMYtMrdX6%2BycWeNsxMbJDqxQ%2Fgycp%2FfbDPfEA0uwQBggzaT1NflUX4Og1ecMWcXzBrv%2FJ9v7pPKxtEV2exzFAAchQySPWYMQyuh2vovDNQZY1oxo3sSruaiA9VQHKH3wEfOIM%2B3ATWFj2iryPW%2B2FMA4t3yBMdBBS5M5K4GjsP1mQ%3D&source_type=list"",""visits"":""https://www.encuentra24.com/clickhouse_mvp.php/visits?t=A6tRhZ1kQIRSNpmFobmfOI2%2Fb4yYlKuNTh5wlY5%2F8tRTxJLgczKZVw9HMmf9dMOMYtMrdX6%2BycWeNsxMbJDqxQ%2Fgycp%2FfbDPfEA0uwQBggzaT1NflUX4Og1ecMWcXzBrv%2FJ9v7pPKxtEV2exzFAAchQySPWYMQyuh2vovDNQZY1oxo3sSruaiA9VQHKH3wEfOIM%2B3ATWFj2iryPW%2B2FMA4t3yBMdBBS5M5K4GjsP1mQ%3D"",""favorites"":""https://www.encuentra24.com/clickhouse_mvp.php/favorites?t=A6tRhZ1kQIRSNpmFobmfOI2%2Fb4yYlKuNTh5wlY5%2F8tRTxJLgczKZVw9HMmf9dMOMYtMrdX6%2BycWeNsxMbJDqxQ%2Fgycp%2FfbDPfEA0uwQBggzaT1NflUX4Og1ecMWcXzBrv%2FJ9v7pPKxtEV2exzFAAchQySPWYMQyuh2vovDNQZY1oxo3sSruaiA9VQHKH3wEfOIM%2B3ATWFj2iryPW%2B2FMA187A4AJwktxtM0WZ2H7HG5MiJPhBrYCNtBG%2FTxLcxUkv7OMAAf3ypxSZGoD27ky2w%3D%3D&favorite=1""},""dateCreated"":""$D2026-05-14T23:59:09.000Z"",""dateUpdated"":""$D2026-05-15T00:00:07.000Z"",""description"":""150m2<br />\n3 habitaciones cada una con su baño.<br />\nSala comedor y cocina abierta<br />\nBalcón <br />\n2 estacionamientos Back to back<br />\n1 deposito<br />\nCBS<br />\n150,000"",""featured"":null,""fieldset"":""property"",""funding"":{""enabled"":false,""type"":""externalurl"",""url"":false},""id"":""32430044"",""images"":[""https://photos.encuentra24.com/t_or_fh_m/f_auto/v1/pa/32/43/00/44/32430044_fa761c9"",""https://photos.encuentra24.com/t_or_fh_m/f_auto/v1/pa/32/43/00/44/32430044_a193230"",""https://photos.encuentra24.com/t_or_fh_m/f_auto/v1/pa/32/43/00/44/32430044_8dc4632"",""https://photos.encuentra24.com/t_or_fh_m/f_auto/v1/pa/32/43/00/44/32430044_506615b"",""https://photos.encuentra24.com/t_or_fh_m/f_auto/v1/pa/32/43/00/44/32430044_487d8d7"",""https://photos.encuentra24.com/t_or_fh_m/f_auto/v1/pa/32/43/00/44/32430044_dcf52fe"",""https://photos.encuentra24.com/t_or_fh_m/f_auto/v1/pa/32/43/00/44/32430044_f2c0cbd""],""link"":""/panama-es/bienes-raices-venta-de-propiedades-apartamentos/apartamento-en-centenial-ph-altamira-gardens/32430044"",""location"":{""address"":"""",""locality"":""Ancón"",""city"":""Ciudad de Panamá"",""lat"":0,""lon"":0,""zoom"":0},""mainCategory"":""Bienes Raíces"",""maintenanceCost"":""$undefined"",""price"":{""currency"":{""countryISO"":""es-PA"",""symbol"":""PAB""},""discount"":{""value"":null,""formatted"":""""},""amount"":{""value"":150000,""formatted"":""""},""amountFull"":{""value"":null,""formatted"":""""}},""price_value"":150000,""price_symbol"":""$$"",""price_discount"":null,""principalImage"":""https://photos.encuentra24.com/t_or_fh_m/f_auto/v1/pa/32/43/00/44/32430044_fa761c9"",""principalVideo"":"""",""rent"":""$undefined"",""showCall"":true,""showWhatsapp"":true,""title"":""Apartamento en Centenial Ph Altamira Gardens"",""active"":true,""user"":{""id"":""94140"",""name"":""Jorge Chambonnet"",""verified"":true,""avatar"":""https://photos.encuentra24.com/t_user_logo/v1/users/logo/94/14/94140_e2c673"",""contact"":{""whatsapp"":""'045;7??:B<>FGA"",""phone1"":{""isMobile"":true,""number"":""&+89?;CC>F@BJKE""},""phone2"":{""isMobile"":false,""number"":""""},""company"":"""",""license"":""""}},""youtubeVideo"":"""",""reposted"":false,""hideMapMarker"":"""",""subCategoryType"":""Apartamento"",""square"":""150"",""rooms"":""3"",""bathrooms"":""2.5"",""parking"":""2"",""regionName"":""Ancón"",""propertyPrice"":""150000"",""lotSize"":null,""exactAddress"":null,""pricePerM2Total"":""$undefined"",""pricePerM2Square"":{""amount"":{""value"":1000,""formatted"":""""}},""units"":""$undefined"",""benefits"":[""Cerca de Escuela"",""Pet Friendly"",""Cerca del Tráfico"",""Vista a las Montañas"",""Parking bajo techo"",""Parking de visitas"",""Cuarto y baño de empleada"",""Seguridad 24 Horas"",""Lavandería interna"",""Depósito"",""Salón de fiestas"",""Parque Infantil"",""Gimnasio"",""Desayunador""],""roomHeight"":null,""age"":null,""stories"":null,""balcon"":null,""swimmingPool"":null,""floorType"":null,""floor"":null,""pdfPlan"":null,""status"":null,""hallmark"":{""text"":null,""color"":null},""projectStatus"":null,""projectModels"":{""square"":null,""rooms"":null,""bathrooms"":null,""price"":null},""known"":true}",
true,active,103949,32416920,mb25-8325-venta-de-apartamento-en-ancon-ph-altamira-gardens-solo-cliente-directo,https://www.encuentra24.com/panama-es/bienes-raices-venta-de-propiedades-apartamentos/mb25-8325-venta-de-apartamento-en-ancon-ph-altamira-gardens-solo-cliente-directo/32416920,sale,apartamentos,Apartamento,MB25-8325 Venta de Apartamento en Ancon Ph Altamira Gardens Solo Cliente Directo,"MB25-8325 Se vende apartamento en Altamira Gardens, posee 75m2 distribuidos en 2 recamaras, 2 baños, balcón, sala-comedor, 2 parking, maletero, P.H. cuenta con diversas áreas sociales para el disfrute en familia como; piscina, gimnasio, parque de niños, cancha, sala de juegos, seguridad 24/7. Contáctenos para mayor información.",115000,USD,,1533.3333333333333,1533.3333333333333,,Ciudad de Panamá,Ancón,Ancon,,,,2,2,2,75,,75,2015,,,Otro,2.2,150,,"[""https://photos.encuentra24.com/t_or_fh_l/f_auto/v1/pa/32/41/69/20/32416920_6086b7107349bddb5de4cd96f5ac06d1-95137f7"",""https://photos.encuentra24.com/t_or_fh_l/f_auto/v1/pa/32/41/69/20/32416920_6086b7107349bddb5de4cd96f5ac06d1-43f2e08"",""https://photos.encuentra24.com/t_or_fh_l/f_auto/v1/pa/32/41/69/20/32416920_6086b7107349bddb5de4cd96f5ac06d1-2355581"",""https://photos.encuentra24.com/t_or_fh_l/f_auto/v1/pa/32/41/69/20/32416920_6086b7107349bddb5de4cd96f5ac06d1-93639a4"",""https://photos.encuentra24.com/t_or_fh_l/f_auto/v1/pa/32/41/69/20/32416920_6086b7107349bddb5de4cd96f5ac06d1-70434c1"",""https://photos.encuentra24.com/t_or_fh_l/f_auto/v1/pa/32/41/69/20/32416920_6086b7107349bddb5de4cd96f5ac06d1-cca73aa"",""https://photos.encuentra24.com/t_or_fh_l/f_auto/v1/pa/32/41/69/20/32416920_6086b7107349bddb5de4cd96f5ac06d1-45dcef8"",""https://photos.encuentra24.com/t_or_fh_l/f_auto/v1/pa/32/41/69/20/32416920_6086b7107349bddb5de4cd96f5ac06d1-dbcd385"",""https://photos.encuentra24.com/t_or_fh_l/f_auto/v1/pa/32/41/69/20/32416920_6086b7107349bddb5de4cd96f5ac06d1-41eb46a"",""https://photos.encuentra24.com/t_or_fh_l/f_auto/v1/pa/32/41/69/20/32416920_6086b7107349bddb5de4cd96f5ac06d1-d8e9da2"",""https://photos.encuentra24.com/t_or_fh_l/f_auto/v1/pa/32/41/69/20/32416920_6086b7107349bddb5de4cd96f5ac06d1-a193400""]",11,false,false,,Dral Realty 2015 S.A,Rentahouse Panama City,,false,basic,,,"[""Seguridad 24 Horas"",""Parque Infantil"",""Gimnasio"",""A/C"",""A/C central"",""Área Social"",""Área de BBQ"",""Planta Eléctrica"",""Aire acondicionado"",""Amueblado"",""Nevera"",""Estufa"",""Lavadora"",""Secadora""]",2026-05-12T18:04:17.000Z,2026-05-12T19:01:27.374Z,2026-05-12T19:01:29.935Z,,2026-05-12T19:01:29.935Z,2026-05-12T19:01:29.935Z,true,1,,"{""allowContactByForm"":true,""biUrl"":""https://www.encuentra24.com/clickhouse_mvp.php/lists?t=A6tRhZ1kQIRSNpmFobmfOI2%2Fb4yYlKuNTh5wlY5%2F8tRTxJLgczKZVw9HMmf9dMOMYtMrdX6%2BycWeNsxMbJDqxQ%2Fgycp%2FfbDPfEA0uwQBggzaT1NflUX4Og1ecMWcXzBrv%2FJ9v7pPKxtEV2exzFAAciY6F8zfib%2Fljnph3YuCTGj9ZdoMXyhOKUyuuYL8%2BbZ5WDmsEd66Mjk8shbZd9okGNLC%2BBDhhl24TjXPa45MrtQ%3D&source_type=list"",""biUrls"":{""list"":""https://www.encuentra24.com/clickhouse_mvp.php/lists?t=A6tRhZ1kQIRSNpmFobmfOI2%2Fb4yYlKuNTh5wlY5%2F8tRTxJLgczKZVw9HMmf9dMOMYtMrdX6%2BycWeNsxMbJDqxQ%2Fgycp%2FfbDPfEA0uwQBggzaT1NflUX4Og1ecMWcXzBrv%2FJ9v7pPKxtEV2exzFAAciY6F8zfib%2Fljnph3YuCTGj9ZdoMXyhOKUyuuYL8%2BbZ5WDmsEd66Mjk8shbZd9okGNLC%2BBDhhl24TjXPa45MrtQ%3D&source_type=list"",""visits"":""https://www.encuentra24.com/clickhouse_mvp.php/visits?t=A6tRhZ1kQIRSNpmFobmfOI2%2Fb4yYlKuNTh5wlY5%2F8tRTxJLgczKZVw9HMmf9dMOMYtMrdX6%2BycWeNsxMbJDqxQ%2Fgycp%2FfbDPfEA0uwQBggzaT1NflUX4Og1ecMWcXzBrv%2FJ9v7pPKxtEV2exzFAAciY6F8zfib%2Fljnph3YuCTGj9ZdoMXyhOKUyuuYL8%2BbZ5WDmsEd66Mjk8shbZd9okGNLC%2BBDhhl24TjXPa45MrtQ%3D"",""favorites"":""https://www.encuentra24.com/clickhouse_mvp.php/favorites?t=A6tRhZ1kQIRSNpmFobmfOI2%2Fb4yYlKuNTh5wlY5%2F8tRTxJLgczKZVw9HMmf9dMOMYtMrdX6%2BycWeNsxMbJDqxQ%2Fgycp%2FfbDPfEA0uwQBggzaT1NflUX4Og1ecMWcXzBrv%2FJ9v7pPKxtEV2exzFAAciY6F8zfib%2Fljnph3YuCTGj9ZdoMXyhOKUyuuYL8%2BbZ5WDmsEd66Mjk8shbZd9okGOyI627PpeswXV%2Fx%2BaxlpgpEo3Y7UdFjnaXl5TYPmaq0uJTnb52ZxhrqMPKv39erGQ%3D%3D&favorite=1""},""dateCreated"":""$D2026-05-12T18:04:17.000Z"",""dateUpdated"":""$D2026-05-12T18:13:21.000Z"",""description"":""MB25-8325 Se vende apartamento en Altamira Gardens, posee 75m2 distribuidos en 2 recamaras, 2 baños, balcón, sala-comedor, 2 parking, maletero, P.H. cuenta con diversas áreas sociales para el disfrute en familia como; piscina, gimnasio, parque de niños, cancha, sala de juegos, seguridad 24/7. Contáctenos para mayor información."",""featured"":null,""fieldset"":""property"",""funding"":{""enabled"":false,""type"":""externalurl"",""url"":false},""id"":""32416920"",""images"":[""https://photos.encuentra24.com/t_or_fh_m/f_auto/v1/pa/32/41/69/20/32416920_6086b7107349bddb5de4cd96f5ac06d1-95137f7"",""https://photos.encuentra24.com/t_or_fh_m/f_auto/v1/pa/32/41/69/20/32416920_6086b7107349bddb5de4cd96f5ac06d1-43f2e08"",""https://photos.encuentra24.com/t_or_fh_m/f_auto/v1/pa/32/41/69/20/32416920_6086b7107349bddb5de4cd96f5ac06d1-2355581"",""https://photos.encuentra24.com/t_or_fh_m/f_auto/v1/pa/32/41/69/20/32416920_6086b7107349bddb5de4cd96f5ac06d1-93639a4"",""https://photos.encuentra24.com/t_or_fh_m/f_auto/v1/pa/32/41/69/20/32416920_6086b7107349bddb5de4cd96f5ac06d1-70434c1"",""https://photos.encuentra24.com/t_or_fh_m/f_auto/v1/pa/32/41/69/20/32416920_6086b7107349bddb5de4cd96f5ac06d1-cca73aa"",""https://photos.encuentra24.com/t_or_fh_m/f_auto/v1/pa/32/41/69/20/32416920_6086b7107349bddb5de4cd96f5ac06d1-45dcef8"",""https://photos.encuentra24.com/t_or_fh_m/f_auto/v1/pa/32/41/69/20/32416920_6086b7107349bddb5de4cd96f5ac06d1-dbcd385"",""https://photos.encuentra24.com/t_or_fh_m/f_auto/v1/pa/32/41/69/20/32416920_6086b7107349bddb5de4cd96f5ac06d1-41eb46a"",""https://photos.encuentra24.com/t_or_fh_m/f_auto/v1/pa/32/41/69/20/32416920_6086b7107349bddb5de4cd96f5ac06d1-d8e9da2"",""https://photos.encuentra24.com/t_or_fh_m/f_auto/v1/pa/32/41/69/20/32416920_6086b7107349bddb5de4cd96f5ac06d1-a193400""],""link"":""/panama-es/bienes-raices-venta-de-propiedades-apartamentos/mb25-8325-venta-de-apartamento-en-ancon-ph-altamira-gardens-solo-cliente-directo/32416920"",""location"":{""address"":""Rali business center, oficina 238"",""locality"":""Ancón"",""city"":""Ciudad de Panamá"",""lat"":0,""lon"":0,""zoom"":0},""mainCategory"":""Bienes Raíces"",""maintenanceCost"":{""currency"":{""countryISO"":""es-PA"",""symbol"":""PAB""},""discount"":{""value"":null,""formatted"":""""},""amount"":{""value"":150,""formatted"":""""},""amountFull"":{""value"":null,""formatted"":""""}},""price"":{""currency"":{""countryISO"":""es-PA"",""symbol"":""PAB""},""discount"":{""value"":null,""formatted"":""""},""amount"":{""value"":115000,""formatted"":""""},""amountFull"":{""value"":null,""formatted"":""""}},""price_value"":115000,""price_symbol"":""$$"",""price_discount"":null,""principalImage"":""https://photos.encuentra24.com/t_or_fh_m/f_auto/v1/pa/32/41/69/20/32416920_6086b7107349bddb5de4cd96f5ac06d1-95137f7"",""principalVideo"":"""",""rent"":""$undefined"",""showCall"":true,""showWhatsapp"":true,""title"":""MB25-8325 Venta de Apartamento en Ancon Ph Altamira Gardens Solo Cliente Directo"",""active"":true,""user"":{""id"":""17594092"",""name"":""Rentahouse Panama City"",""verified"":false,""avatar"":""https://photos.encuentra24.com/t_user_photo/v1/users/photo/17/59/40/92/17594092_d30e2a"",""contact"":{""whatsapp"":""))=>D@HHCEEKGMK"",""phone1"":{""isMobile"":true,""number"":""&):;A=EE@BBHDJH""},""phone2"":{""isMobile"":true,""number"":"")-9:@<DD?AAGCIG""},""company"":""Dral Realty 2015 S.A"",""license"":""PJ-1147-15""}},""youtubeVideo"":"""",""reposted"":false,""hideMapMarker"":"""",""subCategoryType"":""Apartamento"",""square"":""75"",""rooms"":""2"",""bathrooms"":""2"",""parking"":""2"",""regionName"":""Ancón"",""propertyPrice"":""115000"",""lotSize"":""75"",""exactAddress"":""Ancon"",""pricePerM2Total"":{""amount"":{""value"":1533.3333333333333,""formatted"":""""}},""pricePerM2Square"":{""amount"":{""value"":1533.3333333333333,""formatted"":""""}},""units"":""$undefined"",""benefits"":[""Seguridad 24 Horas"",""Parque Infantil"",""Gimnasio"",""A/C"",""A/C central"",""Área Social"",""Área de BBQ"",""Planta Eléctrica"",""Aire acondicionado"",""Amueblado"",""Nevera"",""Estufa"",""Lavadora"",""Secadora""],""roomHeight"":""2.2"",""age"":""2015"",""stories"":null,""balcon"":""Balcón"",""swimmingPool"":true,""floorType"":""Otro"",""floor"":null,""pdfPlan"":null,""status"":null,""hallmark"":{""text"":null,""color"":null},""projectStatus"":null,""projectModels"":{""square"":null,""rooms"":null,""bathrooms"":null,""price"":null},""known"":true}",
true,active,101690,32399132,se-vende-apartamento-via-centenario,https://www.encuentra24.com/panama-es/bienes-raices-venta-de-propiedades-apartamentos/se-vende-apartamento-via-centenario/32399132,sale,apartamentos,Apartamento,"Se vende Apartamento, Vía Centenario","Bien reposeído en venta en P.H Altamira Gardens, Torre G Apto. G0-606, Ancón Carretera Centenario",139500,USD,,1245.5357142857142,,,Ciudad de Panamá,Dorado Lake,,,,,3,2,1,112,,112,,,,,,,,"[""https://static.encuentra24.com/images/temp/img1.jpg""]",1,false,false,,Bac Credomatic,Bac Panamá,,false,basic,,,,2026-05-08T13:02:51.000Z,2026-05-10T08:02:34.461Z,2026-05-10T08:02:37.965Z,,2026-05-10T08:02:37.965Z,2026-05-10T08:02:37.965Z,true,1,,"{""allowContactByForm"":true,""biUrl"":""https://www.encuentra24.com/clickhouse_mvp.php/lists?t=A6tRhZ1kQIRSNpmFobmfOI2%2Fb4yYlKuNTh5wlY5%2F8tRTxJLgczKZVw9HMmf9dMOMYtMrdX6%2BycWeNsxMbJDqxQ%2Fgycp%2FfbDPfEA0uwQBggzaT1NflUX4Og1ecMWcXzBrv%2FJ9v7pPKxtEV2exzFAAclOR8Z2Pam%2FUi84LtiOgsQm9f5zsWxQfjqrizwaGYOLvu7tsg7LwIzZD%2FfEo8159gMrZTk672yI2rRFq6r4HkE4%3D&source_type=list"",""biUrls"":{""list"":""https://www.encuentra24.com/clickhouse_mvp.php/lists?t=A6tRhZ1kQIRSNpmFobmfOI2%2Fb4yYlKuNTh5wlY5%2F8tRTxJLgczKZVw9HMmf9dMOMYtMrdX6%2BycWeNsxMbJDqxQ%2Fgycp%2FfbDPfEA0uwQBggzaT1NflUX4Og1ecMWcXzBrv%2FJ9v7pPKxtEV2exzFAAclOR8Z2Pam%2FUi84LtiOgsQm9f5zsWxQfjqrizwaGYOLvu7tsg7LwIzZD%2FfEo8159gMrZTk672yI2rRFq6r4HkE4%3D&source_type=list"",""visits"":""https://www.encuentra24.com/clickhouse_mvp.php/visits?t=A6tRhZ1kQIRSNpmFobmfOI2%2Fb4yYlKuNTh5wlY5%2F8tRTxJLgczKZVw9HMmf9dMOMYtMrdX6%2BycWeNsxMbJDqxQ%2Fgycp%2FfbDPfEA0uwQBggzaT1NflUX4Og1ecMWcXzBrv%2FJ9v7pPKxtEV2exzFAAclOR8Z2Pam%2FUi84LtiOgsQm9f5zsWxQfjqrizwaGYOLvu7tsg7LwIzZD%2FfEo8159gMrZTk672yI2rRFq6r4HkE4%3D"",""favorites"":""https://www.encuentra24.com/clickhouse_mvp.php/favorites?t=A6tRhZ1kQIRSNpmFobmfOI2%2Fb4yYlKuNTh5wlY5%2F8tRTxJLgczKZVw9HMmf9dMOMYtMrdX6%2BycWeNsxMbJDqxQ%2Fgycp%2FfbDPfEA0uwQBggzaT1NflUX4Og1ecMWcXzBrv%2FJ9v7pPKxtEV2exzFAAclOR8Z2Pam%2FUi84LtiOgsQm9f5zsWxQfjqrizwaGYOLvu7tsg7LwIzZD%2FfEo8159gLDPdoDif5LJFoAM7wWOXBpmjYUa23ZydDaa4a6v%2Fo0Pp0ccxdq4KYcjBHQY%2BnOz2w%3D%3D&favorite=1""},""dateCreated"":""$D2026-05-08T13:02:51.000Z"",""dateUpdated"":""$D2026-05-08T13:03:54.000Z"",""description"":""Bien reposeído en venta en P.H Altamira Gardens, Torre G Apto. G0-606, Ancón Carretera Centenario"",""featured"":null,""fieldset"":""property"",""funding"":{""enabled"":false,""type"":""externalurl"",""url"":false},""id"":""32399132"",""images"":[""https://static.encuentra24.com/images/temp/img1.jpg""],""link"":""/panama-es/bienes-raices-venta-de-propiedades-apartamentos/se-vende-apartamento-via-centenario/32399132"",""location"":{""address"":"""",""locality"":""Dorado Lake"",""city"":""Ciudad de Panamá"",""lat"":0,""lon"":0,""zoom"":0},""mainCategory"":""Bienes Raíces"",""maintenanceCost"":""$undefined"",""price"":{""currency"":{""countryISO"":""es-PA"",""symbol"":""PAB""},""discount"":{""value"":null,""formatted"":""""},""amount"":{""value"":139500,""formatted"":""""},""amountFull"":{""value"":null,""formatted"":""""}},""price_value"":139500,""price_symbol"":""$$"",""price_discount"":null,""principalImage"":""https://static.encuentra24.com/images/temp/img1.jpg"",""principalVideo"":"""",""rent"":""$undefined"",""showCall"":true,""showWhatsapp"":true,""title"":""Se vende Apartamento, Vía Centenario"",""active"":true,""user"":{""id"":""465556"",""name"":""Bac Panamá"",""verified"":false,""avatar"":""https://photos.encuentra24.com/t_user_logo/v1/users/logo/46/55/56/465556_8226c1"",""contact"":{""whatsapp"":"",*?@FBJJEIGIIJR"",""phone1"":{""isMobile"":true,""number"":"",189?;CC>B@BBCK""},""phone2"":{""isMobile"":false,""number"":""""},""company"":""Bac Credomatic"",""license"":""""}},""youtubeVideo"":"""",""reposted"":false,""hideMapMarker"":"""",""subCategoryType"":""Apartamento"",""square"":""112"",""rooms"":""3"",""bathrooms"":""2"",""parking"":""1"",""regionName"":""Dorado Lake"",""propertyPrice"":""139500"",""lotSize"":null,""exactAddress"":null,""pricePerM2Total"":""$undefined"",""pricePerM2Square"":{""amount"":{""value"":1245.5357142857142,""formatted"":""""}},""units"":""$undefined"",""benefits"":[],""roomHeight"":null,""age"":null,""stories"":null,""balcon"":null,""swimmingPool"":null,""floorType"":null,""floor"":null,""pdfPlan"":null,""status"":null,""hallmark"":{""text"":null,""color"":null},""projectStatus"":null,""projectModels"":{""square"":null,""rooms"":null,""bathrooms"":null,""price"":null},""known"":true}",
true,active,100429,32398564,ancon-ph-altamira-gardens-75m-2-habitacion-1-parking-balcon,https://www.encuentra24.com/panama-es/bienes-raices-venta-de-propiedades-apartamentos/ancon-ph-altamira-gardens-75m-2-habitacion-1-parking-balcon/32398564,sale,apartamentos,Apartamento,ANCON / PH ALTAMIRA GARDENS / 75M / 2 HABITACIÓN / 1 PARKING / BALCON,"Se VENDE amplio y cómodo apartamento en Ancón, PH ALTAMIRA GARDENS, rodeado de naturaleza y cerca de todo.

Cuenta con:

 75 m2

 2 Habitaciones

 2 Baños

 1 Estacionamiento (doble fondo)

 Sala / Comedor

 Cocina

 Lavanderia

 Deposito

 Balcón

 Vista panoramica

 Se entrega Full Amoblado

Amenidades:

 Área social

 Piscina

 Terraza

 Gimnasio

 Seguridad 24 horas

 Estacionamientos de visitas

 Cerca de restaurantes, farmacias, supermercados, parques, entre otros.

Excelente temperatura, rodeada de vegetación, lugar tranquilo, libre de contaminación, lejos de ruido, cerca de centro comercial.

PRECIO DE VENTA: 140,000.00

Para mas información llame o escriba con gusto le atenderemos.

Galceb Group, Bienes Raíces",140000,USD,,1866.6666666666667,1866.6666666666667,,Ciudad de Panamá,Ancón,,,9.052817,-79.616521,2,2,1,75,,75,,,,Cerámica,,150,,"[""https://photos.encuentra24.com/t_or_fh_l/f_auto/v1/pa/32/39/85/64/32398564_3c28ba"",""https://photos.encuentra24.com/t_or_fh_l/f_auto/v1/pa/32/39/85/64/32398564_dbbe12"",""https://photos.encuentra24.com/t_or_fh_l/f_auto/v1/pa/32/39/85/64/32398564_fdef7d"",""https://photos.encuentra24.com/t_or_fh_l/f_auto/v1/pa/32/39/85/64/32398564_ff7ec9"",""https://photos.encuentra24.com/t_or_fh_l/f_auto/v1/pa/32/39/85/64/32398564_f72377"",""https://photos.encuentra24.com/t_or_fh_l/f_auto/v1/pa/32/39/85/64/32398564_8b6845"",""https://photos.encuentra24.com/t_or_fh_l/f_auto/v1/pa/32/39/85/64/32398564_4ab28b"",""https://photos.encuentra24.com/t_or_fh_l/f_auto/v1/pa/32/39/85/64/32398564_fc8c0b"",""https://photos.encuentra24.com/t_or_fh_l/f_auto/v1/pa/32/39/85/64/32398564_c1f6e7"",""https://photos.encuentra24.com/t_or_fh_l/f_auto/v1/pa/32/39/85/64/32398564_b79d88"",""https://photos.encuentra24.com/t_or_fh_l/f_auto/v1/pa/32/39/85/64/32398564_095830"",""https://photos.encuentra24.com/t_or_fh_l/f_auto/v1/pa/32/39/85/64/32398564_894269"",""https://photos.encuentra24.com/t_or_fh_l/f_auto/v1/pa/32/39/85/64/32398564_f4cb89"",""https://photos.encuentra24.com/t_or_fh_l/f_auto/v1/pa/32/39/85/64/32398564_16a8aa"",""https://photos.encuentra24.com/t_or_fh_l/f_auto/v1/pa/32/39/85/64/32398564_3584c0"",""https://photos.encuentra24.com/t_or_fh_l/f_auto/v1/pa/32/39/85/64/32398564_4b6354"",""https://photos.encuentra24.com/t_or_fh_l/f_auto/v1/pa/32/39/85/64/32398564_6258e9"",""https://photos.encuentra24.com/t_or_fh_l/f_auto/v1/pa/32/39/85/64/32398564_b9917d"",""https://photos.encuentra24.com/t_or_fh_l/f_auto/v1/pa/32/39/85/64/32398564_94c685"",""https://photos.encuentra24.com/t_or_fh_l/f_auto/v1/pa/32/39/85/64/32398564_7d5774""]",20,false,false,,GALCEB GROUP.,GALCEB GROUP.,,false,basic,,,"[""Cerca de Escuela"",""Parking de visitas"",""Seguridad 24 Horas"",""Lavandería interna"",""Jardín"",""Parque Infantil"",""Gimnasio"",""A/C"",""Garaje techado"",""Lobby""]",2026-05-08T06:07:25.000Z,2026-05-08T08:03:42.115Z,2026-05-08T08:04:20.366Z,,2026-05-08T08:04:20.366Z,2026-05-08T08:04:20.366Z,true,1,,"{""allowContactByForm"":true,""biUrl"":""https://www.encuentra24.com/clickhouse_mvp.php/lists?t=A6tRhZ1kQIRSNpmFobmfOI2%2Fb4yYlKuNTh5wlY5%2F8tRTxJLgczKZVw9HMmf9dMOMYtMrdX6%2BycWeNsxMbJDqxQ%2Fgycp%2FfbDPfEA0uwQBggzaT1NflUX4Og1ecMWcXzBrv%2FJ9v7pPKxtEV2exzFAAclOR8Z2Pam%2FUi84LtiOgsQnefxPVfX5lEaDGUo16ultYaldHrIw3bpIYmvczx0SQ%2Bn39Wm9R8WVHFXiGghfsb%2FE%3D&source_type=list"",""biUrls"":{""list"":""https://www.encuentra24.com/clickhouse_mvp.php/lists?t=A6tRhZ1kQIRSNpmFobmfOI2%2Fb4yYlKuNTh5wlY5%2F8tRTxJLgczKZVw9HMmf9dMOMYtMrdX6%2BycWeNsxMbJDqxQ%2Fgycp%2FfbDPfEA0uwQBggzaT1NflUX4Og1ecMWcXzBrv%2FJ9v7pPKxtEV2exzFAAclOR8Z2Pam%2FUi84LtiOgsQnefxPVfX5lEaDGUo16ultYaldHrIw3bpIYmvczx0SQ%2Bn39Wm9R8WVHFXiGghfsb%2FE%3D&source_type=list"",""visits"":""https://www.encuentra24.com/clickhouse_mvp.php/visits?t=A6tRhZ1kQIRSNpmFobmfOI2%2Fb4yYlKuNTh5wlY5%2F8tRTxJLgczKZVw9HMmf9dMOMYtMrdX6%2BycWeNsxMbJDqxQ%2Fgycp%2FfbDPfEA0uwQBggzaT1NflUX4Og1ecMWcXzBrv%2FJ9v7pPKxtEV2exzFAAclOR8Z2Pam%2FUi84LtiOgsQnefxPVfX5lEaDGUo16ultYaldHrIw3bpIYmvczx0SQ%2Bn39Wm9R8WVHFXiGghfsb%2FE%3D"",""favorites"":""https://www.encuentra24.com/clickhouse_mvp.php/favorites?t=A6tRhZ1kQIRSNpmFobmfOI2%2Fb4yYlKuNTh5wlY5%2F8tRTxJLgczKZVw9HMmf9dMOMYtMrdX6%2BycWeNsxMbJDqxQ%2Fgycp%2FfbDPfEA0uwQBggzaT1NflUX4Og1ecMWcXzBrv%2FJ9v7pPKxtEV2exzFAAclOR8Z2Pam%2FUi84LtiOgsQnefxPVfX5lEaDGUo16ultYaldHrIw3bpIYmvczx0SQ%2Bn0tIfFkB6M85JSIz0MSo%2BQnfwT%2BgIBnEXp0xpauTE%2F%2FcbKib7AP9dQZFDWBuDVONw%3D%3D&favorite=1""},""dateCreated"":""$D2026-05-08T06:07:25.000Z"",""dateUpdated"":""$D2026-05-08T06:16:44.000Z"",""description"":""Se VENDE amplio y cómodo apartamento en Ancón, PH ALTAMIRA GARDENS, rodeado de naturaleza y cerca de todo.<br />\n<br />\nCuenta con:<br />\n<br />\n<br />\n 75 m2<br />\n 2 Habitaciones<br />\n 2 Baños<br />\n 1 Estacionamiento (doble fondo)<br />\n Sala / Comedor<br />\n Cocina <br />\n Lavanderia<br />\n Deposito<br />\n Balcón<br />\n Vista panoramica<br />\n Se entrega Full Amoblado<br />\n<br />\n<br />\nAmenidades:<br />\n<br />\n<br />\n Área social<br />\n Piscina<br />\n Terraza<br />\n Gimnasio<br />\n Seguridad 24 horas <br />\n Estacionamientos de visitas<br />\n Cerca de restaurantes, farmacias, supermercados, parques, entre otros.<br />\n<br />\n<br />\nExcelente temperatura, rodeada de vegetación, lugar tranquilo, libre de contaminación, lejos de ruido, cerca de centro comercial.<br />\n<br />\nPRECIO DE VENTA: 140,000.00<br />\n<br />\nPara mas información llame o escriba con gusto le atenderemos.<br />\n<br />\nGalceb Group, Bienes Raíces"",""featured"":null,""fieldset"":""property"",""funding"":{""enabled"":false,""type"":""externalurl"",""url"":false},""id"":""32398564"",""images"":[""https://photos.encuentra24.com/t_or_fh_m/f_auto/v1/pa/32/39/85/64/32398564_3c28ba"",""https://photos.encuentra24.com/t_or_fh_m/f_auto/v1/pa/32/39/85/64/32398564_dbbe12"",""https://photos.encuentra24.com/t_or_fh_m/f_auto/v1/pa/32/39/85/64/32398564_fdef7d"",""https://photos.encuentra24.com/t_or_fh_m/f_auto/v1/pa/32/39/85/64/32398564_ff7ec9"",""https://photos.encuentra24.com/t_or_fh_m/f_auto/v1/pa/32/39/85/64/32398564_f72377"",""https://photos.encuentra24.com/t_or_fh_m/f_auto/v1/pa/32/39/85/64/32398564_8b6845"",""https://photos.encuentra24.com/t_or_fh_m/f_auto/v1/pa/32/39/85/64/32398564_4ab28b"",""https://photos.encuentra24.com/t_or_fh_m/f_auto/v1/pa/32/39/85/64/32398564_fc8c0b"",""https://photos.encuentra24.com/t_or_fh_m/f_auto/v1/pa/32/39/85/64/32398564_c1f6e7"",""https://photos.encuentra24.com/t_or_fh_m/f_auto/v1/pa/32/39/85/64/32398564_b79d88"",""https://photos.encuentra24.com/t_or_fh_m/f_auto/v1/pa/32/39/85/64/32398564_095830"",""https://photos.encuentra24.com/t_or_fh_m/f_auto/v1/pa/32/39/85/64/32398564_894269"",""https://photos.encuentra24.com/t_or_fh_m/f_auto/v1/pa/32/39/85/64/32398564_f4cb89"",""https://photos.encuentra24.com/t_or_fh_m/f_auto/v1/pa/32/39/85/64/32398564_16a8aa"",""https://photos.encuentra24.com/t_or_fh_m/f_auto/v1/pa/32/39/85/64/32398564_3584c0"",""https://photos.encuentra24.com/t_or_fh_m/f_auto/v1/pa/32/39/85/64/32398564_4b6354"",""https://photos.encuentra24.com/t_or_fh_m/f_auto/v1/pa/32/39/85/64/32398564_6258e9"",""https://photos.encuentra24.com/t_or_fh_m/f_auto/v1/pa/32/39/85/64/32398564_b9917d"",""https://photos.encuentra24.com/t_or_fh_m/f_auto/v1/pa/32/39/85/64/32398564_94c685"",""https://photos.encuentra24.com/t_or_fh_m/f_auto/v1/pa/32/39/85/64/32398564_7d5774""],""link"":""/panama-es/bienes-raices-venta-de-propiedades-apartamentos/ancon-ph-altamira-gardens-75m-2-habitacion-1-parking-balcon/32398564"",""location"":{""address"":""OBARRIO, Calle 54 este, PH TWIST TOWER, 20H / Coronado Mall."",""locality"":""Ancón"",""city"":""Ciudad de Panamá"",""lat"":9.052817,""lon"":-79.616521,""zoom"":14},""mainCategory"":""Bienes Raíces"",""maintenanceCost"":{""currency"":{""countryISO"":""es-PA"",""symbol"":""PAB""},""discount"":{""value"":null,""formatted"":""""},""amount"":{""value"":150,""formatted"":""""},""amountFull"":{""value"":null,""formatted"":""""}},""price"":{""currency"":{""countryISO"":""es-PA"",""symbol"":""PAB""},""discount"":{""value"":null,""formatted"":""""},""amount"":{""value"":140000,""formatted"":""""},""amountFull"":{""value"":null,""formatted"":""""}},""price_value"":140000,""price_symbol"":""$$"",""price_discount"":null,""principalImage"":""https://photos.encuentra24.com/t_or_fh_m/f_auto/v1/pa/32/39/85/64/32398564_3c28ba"",""principalVideo"":"""",""rent"":""$undefined"",""showCall"":true,""showWhatsapp"":true,""title"":""ANCON / PH ALTAMIRA GARDENS / 75M / 2 HABITACIÓN / 1 PARKING / BALCON"",""active"":true,""user"":{""id"":""992588"",""name"":""GALCEB GROUP."",""verified"":false,""avatar"":""https://photos.encuentra24.com/t_user_logo/v1/users/logo/99/25/88/992588_f92980"",""contact"":{""whatsapp"":""-0:;A=EECCFLIHN"",""phone1"":{""isMobile"":true,""number"":""*,;<B>FFDDGMJIO""},""phone2"":{""isMobile"":false,""number"":""#00173;=97=A@;""},""company"":""GALCEB GROUP."",""license"":""""}},""youtubeVideo"":"""",""reposted"":false,""hideMapMarker"":"""",""subCategoryType"":""Apartamento"",""square"":""75"",""rooms"":""2"",""bathrooms"":""2"",""parking"":""1"",""regionName"":""Ancón"",""propertyPrice"":""140000"",""lotSize"":""75"",""exactAddress"":null,""pricePerM2Total"":{""amount"":{""value"":1866.6666666666667,""formatted"":""""}},""pricePerM2Square"":{""amount"":{""value"":1866.6666666666667,""formatted"":""""}},""units"":""$undefined"",""benefits"":[""Cerca de Escuela"",""Parking de visitas"",""Seguridad 24 Horas"",""Lavandería interna"",""Jardín"",""Parque Infantil"",""Gimnasio"",""A/C"",""Garaje techado"",""Lobby""],""roomHeight"":null,""age"":null,""stories"":null,""balcon"":""Balcón"",""swimmingPool"":true,""floorType"":""Cerámica"",""floor"":null,""pdfPlan"":null,""status"":null,""hallmark"":{""text"":null,""color"":null},""projectStatus"":null,""projectModels"":{""square"":null,""rooms"":null,""bathrooms"":null,""price"":null},""known"":true}",
true,active,100430,32398563,se-vende-apartamento-en-ancon-ph-altamira-gardens-con-balcon,https://www.encuentra24.com/panama-es/bienes-raices-venta-de-propiedades-apartamentos/se-vende-apartamento-en-ancon-ph-altamira-gardens-con-balcon/32398563,sale,apartamentos,Apartamento,SE VENDE APARTAMENTO EN ANCON / PH ALTAMIRA GARDENS CON BALCON,"Se VENDE amplio y cómodo apartamento en Ancón, PH ALTAMIRA GARDENS, rodeado de naturaleza y cerca de todo.

Cuenta con:

 75 m2

 2 Habitaciones

 2 Baños

 1 Estacionamiento (doble fondo)

 Sala / Comedor

 Cocina

 Lavanderia

 Deposito

 Balcón

 Vista panoramica

 Se entrega Full Amoblado

Amenidades:

 Área social

 Piscina

 Terraza

 Gimnasio

 Seguridad 24 horas

 Estacionamientos de visitas

 Cerca de restaurantes, farmacias, supermercados, parques, entre otros.

Excelente temperatura, rodeada de vegetación, lugar tranquilo, libre de contaminación, lejos de ruido, cerca de centro comercial.

PRECIO DE VENTA: 140,000.00

Para mas información llame o escriba con gusto le atenderemos.

Galceb Group, Bienes Raíces",140000,USD,,1866.6666666666667,1866.6666666666667,,Ciudad de Panamá,Ancón,,,9.052817,-79.616521,2,2,1,75,,75,,,,Cerámica,,150,,"[""https://photos.encuentra24.com/t_or_fh_l/f_auto/v1/pa/32/39/85/63/32398563_ac7715"",""https://photos.encuentra24.com/t_or_fh_l/f_auto/v1/pa/32/39/85/63/32398563_4e8dae"",""https://photos.encuentra24.com/t_or_fh_l/f_auto/v1/pa/32/39/85/63/32398563_e975b9"",""https://photos.encuentra24.com/t_or_fh_l/f_auto/v1/pa/32/39/85/63/32398563_0cacfa"",""https://photos.encuentra24.com/t_or_fh_l/f_auto/v1/pa/32/39/85/63/32398563_596563"",""https://photos.encuentra24.com/t_or_fh_l/f_auto/v1/pa/32/39/85/63/32398563_f074b9"",""https://photos.encuentra24.com/t_or_fh_l/f_auto/v1/pa/32/39/85/63/32398563_74f661"",""https://photos.encuentra24.com/t_or_fh_l/f_auto/v1/pa/32/39/85/63/32398563_74a627"",""https://photos.encuentra24.com/t_or_fh_l/f_auto/v1/pa/32/39/85/63/32398563_73e962"",""https://photos.encuentra24.com/t_or_fh_l/f_auto/v1/pa/32/39/85/63/32398563_e11f2f"",""https://photos.encuentra24.com/t_or_fh_l/f_auto/v1/pa/32/39/85/63/32398563_e6e6da"",""https://photos.encuentra24.com/t_or_fh_l/f_auto/v1/pa/32/39/85/63/32398563_8bf2ae"",""https://photos.encuentra24.com/t_or_fh_l/f_auto/v1/pa/32/39/85/63/32398563_50a9b1"",""https://photos.encuentra24.com/t_or_fh_l/f_auto/v1/pa/32/39/85/63/32398563_7585ac"",""https://photos.encuentra24.com/t_or_fh_l/f_auto/v1/pa/32/39/85/63/32398563_f40947"",""https://photos.encuentra24.com/t_or_fh_l/f_auto/v1/pa/32/39/85/63/32398563_393ffa"",""https://photos.encuentra24.com/t_or_fh_l/f_auto/v1/pa/32/39/85/63/32398563_6b3291"",""https://photos.encuentra24.com/t_or_fh_l/f_auto/v1/pa/32/39/85/63/32398563_378100"",""https://photos.encuentra24.com/t_or_fh_l/f_auto/v1/pa/32/39/85/63/32398563_078b39"",""https://photos.encuentra24.com/t_or_fh_l/f_auto/v1/pa/32/39/85/63/32398563_232d0f""]",20,false,false,,GALCEB GROUP.,GALCEB GROUP.,,false,basic,,,"[""Cerca de Escuela"",""Parking de visitas"",""Seguridad 24 Horas"",""Lavandería interna"",""Jardín"",""Parque Infantil"",""Gimnasio"",""A/C"",""Garaje techado"",""Lobby""]",2026-05-08T06:06:57.000Z,2026-05-08T08:03:42.115Z,2026-05-08T08:04:20.941Z,,2026-05-08T08:04:20.941Z,2026-05-08T08:04:20.941Z,true,1,,"{""allowContactByForm"":true,""biUrl"":""https://www.encuentra24.com/clickhouse_mvp.php/lists?t=A6tRhZ1kQIRSNpmFobmfOI2%2Fb4yYlKuNTh5wlY5%2F8tRTxJLgczKZVw9HMmf9dMOMYtMrdX6%2BycWeNsxMbJDqxQ%2Fgycp%2FfbDPfEA0uwQBggzaT1NflUX4Og1ecMWcXzBrv%2FJ9v7pPKxtEV2exzFAAclOR8Z2Pam%2FUi84LtiOgsQnKt%2B%2BYkVFNxCL8SwKkacmo49JP6EhF0EAsPb18dvcnNg5j6RU6omi5VareX8RzhL8%3D&source_type=list"",""biUrls"":{""list"":""https://www.encuentra24.com/clickhouse_mvp.php/lists?t=A6tRhZ1kQIRSNpmFobmfOI2%2Fb4yYlKuNTh5wlY5%2F8tRTxJLgczKZVw9HMmf9dMOMYtMrdX6%2BycWeNsxMbJDqxQ%2Fgycp%2FfbDPfEA0uwQBggzaT1NflUX4Og1ecMWcXzBrv%2FJ9v7pPKxtEV2exzFAAclOR8Z2Pam%2FUi84LtiOgsQnKt%2B%2BYkVFNxCL8SwKkacmo49JP6EhF0EAsPb18dvcnNg5j6RU6omi5VareX8RzhL8%3D&source_type=list"",""visits"":""https://www.encuentra24.com/clickhouse_mvp.php/visits?t=A6tRhZ1kQIRSNpmFobmfOI2%2Fb4yYlKuNTh5wlY5%2F8tRTxJLgczKZVw9HMmf9dMOMYtMrdX6%2BycWeNsxMbJDqxQ%2Fgycp%2FfbDPfEA0uwQBggzaT1NflUX4Og1ecMWcXzBrv%2FJ9v7pPKxtEV2exzFAAclOR8Z2Pam%2FUi84LtiOgsQnKt%2B%2BYkVFNxCL8SwKkacmo49JP6EhF0EAsPb18dvcnNg5j6RU6omi5VareX8RzhL8%3D"",""favorites"":""https://www.encuentra24.com/clickhouse_mvp.php/favorites?t=A6tRhZ1kQIRSNpmFobmfOI2%2Fb4yYlKuNTh5wlY5%2F8tRTxJLgczKZVw9HMmf9dMOMYtMrdX6%2BycWeNsxMbJDqxQ%2Fgycp%2FfbDPfEA0uwQBggzaT1NflUX4Og1ecMWcXzBrv%2FJ9v7pPKxtEV2exzFAAclOR8Z2Pam%2FUi84LtiOgsQnKt%2B%2BYkVFNxCL8SwKkacmo49JP6EhF0EAsPb18dvcnNpRZHIyYfc2z4qF0sikETwooQRpK052D1bFzIT8FooFVJtoyAlcwg7DUvdqfRuouag%3D%3D&favorite=1""},""dateCreated"":""$D2026-05-08T06:06:57.000Z"",""dateUpdated"":""$D2026-05-08T06:16:44.000Z"",""description"":""Se VENDE amplio y cómodo apartamento en Ancón, PH ALTAMIRA GARDENS, rodeado de naturaleza y cerca de todo.<br />\n<br />\nCuenta con:<br />\n<br />\n<br />\n 75 m2<br />\n 2 Habitaciones<br />\n 2 Baños<br />\n 1 Estacionamiento (doble fondo)<br />\n Sala / Comedor<br />\n Cocina <br />\n Lavanderia<br />\n Deposito<br />\n Balcón<br />\n Vista panoramica<br />\n Se entrega Full Amoblado<br />\n<br />\n<br />\nAmenidades:<br />\n<br />\n<br />\n Área social<br />\n Piscina<br />\n Terraza<br />\n Gimnasio<br />\n Seguridad 24 horas <br />\n Estacionamientos de visitas<br />\n Cerca de restaurantes, farmacias, supermercados, parques, entre otros.<br />\n<br />\n<br />\nExcelente temperatura, rodeada de vegetación, lugar tranquilo, libre de contaminación, lejos de ruido, cerca de centro comercial.<br />\n<br />\nPRECIO DE VENTA: 140,000.00<br />\n<br />\nPara mas información llame o escriba con gusto le atenderemos.<br />\n<br />\nGalceb Group, Bienes Raíces"",""featured"":null,""fieldset"":""property"",""funding"":{""enabled"":false,""type"":""externalurl"",""url"":false},""id"":""32398563"",""images"":[""https://photos.encuentra24.com/t_or_fh_m/f_auto/v1/pa/32/39/85/63/32398563_ac7715"",""https://photos.encuentra24.com/t_or_fh_m/f_auto/v1/pa/32/39/85/63/32398563_4e8dae"",""https://photos.encuentra24.com/t_or_fh_m/f_auto/v1/pa/32/39/85/63/32398563_e975b9"",""https://photos.encuentra24.com/t_or_fh_m/f_auto/v1/pa/32/39/85/63/32398563_0cacfa"",""https://photos.encuentra24.com/t_or_fh_m/f_auto/v1/pa/32/39/85/63/32398563_596563"",""https://photos.encuentra24.com/t_or_fh_m/f_auto/v1/pa/32/39/85/63/32398563_f074b9"",""https://photos.encuentra24.com/t_or_fh_m/f_auto/v1/pa/32/39/85/63/32398563_74f661"",""https://photos.encuentra24.com/t_or_fh_m/f_auto/v1/pa/32/39/85/63/32398563_74a627"",""https://photos.encuentra24.com/t_or_fh_m/f_auto/v1/pa/32/39/85/63/32398563_73e962"",""https://photos.encuentra24.com/t_or_fh_m/f_auto/v1/pa/32/39/85/63/32398563_e11f2f"",""https://photos.encuentra24.com/t_or_fh_m/f_auto/v1/pa/32/39/85/63/32398563_e6e6da"",""https://photos.encuentra24.com/t_or_fh_m/f_auto/v1/pa/32/39/85/63/32398563_8bf2ae"",""https://photos.encuentra24.com/t_or_fh_m/f_auto/v1/pa/32/39/85/63/32398563_50a9b1"",""https://photos.encuentra24.com/t_or_fh_m/f_auto/v1/pa/32/39/85/63/32398563_7585ac"",""https://photos.encuentra24.com/t_or_fh_m/f_auto/v1/pa/32/39/85/63/32398563_f40947"",""https://photos.encuentra24.com/t_or_fh_m/f_auto/v1/pa/32/39/85/63/32398563_393ffa"",""https://photos.encuentra24.com/t_or_fh_m/f_auto/v1/pa/32/39/85/63/32398563_6b3291"",""https://photos.encuentra24.com/t_or_fh_m/f_auto/v1/pa/32/39/85/63/32398563_378100"",""https://photos.encuentra24.com/t_or_fh_m/f_auto/v1/pa/32/39/85/63/32398563_078b39"",""https://photos.encuentra24.com/t_or_fh_m/f_auto/v1/pa/32/39/85/63/32398563_232d0f""],""link"":""/panama-es/bienes-raices-venta-de-propiedades-apartamentos/se-vende-apartamento-en-ancon-ph-altamira-gardens-con-balcon/32398563"",""location"":{""address"":""OBARRIO, Calle 54 este, PH TWIST TOWER, 20H / Coronado Mall."",""locality"":""Ancón"",""city"":""Ciudad de Panamá"",""lat"":9.052817,""lon"":-79.616521,""zoom"":14},""mainCategory"":""Bienes Raíces"",""maintenanceCost"":{""currency"":{""countryISO"":""es-PA"",""symbol"":""PAB""},""discount"":{""value"":null,""formatted"":""""},""amount"":{""value"":150,""formatted"":""""},""amountFull"":{""value"":null,""formatted"":""""}},""price"":{""currency"":{""countryISO"":""es-PA"",""symbol"":""PAB""},""discount"":{""value"":null,""formatted"":""""},""amount"":{""value"":140000,""formatted"":""""},""amountFull"":{""value"":null,""formatted"":""""}},""price_value"":140000,""price_symbol"":""$$"",""price_discount"":null,""principalImage"":""https://photos.encuentra24.com/t_or_fh_m/f_auto/v1/pa/32/39/85/63/32398563_ac7715"",""principalVideo"":"""",""rent"":""$undefined"",""showCall"":true,""showWhatsapp"":true,""title"":""SE VENDE APARTAMENTO EN ANCON / PH ALTAMIRA GARDENS CON BALCON"",""active"":true,""user"":{""id"":""992588"",""name"":""GALCEB GROUP."",""verified"":false,""avatar"":""https://photos.encuentra24.com/t_user_logo/v1/users/logo/99/25/88/992588_f92980"",""contact"":{""whatsapp"":""'-78>:BB@@CIFEK"",""phone1"":{""isMobile"":true,""number"":"")-9:@<DDBBEKHGM""},""phone2"":{""isMobile"":false,""number"":""+267=9AC?=CGFA""},""company"":""GALCEB GROUP."",""license"":""""}},""youtubeVideo"":"""",""reposted"":false,""hideMapMarker"":"""",""subCategoryType"":""Apartamento"",""square"":""75"",""rooms"":""2"",""bathrooms"":""2"",""parking"":""1"",""regionName"":""Ancón"",""propertyPrice"":""140000"",""lotSize"":""75"",""exactAddress"":null,""pricePerM2Total"":{""amount"":{""value"":1866.6666666666667,""formatted"":""""}},""pricePerM2Square"":{""amount"":{""value"":1866.6666666666667,""formatted"":""""}},""units"":""$undefined"",""benefits"":[""Cerca de Escuela"",""Parking de visitas"",""Seguridad 24 Horas"",""Lavandería interna"",""Jardín"",""Parque Infantil"",""Gimnasio"",""A/C"",""Garaje techado"",""Lobby""],""roomHeight"":null,""age"":null,""stories"":null,""balcon"":""Balcón"",""swimmingPool"":true,""floorType"":""Cerámica"",""floor"":null,""pdfPlan"":null,""status"":null,""hallmark"":{""text"":null,""color"":null},""projectStatus"":null,""projectModels"":{""square"":null,""rooms"":null,""bathrooms"":null,""price"":null},""known"":true}",
true,active,99683,32392840,ancon-ph-altamira-gardens-75m-2-habitacion-2-parking-piscina,https://www.encuentra24.com/panama-es/bienes-raices-venta-de-propiedades-apartamentos/ancon-ph-altamira-gardens-75m-2-habitacion-2-parking-piscina/32392840,sale,apartamentos,Apartamento,ANCON / PH ALTAMIRA GARDENS / 75M / 2 HABITACIÓN / 2 PARKING / PISCINA,"Se VENDE amplio y cómodo apartamento en Ancón, PH ALTAMIRA GARDENS, rodeado de naturaleza y cerca de todo.

Cuenta con:

 75 m2

 2 Habitaciones

 2 Baños

 2 Estacionamientos (doble fondo)

 Sala / Comedor

 Cocina

 Lavanderia

 Deposito

 Balcón

 Vista panoramica

Amenidades:

 Área social

 Piscina

 Terraza

 Gimnasio

 Seguridad 24 horas

 Estacionamientos de visitas

 Cerca de restaurantes, farmacias, supermercados, parques, entre otros.

Excelente temperatura, rodeada de vegetación, lugar tranquilo, libre de contaminación, lejos de ruido, cerca de centro comercial.

PRECIO DE VENTA: 115,000.00

Para mas información llame o escriba con gusto le atenderemos.

Galceb Group, Bienes Raíces",115000,USD,100000,1533.3333333333333,1533.3333333333333,,Ciudad de Panamá,Ancón,,,9.052817,-79.616521,2,2,2,75,,75,,,4,Cerámica,,150,,"[""https://photos.encuentra24.com/t_or_fh_l/f_auto/v1/pa/32/39/28/40/32392840_7ab80d"",""https://photos.encuentra24.com/t_or_fh_l/f_auto/v1/pa/32/39/28/40/32392840_ac5e6d"",""https://photos.encuentra24.com/t_or_fh_l/f_auto/v1/pa/32/39/28/40/32392840_67f948"",""https://photos.encuentra24.com/t_or_fh_l/f_auto/v1/pa/32/39/28/40/32392840_f58218"",""https://photos.encuentra24.com/t_or_fh_l/f_auto/v1/pa/32/39/28/40/32392840_27b3c8"",""https://photos.encuentra24.com/t_or_fh_l/f_auto/v1/pa/32/39/28/40/32392840_1516f6"",""https://photos.encuentra24.com/t_or_fh_l/f_auto/v1/pa/32/39/28/40/32392840_e5fba6"",""https://photos.encuentra24.com/t_or_fh_l/f_auto/v1/pa/32/39/28/40/32392840_bd0964"",""https://photos.encuentra24.com/t_or_fh_l/f_auto/v1/pa/32/39/28/40/32392840_6fa754"",""https://photos.encuentra24.com/t_or_fh_l/f_auto/v1/pa/32/39/28/40/32392840_384e29"",""https://photos.encuentra24.com/t_or_fh_l/f_auto/v1/pa/32/39/28/40/32392840_16082d"",""https://photos.encuentra24.com/t_or_fh_l/f_auto/v1/pa/32/39/28/40/32392840_fd3ca0"",""https://photos.encuentra24.com/t_or_fh_l/f_auto/v1/pa/32/39/28/40/32392840_6a9cb3"",""https://photos.encuentra24.com/t_or_fh_l/f_auto/v1/pa/32/39/28/40/32392840_7fa810"",""https://photos.encuentra24.com/t_or_fh_l/f_auto/v1/pa/32/39/28/40/32392840_b652d3"",""https://photos.encuentra24.com/t_or_fh_l/f_auto/v1/pa/32/39/28/40/32392840_ed813c"",""https://photos.encuentra24.com/t_or_fh_l/f_auto/v1/pa/32/39/28/40/32392840_f4e81e"",""https://photos.encuentra24.com/t_or_fh_l/f_auto/v1/pa/32/39/28/40/32392840_b22d1b"",""https://photos.encuentra24.com/t_or_fh_l/f_auto/v1/pa/32/39/28/40/32392840_f0fdaf"",""https://photos.encuentra24.com/t_or_fh_l/f_auto/v1/pa/32/39/28/40/32392840_86fd06""]",20,false,false,,GALCEB GROUP.,GALCEB GROUP.,,false,basic,,,"[""Cerca de Escuela"",""Parking de visitas"",""Seguridad 24 Horas"",""Lavandería interna"",""Jardín"",""Parque Infantil"",""Gimnasio"",""Garaje techado"",""Lobby""]",2026-05-07T06:20:15.000Z,2026-05-07T08:02:36.227Z,2026-05-17T08:07:05.751Z,,2026-05-17T08:07:05.751Z,2026-05-17T08:07:05.751Z,true,1,,"{""allowContactByForm"":true,""biUrl"":""https://www.encuentra24.com/clickhouse_mvp.php/lists?t=A6tRhZ1kQIRSNpmFobmfOI2%2Fb4yYlKuNTh5wlY5%2F8tRTxJLgczKZVw9HMmf9dMOMYtMrdX6%2BycWeNsxMbJDqxQ%2Fgycp%2FfbDPfEA0uwQBggzaT1NflUX4Og1ecMWcXzBrv%2FJ9v7pPKxtEV2exzFAAclOR8Z2Pam%2FUi84LtiOgsQnypVZksF4lqXH5PA4AYBHs17kQEcQ4yLDTwli8MmPHe%2BZBugHhOslNErveawyvmXI%3D&source_type=list"",""biUrls"":{""list"":""https://www.encuentra24.com/clickhouse_mvp.php/lists?t=A6tRhZ1kQIRSNpmFobmfOI2%2Fb4yYlKuNTh5wlY5%2F8tRTxJLgczKZVw9HMmf9dMOMYtMrdX6%2BycWeNsxMbJDqxQ%2Fgycp%2FfbDPfEA0uwQBggzaT1NflUX4Og1ecMWcXzBrv%2FJ9v7pPKxtEV2exzFAAclOR8Z2Pam%2FUi84LtiOgsQnypVZksF4lqXH5PA4AYBHs17kQEcQ4yLDTwli8MmPHe%2BZBugHhOslNErveawyvmXI%3D&source_type=list"",""visits"":""https://www.encuentra24.com/clickhouse_mvp.php/visits?t=A6tRhZ1kQIRSNpmFobmfOI2%2Fb4yYlKuNTh5wlY5%2F8tRTxJLgczKZVw9HMmf9dMOMYtMrdX6%2BycWeNsxMbJDqxQ%2Fgycp%2FfbDPfEA0uwQBggzaT1NflUX4Og1ecMWcXzBrv%2FJ9v7pPKxtEV2exzFAAclOR8Z2Pam%2FUi84LtiOgsQnypVZksF4lqXH5PA4AYBHs17kQEcQ4yLDTwli8MmPHe%2BZBugHhOslNErveawyvmXI%3D"",""favorites"":""https://www.encuentra24.com/clickhouse_mvp.php/favorites?t=A6tRhZ1kQIRSNpmFobmfOI2%2Fb4yYlKuNTh5wlY5%2F8tRTxJLgczKZVw9HMmf9dMOMYtMrdX6%2BycWeNsxMbJDqxQ%2Fgycp%2FfbDPfEA0uwQBggzaT1NflUX4Og1ecMWcXzBrv%2FJ9v7pPKxtEV2exzFAAclOR8Z2Pam%2FUi84LtiOgsQnypVZksF4lqXH5PA4AYBHs17kQEcQ4yLDTwli8MmPHe4r7ALsaT5WLEBXqyrE6B091CkAmQTdMLlLG2lhLeyyYU6NneaCCVoHPKSw8PyVxkw%3D%3D&favorite=1""},""dateCreated"":""$D2026-05-07T06:20:15.000Z"",""dateUpdated"":""$D2026-05-17T05:46:41.000Z"",""description"":""Se VENDE amplio y cómodo apartamento en Ancón, PH ALTAMIRA GARDENS, rodeado de naturaleza y cerca de todo.<br />\n<br />\nCuenta con:<br />\n<br />\n<br />\n 75 m2<br />\n 2 Habitaciones<br />\n 2 Baños<br />\n 2 Estacionamientos (doble fondo)<br />\n Sala / Comedor<br />\n Cocina <br />\n Lavanderia<br />\n Deposito<br />\n Balcón<br />\n Vista panoramica<br />\n<br />\n<br />\nAmenidades:<br />\n<br />\n<br />\n Área social<br />\n Piscina<br />\n Terraza<br />\n Gimnasio<br />\n Seguridad 24 horas <br />\n Estacionamientos de visitas<br />\n Cerca de restaurantes, farmacias, supermercados, parques, entre otros.<br />\n<br />\n<br />\nExcelente temperatura, rodeada de vegetación, lugar tranquilo, libre de contaminación, lejos de ruido, cerca de centro comercial.<br />\n<br />\nPRECIO DE VENTA: 115,000.00<br />\n<br />\nPara mas información llame o escriba con gusto le atenderemos.<br />\n<br />\nGalceb Group, Bienes Raíces"",""featured"":null,""fieldset"":""property"",""funding"":{""enabled"":false,""type"":""externalurl"",""url"":false},""id"":""32392840"",""images"":[""https://photos.encuentra24.com/t_or_fh_m/f_auto/v1/pa/32/39/28/40/32392840_7ab80d"",""https://photos.encuentra24.com/t_or_fh_m/f_auto/v1/pa/32/39/28/40/32392840_ac5e6d"",""https://photos.encuentra24.com/t_or_fh_m/f_auto/v1/pa/32/39/28/40/32392840_67f948"",""https://photos.encuentra24.com/t_or_fh_m/f_auto/v1/pa/32/39/28/40/32392840_f58218"",""https://photos.encuentra24.com/t_or_fh_m/f_auto/v1/pa/32/39/28/40/32392840_27b3c8"",""https://photos.encuentra24.com/t_or_fh_m/f_auto/v1/pa/32/39/28/40/32392840_1516f6"",""https://photos.encuentra24.com/t_or_fh_m/f_auto/v1/pa/32/39/28/40/32392840_e5fba6"",""https://photos.encuentra24.com/t_or_fh_m/f_auto/v1/pa/32/39/28/40/32392840_bd0964"",""https://photos.encuentra24.com/t_or_fh_m/f_auto/v1/pa/32/39/28/40/32392840_6fa754"",""https://photos.encuentra24.com/t_or_fh_m/f_auto/v1/pa/32/39/28/40/32392840_384e29"",""https://photos.encuentra24.com/t_or_fh_m/f_auto/v1/pa/32/39/28/40/32392840_16082d"",""https://photos.encuentra24.com/t_or_fh_m/f_auto/v1/pa/32/39/28/40/32392840_fd3ca0"",""https://photos.encuentra24.com/t_or_fh_m/f_auto/v1/pa/32/39/28/40/32392840_6a9cb3"",""https://photos.encuentra24.com/t_or_fh_m/f_auto/v1/pa/32/39/28/40/32392840_7fa810"",""https://photos.encuentra24.com/t_or_fh_m/f_auto/v1/pa/32/39/28/40/32392840_b652d3"",""https://photos.encuentra24.com/t_or_fh_m/f_auto/v1/pa/32/39/28/40/32392840_ed813c"",""https://photos.encuentra24.com/t_or_fh_m/f_auto/v1/pa/32/39/28/40/32392840_f4e81e"",""https://photos.encuentra24.com/t_or_fh_m/f_auto/v1/pa/32/39/28/40/32392840_b22d1b"",""https://photos.encuentra24.com/t_or_fh_m/f_auto/v1/pa/32/39/28/40/32392840_f0fdaf"",""https://photos.encuentra24.com/t_or_fh_m/f_auto/v1/pa/32/39/28/40/32392840_86fd06""],""link"":""/panama-es/bienes-raices-venta-de-propiedades-apartamentos/ancon-ph-altamira-gardens-75m-2-habitacion-2-parking-piscina/32392840"",""location"":{""address"":""OBARRIO, Calle 54 este, PH TWIST TOWER, 20H / Coronado Mall."",""locality"":""Ancón"",""city"":""Ciudad de Panamá"",""lat"":9.052817,""lon"":-79.616521,""zoom"":14},""mainCategory"":""Bienes Raíces"",""maintenanceCost"":{""currency"":{""countryISO"":""es-PA"",""symbol"":""PAB""},""discount"":{""value"":null,""formatted"":""""},""amount"":{""value"":150,""formatted"":""""},""amountFull"":{""value"":null,""formatted"":""""}},""price"":{""currency"":{""countryISO"":""es-PA"",""symbol"":""PAB""},""discount"":{""value"":null,""formatted"":""""},""amount"":{""value"":115000,""formatted"":""""},""amountFull"":{""value"":null,""formatted"":""""}},""price_value"":115000,""price_symbol"":""$$"",""price_discount"":null,""principalImage"":""https://photos.encuentra24.com/t_or_fh_m/f_auto/v1/pa/32/39/28/40/32392840_7ab80d"",""principalVideo"":"""",""rent"":""$undefined"",""showCall"":true,""showWhatsapp"":true,""title"":""ANCON / PH ALTAMIRA GARDENS / 75M / 2 HABITACIÓN / 2 PARKING / PISCINA"",""active"":true,""user"":{""id"":""992588"",""name"":""GALCEB GROUP."",""verified"":false,""avatar"":""https://photos.encuentra24.com/t_user_logo/v1/users/logo/99/25/88/992588_f92980"",""contact"":{""whatsapp"":"")*<=C?GGEEHNKJP"",""phone1"":{""isMobile"":true,""number"":""&*9:@<DDBBEKHGM""},""phone2"":{""isMobile"":false,""number"":""$$/2395=?;9?CB=""},""company"":""GALCEB GROUP."",""license"":""""}},""youtubeVideo"":"""",""reposted"":false,""hideMapMarker"":"""",""subCategoryType"":""Apartamento"",""square"":""75"",""rooms"":""2"",""bathrooms"":""2"",""parking"":""2"",""regionName"":""Ancón"",""propertyPrice"":""115000"",""lotSize"":""75"",""exactAddress"":null,""pricePerM2Total"":{""amount"":{""value"":1533.3333333333333,""formatted"":""""}},""pricePerM2Square"":{""amount"":{""value"":1533.3333333333333,""formatted"":""""}},""units"":""$undefined"",""benefits"":[""Cerca de Escuela"",""Parking de visitas"",""Seguridad 24 Horas"",""Lavandería interna"",""Jardín"",""Parque Infantil"",""Gimnasio"",""Garaje techado"",""Lobby""],""roomHeight"":null,""age"":null,""stories"":null,""balcon"":""Balcón"",""swimmingPool"":true,""floorType"":""Cerámica"",""floor"":""4"",""pdfPlan"":null,""status"":null,""hallmark"":{""text"":null,""color"":null},""projectStatus"":null,""projectModels"":{""square"":null,""rooms"":null,""bathrooms"":null,""price"":null},""known"":true}",
true,active,99684,32392837,se-vende-apartamento-en-ancon-ph-altamira-gardens-de-2-habitaciones,https://www.encuentra24.com/panama-es/bienes-raices-venta-de-propiedades-apartamentos/se-vende-apartamento-en-ancon-ph-altamira-gardens-de-2-habitaciones/32392837,sale,apartamentos,Apartamento,SE VENDE APARTAMENTO EN ANCÓN PH ALTAMIRA GARDENS DE 2 HABITACIÓNES,"Se VENDE amplio y cómodo apartamento en Ancón, PH ALTAMIRA GARDENS, rodeado de naturaleza y cerca de todo.

Cuenta con:

 75 m2

 2 Habitaciones

 2 Baños

 2 Estacionamientos (doble fondo)

 Sala / Comedor

 Cocina

 Lavanderia

 Deposito

 Balcón

 Vista panoramica

Amenidades:

 Área social

 Piscina

 Terraza

 Gimnasio

 Seguridad 24 horas

 Estacionamientos de visitas

 Cerca de restaurantes, farmacias, supermercados, parques, entre otros.

Excelente temperatura, rodeada de vegetación, lugar tranquilo, libre de contaminación, lejos de ruido, cerca de centro comercial.

PRECIO DE VENTA: 115,000.00

Para mas información llame o escriba con gusto le atenderemos.

Galceb Group, Bienes Raíces",115000,USD,100000,1533.3333333333333,1533.3333333333333,,Ciudad de Panamá,Ancón,,,9.052817,-79.616521,2,2,2,75,,75,,,4,Cerámica,,150,,"[""https://photos.encuentra24.com/t_or_fh_l/f_auto/v1/pa/32/39/28/37/32392837_ee98a6"",""https://photos.encuentra24.com/t_or_fh_l/f_auto/v1/pa/32/39/28/37/32392837_4a86c6"",""https://photos.encuentra24.com/t_or_fh_l/f_auto/v1/pa/32/39/28/37/32392837_27489b"",""https://photos.encuentra24.com/t_or_fh_l/f_auto/v1/pa/32/39/28/37/32392837_3d081c"",""https://photos.encuentra24.com/t_or_fh_l/f_auto/v1/pa/32/39/28/37/32392837_d11f98"",""https://photos.encuentra24.com/t_or_fh_l/f_auto/v1/pa/32/39/28/37/32392837_b8b062"",""https://photos.encuentra24.com/t_or_fh_l/f_auto/v1/pa/32/39/28/37/32392837_6bd404"",""https://photos.encuentra24.com/t_or_fh_l/f_auto/v1/pa/32/39/28/37/32392837_22c2e6"",""https://photos.encuentra24.com/t_or_fh_l/f_auto/v1/pa/32/39/28/37/32392837_5b05b3"",""https://photos.encuentra24.com/t_or_fh_l/f_auto/v1/pa/32/39/28/37/32392837_4c1c0c"",""https://photos.encuentra24.com/t_or_fh_l/f_auto/v1/pa/32/39/28/37/32392837_5b1326"",""https://photos.encuentra24.com/t_or_fh_l/f_auto/v1/pa/32/39/28/37/32392837_e66ea5"",""https://photos.encuentra24.com/t_or_fh_l/f_auto/v1/pa/32/39/28/37/32392837_10970d"",""https://photos.encuentra24.com/t_or_fh_l/f_auto/v1/pa/32/39/28/37/32392837_867d63"",""https://photos.encuentra24.com/t_or_fh_l/f_auto/v1/pa/32/39/28/37/32392837_81d0be"",""https://photos.encuentra24.com/t_or_fh_l/f_auto/v1/pa/32/39/28/37/32392837_4a2500"",""https://photos.encuentra24.com/t_or_fh_l/f_auto/v1/pa/32/39/28/37/32392837_1bf8a8"",""https://photos.encuentra24.com/t_or_fh_l/f_auto/v1/pa/32/39/28/37/32392837_c2f204"",""https://photos.encuentra24.com/t_or_fh_l/f_auto/v1/pa/32/39/28/37/32392837_f9755f"",""https://photos.encuentra24.com/t_or_fh_l/f_auto/v1/pa/32/39/28/37/32392837_1a4750""]",20,false,false,,GALCEB GROUP.,GALCEB GROUP.,,false,basic,,,"[""Cerca de Escuela"",""Parking de visitas"",""Seguridad 24 Horas"",""Lavandería interna"",""Jardín"",""Parque Infantil"",""Gimnasio"",""Garaje techado"",""Lobby""]",2026-05-07T06:19:48.000Z,2026-05-07T08:02:36.227Z,2026-05-17T08:07:06.551Z,,2026-05-17T08:07:06.551Z,2026-05-17T08:07:06.551Z,true,1,,"{""allowContactByForm"":true,""biUrl"":""https://www.encuentra24.com/clickhouse_mvp.php/lists?t=A6tRhZ1kQIRSNpmFobmfOI2%2Fb4yYlKuNTh5wlY5%2F8tRTxJLgczKZVw9HMmf9dMOMYtMrdX6%2BycWeNsxMbJDqxQ%2Fgycp%2FfbDPfEA0uwQBggzaT1NflUX4Og1ecMWcXzBrv%2FJ9v7pPKxtEV2exzFAAclOR8Z2Pam%2FUi84LtiOgsQlcl6x4Dda%2F3EuRlcoEQJ%2F9d09PYyGjQLLi2smlAJ5rkT3Wjco0P8U2VrP1p4wwuB8%3D&source_type=list"",""biUrls"":{""list"":""https://www.encuentra24.com/clickhouse_mvp.php/lists?t=A6tRhZ1kQIRSNpmFobmfOI2%2Fb4yYlKuNTh5wlY5%2F8tRTxJLgczKZVw9HMmf9dMOMYtMrdX6%2BycWeNsxMbJDqxQ%2Fgycp%2FfbDPfEA0uwQBggzaT1NflUX4Og1ecMWcXzBrv%2FJ9v7pPKxtEV2exzFAAclOR8Z2Pam%2FUi84LtiOgsQlcl6x4Dda%2F3EuRlcoEQJ%2F9d09PYyGjQLLi2smlAJ5rkT3Wjco0P8U2VrP1p4wwuB8%3D&source_type=list"",""visits"":""https://www.encuentra24.com/clickhouse_mvp.php/visits?t=A6tRhZ1kQIRSNpmFobmfOI2%2Fb4yYlKuNTh5wlY5%2F8tRTxJLgczKZVw9HMmf9dMOMYtMrdX6%2BycWeNsxMbJDqxQ%2Fgycp%2FfbDPfEA0uwQBggzaT1NflUX4Og1ecMWcXzBrv%2FJ9v7pPKxtEV2exzFAAclOR8Z2Pam%2FUi84LtiOgsQlcl6x4Dda%2F3EuRlcoEQJ%2F9d09PYyGjQLLi2smlAJ5rkT3Wjco0P8U2VrP1p4wwuB8%3D"",""favorites"":""https://www.encuentra24.com/clickhouse_mvp.php/favorites?t=A6tRhZ1kQIRSNpmFobmfOI2%2Fb4yYlKuNTh5wlY5%2F8tRTxJLgczKZVw9HMmf9dMOMYtMrdX6%2BycWeNsxMbJDqxQ%2Fgycp%2FfbDPfEA0uwQBggzaT1NflUX4Og1ecMWcXzBrv%2FJ9v7pPKxtEV2exzFAAclOR8Z2Pam%2FUi84LtiOgsQlcl6x4Dda%2F3EuRlcoEQJ%2F9d09PYyGjQLLi2smlAJ5rkbk7%2FJ8sriPQP4Ti0Ifi4udPKSTkoGcemUwwLQokzVEe4b%2B2%2F2aABZVUTnKUvUHgHg%3D%3D&favorite=1""},""dateCreated"":""$D2026-05-07T06:19:48.000Z"",""dateUpdated"":""$D2026-05-17T05:46:41.000Z"",""description"":""Se VENDE amplio y cómodo apartamento en Ancón, PH ALTAMIRA GARDENS, rodeado de naturaleza y cerca de todo.<br />\n<br />\nCuenta con:<br />\n<br />\n<br />\n 75 m2<br />\n 2 Habitaciones<br />\n 2 Baños<br />\n 2 Estacionamientos (doble fondo)<br />\n Sala / Comedor<br />\n Cocina <br />\n Lavanderia<br />\n Deposito<br />\n Balcón<br />\n Vista panoramica<br />\n<br />\n<br />\nAmenidades:<br />\n<br />\n<br />\n Área social<br />\n Piscina<br />\n Terraza<br />\n Gimnasio<br />\n Seguridad 24 horas <br />\n Estacionamientos de visitas<br />\n Cerca de restaurantes, farmacias, supermercados, parques, entre otros.<br />\n<br />\n<br />\nExcelente temperatura, rodeada de vegetación, lugar tranquilo, libre de contaminación, lejos de ruido, cerca de centro comercial.<br />\n<br />\nPRECIO DE VENTA: 115,000.00<br />\n<br />\nPara mas información llame o escriba con gusto le atenderemos.<br />\n<br />\nGalceb Group, Bienes Raíces"",""featured"":null,""fieldset"":""property"",""funding"":{""enabled"":false,""type"":""externalurl"",""url"":false},""id"":""32392837"",""images"":[""https://photos.encuentra24.com/t_or_fh_m/f_auto/v1/pa/32/39/28/37/32392837_ee98a6"",""https://photos.encuentra24.com/t_or_fh_m/f_auto/v1/pa/32/39/28/37/32392837_4a86c6"",""https://photos.encuentra24.com/t_or_fh_m/f_auto/v1/pa/32/39/28/37/32392837_27489b"",""https://photos.encuentra24.com/t_or_fh_m/f_auto/v1/pa/32/39/28/37/32392837_3d081c"",""https://photos.encuentra24.com/t_or_fh_m/f_auto/v1/pa/32/39/28/37/32392837_d11f98"",""https://photos.encuentra24.com/t_or_fh_m/f_auto/v1/pa/32/39/28/37/32392837_b8b062"",""https://photos.encuentra24.com/t_or_fh_m/f_auto/v1/pa/32/39/28/37/32392837_6bd404"",""https://photos.encuentra24.com/t_or_fh_m/f_auto/v1/pa/32/39/28/37/32392837_22c2e6"",""https://photos.encuentra24.com/t_or_fh_m/f_auto/v1/pa/32/39/28/37/32392837_5b05b3"",""https://photos.encuentra24.com/t_or_fh_m/f_auto/v1/pa/32/39/28/37/32392837_4c1c0c"",""https://photos.encuentra24.com/t_or_fh_m/f_auto/v1/pa/32/39/28/37/32392837_5b1326"",""https://photos.encuentra24.com/t_or_fh_m/f_auto/v1/pa/32/39/28/37/32392837_e66ea5"",""https://photos.encuentra24.com/t_or_fh_m/f_auto/v1/pa/32/39/28/37/32392837_10970d"",""https://photos.encuentra24.com/t_or_fh_m/f_auto/v1/pa/32/39/28/37/32392837_867d63"",""https://photos.encuentra24.com/t_or_fh_m/f_auto/v1/pa/32/39/28/37/32392837_81d0be"",""https://photos.encuentra24.com/t_or_fh_m/f_auto/v1/pa/32/39/28/37/32392837_4a2500"",""https://photos.encuentra24.com/t_or_fh_m/f_auto/v1/pa/32/39/28/37/32392837_1bf8a8"",""https://photos.encuentra24.com/t_or_fh_m/f_auto/v1/pa/32/39/28/37/32392837_c2f204"",""https://photos.encuentra24.com/t_or_fh_m/f_auto/v1/pa/32/39/28/37/32392837_f9755f"",""https://photos.encuentra24.com/t_or_fh_m/f_auto/v1/pa/32/39/28/37/32392837_1a4750""],""link"":""/panama-es/bienes-raices-venta-de-propiedades-apartamentos/se-vende-apartamento-en-ancon-ph-altamira-gardens-de-2-habitaciones/32392837"",""location"":{""address"":""OBARRIO, Calle 54 este, PH TWIST TOWER, 20H / Coronado Mall."",""locality"":""Ancón"",""city"":""Ciudad de Panamá"",""lat"":9.052817,""lon"":-79.616521,""zoom"":14},""mainCategory"":""Bienes Raíces"",""maintenanceCost"":{""currency"":{""countryISO"":""es-PA"",""symbol"":""PAB""},""discount"":{""value"":null,""formatted"":""""},""amount"":{""value"":150,""formatted"":""""},""amountFull"":{""value"":null,""formatted"":""""}},""price"":{""currency"":{""countryISO"":""es-PA"",""symbol"":""PAB""},""discount"":{""value"":null,""formatted"":""""},""amount"":{""value"":115000,""formatted"":""""},""amountFull"":{""value"":null,""formatted"":""""}},""price_value"":115000,""price_symbol"":""$$"",""price_discount"":null,""principalImage"":""https://photos.encuentra24.com/t_or_fh_m/f_auto/v1/pa/32/39/28/37/32392837_ee98a6"",""principalVideo"":"""",""rent"":""$undefined"",""showCall"":true,""showWhatsapp"":true,""title"":""SE VENDE APARTAMENTO EN ANCÓN PH ALTAMIRA GARDENS DE 2 HABITACIÓNES"",""active"":true,""user"":{""id"":""992588"",""name"":""GALCEB GROUP."",""verified"":false,""avatar"":""https://photos.encuentra24.com/t_user_logo/v1/users/logo/99/25/88/992588_f92980"",""contact"":{""whatsapp"":""&-67=9AA??BHEDJ"",""phone1"":{""isMobile"":true,""number"":""**=>D@HHFFIOLKQ""},""phone2"":{""isMobile"":false,""number"":""-*@AGCKMIGMQPK""},""company"":""GALCEB GROUP."",""license"":""""}},""youtubeVideo"":"""",""reposted"":false,""hideMapMarker"":"""",""subCategoryType"":""Apartamento"",""square"":""75"",""rooms"":""2"",""bathrooms"":""2"",""parking"":""2"",""regionName"":""Ancón"",""propertyPrice"":""115000"",""lotSize"":""75"",""exactAddress"":null,""pricePerM2Total"":{""amount"":{""value"":1533.3333333333333,""formatted"":""""}},""pricePerM2Square"":{""amount"":{""value"":1533.3333333333333,""formatted"":""""}},""units"":""$undefined"",""benefits"":[""Cerca de Escuela"",""Parking de visitas"",""Seguridad 24 Horas"",""Lavandería interna"",""Jardín"",""Parque Infantil"",""Gimnasio"",""Garaje techado"",""Lobby""],""roomHeight"":null,""age"":null,""stories"":null,""balcon"":""Balcón"",""swimmingPool"":true,""floorType"":""Cerámica"",""floor"":""4"",""pdfPlan"":null,""status"":null,""hallmark"":{""text"":null,""color"":null},""projectStatus"":null,""projectModels"":{""square"":null,""rooms"":null,""bathrooms"":null,""price"":null},""known"":true}",
true,active,99230,32391021,espectacular-apartamento-amoblado-en-ph-altamira-gardens-trato-directo-con-el-dueno,https://www.encuentra24.com/panama-es/bienes-raices-venta-de-propiedades-apartamentos/espectacular-apartamento-amoblado-en-ph-altamira-gardens-trato-directo-con-el-dueno/32391021,sale,apartamentos,Apartamento,Espectacular Apartamento Amoblado en PH Altamira Gardens trato directo con el dueño !,,135000,USD,,1800,1800,,Ciudad de Panamá,Ancón,via centenario,,,,2,2,2,75,,75,2017,1,1,Porcelanato,1,150,,"[""https://photos.encuentra24.com/t_or_fh_l/f_auto/v1/pa/32/39/10/21/32391021_aa95824229f07c6dfed1654baf78c177-efcbad0"",""https://photos.encuentra24.com/t_or_fh_l/f_auto/v1/pa/32/39/10/21/32391021_aa95824229f07c6dfed1654baf78c177-8124739"",""https://photos.encuentra24.com/t_or_fh_l/f_auto/v1/pa/32/39/10/21/32391021_aa95824229f07c6dfed1654baf78c177-f5bf759"",""https://photos.encuentra24.com/t_or_fh_l/f_auto/v1/pa/32/39/10/21/32391021_aa95824229f07c6dfed1654baf78c177-ab26404"",""https://photos.encuentra24.com/t_or_fh_l/f_auto/v1/pa/32/39/10/21/32391021_aa95824229f07c6dfed1654baf78c177-544d5c4"",""https://photos.encuentra24.com/t_or_fh_l/f_auto/v1/pa/32/39/10/21/32391021_aa95824229f07c6dfed1654baf78c177-7bcb4ec"",""https://photos.encuentra24.com/t_or_fh_l/f_auto/v1/pa/32/39/10/21/32391021_aa95824229f07c6dfed1654baf78c177-d8429c0"",""https://photos.encuentra24.com/t_or_fh_l/f_auto/v1/pa/32/39/10/21/32391021_aa95824229f07c6dfed1654baf78c177-892091b"",""https://photos.encuentra24.com/t_or_fh_l/f_auto/v1/pa/32/39/10/21/32391021_aa95824229f07c6dfed1654baf78c177-96cf409"",""https://photos.encuentra24.com/t_or_fh_l/f_auto/v1/pa/32/39/10/21/32391021_aa95824229f07c6dfed1654baf78c177-e62a954"",""https://photos.encuentra24.com/t_or_fh_l/f_auto/v1/pa/32/39/10/21/32391021_aa95824229f07c6dfed1654baf78c177-45326dc"",""https://photos.encuentra24.com/t_or_fh_l/f_auto/v1/pa/32/39/10/21/32391021_aa95824229f07c6dfed1654baf78c177-71e7b08"",""https://photos.encuentra24.com/t_or_fh_l/f_auto/v1/pa/32/39/10/21/32391021_aa95824229f07c6dfed1654baf78c177-49bcb2e"",""https://photos.encuentra24.com/t_or_fh_l/f_auto/v1/pa/32/39/10/21/32391021_aa95824229f07c6dfed1654baf78c177-db7b91a"",""https://photos.encuentra24.com/t_or_fh_l/f_auto/v1/pa/32/39/10/21/32391021_aa95824229f07c6dfed1654baf78c177-e282ee5"",""https://photos.encuentra24.com/t_or_fh_l/f_auto/v1/pa/32/39/10/21/32391021_aa95824229f07c6dfed1654baf78c177-84b78db"",""https://photos.encuentra24.com/t_or_fh_l/f_auto/v1/pa/32/39/10/21/32391021_aa95824229f07c6dfed1654baf78c177-14618e9"",""https://photos.encuentra24.com/t_or_fh_l/f_auto/v1/pa/32/39/10/21/32391021_aa95824229f07c6dfed1654baf78c177-f6d6c47"",""https://photos.encuentra24.com/t_or_fh_l/f_auto/v1/pa/32/39/10/21/32391021_aa95824229f07c6dfed1654baf78c177-649625e""]",19,false,false,,Giovanni  Gulli,Giovanni  Gulli,,false,basic,,,"[""Cerca de Escuela"",""Pet Friendly"",""Vista a las Montañas"",""Parking bajo techo"",""Parking de visitas"",""Seguridad 24 Horas"",""Depósito"",""Salón de fiestas"",""Jardín"",""Parque Infantil"",""Gimnasio"",""A/C"",""Patio"",""Garaje techado"",""Área Social"",""Cocina amoblada"",""Aire acondicionado"",""Nevera"",""Microondas"",""Estufa"",""Calentador de agua"",""Lavadora"",""Secadora""]",2026-05-06T22:33:46.000Z,2026-05-07T00:03:23.163Z,2026-05-07T00:03:59.535Z,,2026-05-07T00:03:59.535Z,2026-05-07T00:03:59.535Z,true,1,,"{""allowContactByForm"":true,""biUrl"":""https://www.encuentra24.com/clickhouse_mvp.php/lists?t=A6tRhZ1kQIRSNpmFobmfOI2%2Fb4yYlKuNTh5wlY5%2F8tRTxJLgczKZVw9HMmf9dMOMYtMrdX6%2BycWeNsxMbJDqxQ%2Fgycp%2FfbDPfEA0uwQBggzaT1NflUX4Og1ecMWcXzBrv%2FJ9v7pPKxtEV2exzFAAclOR8Z2Pam%2FUi84LtiOgsQlbC2JoOff%2B7dQb%2FSoeMJO7xK7ODu5PKqYNtBtCdMPu4C5CNvSoCn%2BgIm1ji1egTq4%3D&source_type=list"",""biUrls"":{""list"":""https://www.encuentra24.com/clickhouse_mvp.php/lists?t=A6tRhZ1kQIRSNpmFobmfOI2%2Fb4yYlKuNTh5wlY5%2F8tRTxJLgczKZVw9HMmf9dMOMYtMrdX6%2BycWeNsxMbJDqxQ%2Fgycp%2FfbDPfEA0uwQBggzaT1NflUX4Og1ecMWcXzBrv%2FJ9v7pPKxtEV2exzFAAclOR8Z2Pam%2FUi84LtiOgsQlbC2JoOff%2B7dQb%2FSoeMJO7xK7ODu5PKqYNtBtCdMPu4C5CNvSoCn%2BgIm1ji1egTq4%3D&source_type=list"",""visits"":""https://www.encuentra24.com/clickhouse_mvp.php/visits?t=A6tRhZ1kQIRSNpmFobmfOI2%2Fb4yYlKuNTh5wlY5%2F8tRTxJLgczKZVw9HMmf9dMOMYtMrdX6%2BycWeNsxMbJDqxQ%2Fgycp%2FfbDPfEA0uwQBggzaT1NflUX4Og1ecMWcXzBrv%2FJ9v7pPKxtEV2exzFAAclOR8Z2Pam%2FUi84LtiOgsQlbC2JoOff%2B7dQb%2FSoeMJO7xK7ODu5PKqYNtBtCdMPu4C5CNvSoCn%2BgIm1ji1egTq4%3D"",""favorites"":""https://www.encuentra24.com/clickhouse_mvp.php/favorites?t=A6tRhZ1kQIRSNpmFobmfOI2%2Fb4yYlKuNTh5wlY5%2F8tRTxJLgczKZVw9HMmf9dMOMYtMrdX6%2BycWeNsxMbJDqxQ%2Fgycp%2FfbDPfEA0uwQBggzaT1NflUX4Og1ecMWcXzBrv%2FJ9v7pPKxtEV2exzFAAclOR8Z2Pam%2FUi84LtiOgsQlbC2JoOff%2B7dQb%2FSoeMJO7xK7ODu5PKqYNtBtCdMPu4KB%2BbBQEe6zWVnVZoLiCKXekIxfT1gDkPhCBK4%2F2xXhLqkdnV6GF2e1jRMQx3OOLew%3D%3D&favorite=1""},""dateCreated"":""$D2026-05-06T22:33:46.000Z"",""dateUpdated"":""$D2026-05-06T22:33:47.000Z"",""description"":""$1c"",""featured"":null,""fieldset"":""property"",""funding"":{""enabled"":false,""type"":""externalurl"",""url"":false},""id"":""32391021"",""images"":[""https://photos.encuentra24.com/t_or_fh_m/f_auto/v1/pa/32/39/10/21/32391021_aa95824229f07c6dfed1654baf78c177-efcbad0"",""https://photos.encuentra24.com/t_or_fh_m/f_auto/v1/pa/32/39/10/21/32391021_aa95824229f07c6dfed1654baf78c177-8124739"",""https://photos.encuentra24.com/t_or_fh_m/f_auto/v1/pa/32/39/10/21/32391021_aa95824229f07c6dfed1654baf78c177-f5bf759"",""https://photos.encuentra24.com/t_or_fh_m/f_auto/v1/pa/32/39/10/21/32391021_aa95824229f07c6dfed1654baf78c177-ab26404"",""https://photos.encuentra24.com/t_or_fh_m/f_auto/v1/pa/32/39/10/21/32391021_aa95824229f07c6dfed1654baf78c177-544d5c4"",""https://photos.encuentra24.com/t_or_fh_m/f_auto/v1/pa/32/39/10/21/32391021_aa95824229f07c6dfed1654baf78c177-7bcb4ec"",""https://photos.encuentra24.com/t_or_fh_m/f_auto/v1/pa/32/39/10/21/32391021_aa95824229f07c6dfed1654baf78c177-d8429c0"",""https://photos.encuentra24.com/t_or_fh_m/f_auto/v1/pa/32/39/10/21/32391021_aa95824229f07c6dfed1654baf78c177-892091b"",""https://photos.encuentra24.com/t_or_fh_m/f_auto/v1/pa/32/39/10/21/32391021_aa95824229f07c6dfed1654baf78c177-96cf409"",""https://photos.encuentra24.com/t_or_fh_m/f_auto/v1/pa/32/39/10/21/32391021_aa95824229f07c6dfed1654baf78c177-e62a954"",""https://photos.encuentra24.com/t_or_fh_m/f_auto/v1/pa/32/39/10/21/32391021_aa95824229f07c6dfed1654baf78c177-45326dc"",""https://photos.encuentra24.com/t_or_fh_m/f_auto/v1/pa/32/39/10/21/32391021_aa95824229f07c6dfed1654baf78c177-71e7b08"",""https://photos.encuentra24.com/t_or_fh_m/f_auto/v1/pa/32/39/10/21/32391021_aa95824229f07c6dfed1654baf78c177-49bcb2e"",""https://photos.encuentra24.com/t_or_fh_m/f_auto/v1/pa/32/39/10/21/32391021_aa95824229f07c6dfed1654baf78c177-db7b91a"",""https://photos.encuentra24.com/t_or_fh_m/f_auto/v1/pa/32/39/10/21/32391021_aa95824229f07c6dfed1654baf78c177-e282ee5"",""https://photos.encuentra24.com/t_or_fh_m/f_auto/v1/pa/32/39/10/21/32391021_aa95824229f07c6dfed1654baf78c177-84b78db"",""https://photos.encuentra24.com/t_or_fh_m/f_auto/v1/pa/32/39/10/21/32391021_aa95824229f07c6dfed1654baf78c177-14618e9"",""https://photos.encuentra24.com/t_or_fh_m/f_auto/v1/pa/32/39/10/21/32391021_aa95824229f07c6dfed1654baf78c177-f6d6c47"",""https://photos.encuentra24.com/t_or_fh_m/f_auto/v1/pa/32/39/10/21/32391021_aa95824229f07c6dfed1654baf78c177-649625e""],""link"":""/panama-es/bienes-raices-venta-de-propiedades-apartamentos/espectacular-apartamento-amoblado-en-ph-altamira-gardens-trato-directo-con-el-dueno/32391021"",""location"":{""address"":"""",""locality"":""Ancón"",""city"":""Ciudad de Panamá"",""lat"":0,""lon"":0,""zoom"":0},""mainCategory"":""Bienes Raíces"",""maintenanceCost"":{""currency"":{""countryISO"":""es-PA"",""symbol"":""PAB""},""discount"":{""value"":null,""formatted"":""""},""amount"":{""value"":150,""formatted"":""""},""amountFull"":{""value"":null,""formatted"":""""}},""price"":{""currency"":{""countryISO"":""es-PA"",""symbol"":""PAB""},""discount"":{""value"":null,""formatted"":""""},""amount"":{""value"":135000,""formatted"":""""},""amountFull"":{""value"":null,""formatted"":""""}},""price_value"":135000,""price_symbol"":""$$"",""price_discount"":null,""principalImage"":""https://photos.encuentra24.com/t_or_fh_m/f_auto/v1/pa/32/39/10/21/32391021_aa95824229f07c6dfed1654baf78c177-efcbad0"",""principalVideo"":"""",""rent"":""$undefined"",""showCall"":true,""showWhatsapp"":true,""title"":""Espectacular Apartamento Amoblado en PH Altamira Gardens trato directo con el dueño !"",""active"":true,""user"":{""id"":""1218921"",""name"":""Giovanni  Gulli"",""verified"":false,""avatar"":"""",""contact"":{""whatsapp"":""))=>D@HHGLIFMQP"",""phone1"":{""isMobile"":true,""number"":"")067=9AA@EB?FJI""},""phone2"":{""isMobile"":false,""number"":""""},""company"":"""",""license"":""""}},""youtubeVideo"":"""",""reposted"":false,""subCategoryType"":""Apartamento"",""square"":""75"",""rooms"":""2"",""bathrooms"":""2"",""parking"":""2"",""regionName"":""Ancón"",""propertyPrice"":""135000"",""lotSize"":""75"",""exactAddress"":""via centenario"",""pricePerM2Total"":{""amount"":{""value"":1800,""formatted"":""""}},""pricePerM2Square"":{""amount"":{""value"":1800,""formatted"":""""}},""units"":""$undefined"",""benefits"":[""Cerca de Escuela"",""Pet Friendly"",""Vista a las Montañas"",""Parking bajo techo"",""Parking de visitas"",""Seguridad 24 Horas"",""Depósito"",""Salón de fiestas"",""Jardín"",""Parque Infantil"",""Gimnasio"",""A/C"",""Patio"",""Garaje techado"",""Área Social"",""Cocina amoblada"",""Aire acondicionado"",""Nevera"",""Microondas"",""Estufa"",""Calentador de agua"",""Lavadora"",""Secadora""],""roomHeight"":""1"",""age"":""2017"",""stories"":""1"",""balcon"":""Terraza"",""swimmingPool"":true,""floorType"":""Porcelanato"",""floor"":""1"",""pdfPlan"":null,""status"":null,""hallmark"":{""text"":null,""color"":null},""projectStatus"":null,""projectModels"":{""square"":null,""rooms"":null,""bathrooms"":null,""price"":null},""known"":true}",
true,active,97936,32378705,venta-de-apartamento-en-ph-altamira-gardens-haga-una-oferta,https://www.encuentra24.com/panama-es/bienes-raices-venta-de-propiedades-apartamentos/venta-de-apartamento-en-ph-altamira-gardens-haga-una-oferta/32378705,sale,apartamentos,Apartamento,Venta de Apartamento en PH Altamira Gardens - Haga una oferta,,121800,USD,,1087.5,1087.5,,Ciudad de Panamá,Ancón,"P.H. Altamira Gardens, Corregimiento de Ancón, Vía Centenario.",,9.041834487092379,-79.5485258102417,3,2,2,112,,112,2015,1,4,Porcelanato,3,224,,"[""https://photos.encuentra24.com/t_or_fh_l/f_auto/v1/pa/32/37/87/05/32378705_a871a2051b94beff167a3b7654965af9-384d481"",""https://photos.encuentra24.com/t_or_fh_l/f_auto/v1/pa/32/37/87/05/32378705_a871a2051b94beff167a3b7654965af9-c41b96e"",""https://photos.encuentra24.com/t_or_fh_l/f_auto/v1/pa/32/37/87/05/32378705_a871a2051b94beff167a3b7654965af9-bdae0db"",""https://photos.encuentra24.com/t_or_fh_l/f_auto/v1/pa/32/37/87/05/32378705_a871a2051b94beff167a3b7654965af9-8223260"",""https://photos.encuentra24.com/t_or_fh_l/f_auto/v1/pa/32/37/87/05/32378705_a871a2051b94beff167a3b7654965af9-9d8e5be"",""https://photos.encuentra24.com/t_or_fh_l/f_auto/v1/pa/32/37/87/05/32378705_a871a2051b94beff167a3b7654965af9-eba03b7"",""https://photos.encuentra24.com/t_or_fh_l/f_auto/v1/pa/32/37/87/05/32378705_a871a2051b94beff167a3b7654965af9-9a7606e"",""https://photos.encuentra24.com/t_or_fh_l/f_auto/v1/pa/32/37/87/05/32378705_a871a2051b94beff167a3b7654965af9-7ebf44a"",""https://photos.encuentra24.com/t_or_fh_l/f_auto/v1/pa/32/37/87/05/32378705_a871a2051b94beff167a3b7654965af9-61e991d"",""https://photos.encuentra24.com/t_or_fh_l/f_auto/v1/pa/32/37/87/05/32378705_a871a2051b94beff167a3b7654965af9-536ed5e"",""https://photos.encuentra24.com/t_or_fh_l/f_auto/v1/pa/32/37/87/05/32378705_a871a2051b94beff167a3b7654965af9-bc4ad5d"",""https://photos.encuentra24.com/t_or_fh_l/f_auto/v1/pa/32/37/87/05/32378705_a871a2051b94beff167a3b7654965af9-74ea4f1"",""https://photos.encuentra24.com/t_or_fh_l/f_auto/v1/pa/32/37/87/05/32378705_a871a2051b94beff167a3b7654965af9-053edc2"",""https://photos.encuentra24.com/t_or_fh_l/f_auto/v1/pa/32/37/87/05/32378705_a871a2051b94beff167a3b7654965af9-d06d8d6"",""https://photos.encuentra24.com/t_or_fh_l/f_auto/v1/pa/32/37/87/05/32378705_a871a2051b94beff167a3b7654965af9-cfb1baa"",""https://photos.encuentra24.com/t_or_fh_l/f_auto/v1/pa/32/37/87/05/32378705_a871a2051b94beff167a3b7654965af9-a4bc127"",""https://photos.encuentra24.com/t_or_fh_l/f_auto/v1/pa/32/37/87/05/32378705_a871a2051b94beff167a3b7654965af9-5fcea9a"",""https://photos.encuentra24.com/t_or_fh_l/f_auto/v1/pa/32/37/87/05/32378705_a871a2051b94beff167a3b7654965af9-51029db"",""https://photos.encuentra24.com/t_or_fh_l/f_auto/v1/pa/32/37/87/05/32378705_a871a2051b94beff167a3b7654965af9-58b70d7""]",19,false,false,,Laurent Antonio Lezcano,Laurent Antonio Lezcano,,false,basic,,,"[""Cerca de Escuela"",""Pet Friendly"",""Cerca del Tráfico"",""Vista a las Montañas"",""Parking bajo techo"",""Parking de visitas"",""Seguridad 24 Horas"",""2 o más elevadores"",""Lavandería interna"",""Depósito"",""Salón de fiestas"",""Parque Infantil"",""Gimnasio"",""Desayunador"",""Calle sin salida"",""Garaje techado"",""Sala y Comedor"",""Área Social"",""Walk-in closet"",""Área de BBQ"",""Lobby"",""Baño visitas"",""Conserjería""]",2026-05-05T00:01:46.000Z,2026-05-05T01:01:29.579Z,2026-05-05T01:02:05.440Z,,2026-05-05T01:02:05.440Z,2026-05-05T01:02:05.440Z,true,1,,"{""allowContactByForm"":true,""biUrl"":""https://www.encuentra24.com/clickhouse_mvp.php/lists?t=A6tRhZ1kQIRSNpmFobmfOI2%2Fb4yYlKuNTh5wlY5%2F8tRTxJLgczKZVw9HMmf9dMOMYtMrdX6%2BycWeNsxMbJDqxQ%2Fgycp%2FfbDPfEA0uwQBggzaT1NflUX4Og1ecMWcXzBrv%2FJ9v7pPKxtEV2exzFAAcijAxTTNcv0R593vn9hvK7ZakSJ6jI4Y7Avq2RbLJijZAvHqil%2FZJxFZcqtrCwEED%2BBTG1Pqr5SQr3S9GRymD6Y%3D&source_type=list"",""biUrls"":{""list"":""https://www.encuentra24.com/clickhouse_mvp.php/lists?t=A6tRhZ1kQIRSNpmFobmfOI2%2Fb4yYlKuNTh5wlY5%2F8tRTxJLgczKZVw9HMmf9dMOMYtMrdX6%2BycWeNsxMbJDqxQ%2Fgycp%2FfbDPfEA0uwQBggzaT1NflUX4Og1ecMWcXzBrv%2FJ9v7pPKxtEV2exzFAAcijAxTTNcv0R593vn9hvK7ZakSJ6jI4Y7Avq2RbLJijZAvHqil%2FZJxFZcqtrCwEED%2BBTG1Pqr5SQr3S9GRymD6Y%3D&source_type=list"",""visits"":""https://www.encuentra24.com/clickhouse_mvp.php/visits?t=A6tRhZ1kQIRSNpmFobmfOI2%2Fb4yYlKuNTh5wlY5%2F8tRTxJLgczKZVw9HMmf9dMOMYtMrdX6%2BycWeNsxMbJDqxQ%2Fgycp%2FfbDPfEA0uwQBggzaT1NflUX4Og1ecMWcXzBrv%2FJ9v7pPKxtEV2exzFAAcijAxTTNcv0R593vn9hvK7ZakSJ6jI4Y7Avq2RbLJijZAvHqil%2FZJxFZcqtrCwEED%2BBTG1Pqr5SQr3S9GRymD6Y%3D"",""favorites"":""https://www.encuentra24.com/clickhouse_mvp.php/favorites?t=A6tRhZ1kQIRSNpmFobmfOI2%2Fb4yYlKuNTh5wlY5%2F8tRTxJLgczKZVw9HMmf9dMOMYtMrdX6%2BycWeNsxMbJDqxQ%2Fgycp%2FfbDPfEA0uwQBggzaT1NflUX4Og1ecMWcXzBrv%2FJ9v7pPKxtEV2exzFAAcijAxTTNcv0R593vn9hvK7ZakSJ6jI4Y7Avq2RbLJijZAvHqil%2FZJxFZcqtrCwEED0ee9MAZZFFNv148LPaKcwadikhwiJh97nbTdSO4yhCuph37u14c7ZZza6zPk6nD5Q%3D%3D&favorite=1""},""dateCreated"":""$D2026-05-05T00:01:46.000Z"",""dateUpdated"":""$D2026-05-05T00:03:14.000Z"",""description"":""$1c"",""featured"":null,""fieldset"":""property"",""funding"":{""enabled"":false,""type"":""externalurl"",""url"":false},""id"":""32378705"",""images"":[""https://photos.encuentra24.com/t_or_fh_m/f_auto/v1/pa/32/37/87/05/32378705_a871a2051b94beff167a3b7654965af9-384d481"",""https://photos.encuentra24.com/t_or_fh_m/f_auto/v1/pa/32/37/87/05/32378705_a871a2051b94beff167a3b7654965af9-c41b96e"",""https://photos.encuentra24.com/t_or_fh_m/f_auto/v1/pa/32/37/87/05/32378705_a871a2051b94beff167a3b7654965af9-bdae0db"",""https://photos.encuentra24.com/t_or_fh_m/f_auto/v1/pa/32/37/87/05/32378705_a871a2051b94beff167a3b7654965af9-8223260"",""https://photos.encuentra24.com/t_or_fh_m/f_auto/v1/pa/32/37/87/05/32378705_a871a2051b94beff167a3b7654965af9-9d8e5be"",""https://photos.encuentra24.com/t_or_fh_m/f_auto/v1/pa/32/37/87/05/32378705_a871a2051b94beff167a3b7654965af9-eba03b7"",""https://photos.encuentra24.com/t_or_fh_m/f_auto/v1/pa/32/37/87/05/32378705_a871a2051b94beff167a3b7654965af9-9a7606e"",""https://photos.encuentra24.com/t_or_fh_m/f_auto/v1/pa/32/37/87/05/32378705_a871a2051b94beff167a3b7654965af9-7ebf44a"",""https://photos.encuentra24.com/t_or_fh_m/f_auto/v1/pa/32/37/87/05/32378705_a871a2051b94beff167a3b7654965af9-61e991d"",""https://photos.encuentra24.com/t_or_fh_m/f_auto/v1/pa/32/37/87/05/32378705_a871a2051b94beff167a3b7654965af9-536ed5e"",""https://photos.encuentra24.com/t_or_fh_m/f_auto/v1/pa/32/37/87/05/32378705_a871a2051b94beff167a3b7654965af9-bc4ad5d"",""https://photos.encuentra24.com/t_or_fh_m/f_auto/v1/pa/32/37/87/05/32378705_a871a2051b94beff167a3b7654965af9-74ea4f1"",""https://photos.encuentra24.com/t_or_fh_m/f_auto/v1/pa/32/37/87/05/32378705_a871a2051b94beff167a3b7654965af9-053edc2"",""https://photos.encuentra24.com/t_or_fh_m/f_auto/v1/pa/32/37/87/05/32378705_a871a2051b94beff167a3b7654965af9-d06d8d6"",""https://photos.encuentra24.com/t_or_fh_m/f_auto/v1/pa/32/37/87/05/32378705_a871a2051b94beff167a3b7654965af9-cfb1baa"",""https://photos.encuentra24.com/t_or_fh_m/f_auto/v1/pa/32/37/87/05/32378705_a871a2051b94beff167a3b7654965af9-a4bc127"",""https://photos.encuentra24.com/t_or_fh_m/f_auto/v1/pa/32/37/87/05/32378705_a871a2051b94beff167a3b7654965af9-5fcea9a"",""https://photos.encuentra24.com/t_or_fh_m/f_auto/v1/pa/32/37/87/05/32378705_a871a2051b94beff167a3b7654965af9-51029db"",""https://photos.encuentra24.com/t_or_fh_m/f_auto/v1/pa/32/37/87/05/32378705_a871a2051b94beff167a3b7654965af9-58b70d7""],""link"":""/panama-es/bienes-raices-venta-de-propiedades-apartamentos/venta-de-apartamento-en-ph-altamira-gardens-haga-una-oferta/32378705"",""location"":{""address"":""Ciudad de Panamá, Ancón."",""locality"":""Ancón"",""city"":""Ciudad de Panamá"",""lat"":9.041834487092379,""lon"":-79.5485258102417,""zoom"":12},""mainCategory"":""Bienes Raíces"",""maintenanceCost"":{""currency"":{""countryISO"":""es-PA"",""symbol"":""PAB""},""discount"":{""value"":null,""formatted"":""""},""amount"":{""value"":224,""formatted"":""""},""amountFull"":{""value"":null,""formatted"":""""}},""price"":{""currency"":{""countryISO"":""es-PA"",""symbol"":""PAB""},""discount"":{""value"":null,""formatted"":""""},""amount"":{""value"":121800,""formatted"":""""},""amountFull"":{""value"":null,""formatted"":""""}},""price_value"":121800,""price_symbol"":""$$"",""price_discount"":null,""principalImage"":""https://photos.encuentra24.com/t_or_fh_m/f_auto/v1/pa/32/37/87/05/32378705_a871a2051b94beff167a3b7654965af9-384d481"",""principalVideo"":"""",""rent"":""$undefined"",""showCall"":true,""showWhatsapp"":true,""title"":""Venta de Apartamento en PH Altamira Gardens - Haga una oferta"",""active"":true,""user"":{""id"":""14789719"",""name"":""Laurent Antonio Lezcano"",""verified"":false,""avatar"":"""",""contact"":{""whatsapp"":""*+<=C?GGDFGFJOH"",""phone1"":{""isMobile"":true,""number"":""'22395==:<=<@E>""},""phone2"":{""isMobile"":true,""number"":""+.:;A=EEBDEDHMF""},""company"":"""",""license"":""5439""}},""youtubeVideo"":"""",""reposted"":false,""subCategoryType"":""Apartamento"",""square"":""112"",""rooms"":""3"",""bathrooms"":""2"",""parking"":""2"",""regionName"":""Ancón"",""propertyPrice"":""121800"",""lotSize"":""112"",""exactAddress"":""P.H. Altamira Gardens, Corregimiento de Ancón, Vía Centenario."",""pricePerM2Total"":{""amount"":{""value"":1087.5,""formatted"":""""}},""pricePerM2Square"":{""amount"":{""value"":1087.5,""formatted"":""""}},""units"":""$undefined"",""benefits"":[""Cerca de Escuela"",""Pet Friendly"",""Cerca del Tráfico"",""Vista a las Montañas"",""Parking bajo techo"",""Parking de visitas"",""Seguridad 24 Horas"",""2 o más elevadores"",""Lavandería interna"",""Depósito"",""Salón de fiestas"",""Parque Infantil"",""Gimnasio"",""Desayunador"",""Calle sin salida"",""Garaje techado"",""Sala y Comedor"",""Área Social"",""Walk-in closet"",""Área de BBQ"",""Lobby"",""Baño visitas"",""Conserjería""],""roomHeight"":""3"",""age"":""2015"",""stories"":""1"",""balcon"":""Balcón"",""swimmingPool"":true,""floorType"":""Porcelanato"",""floor"":""4"",""pdfPlan"":null,""status"":null,""hallmark"":{""text"":null,""color"":null},""projectStatus"":null,""projectModels"":{""square"":null,""rooms"":null,""bathrooms"":null,""price"":null},""known"":true}",
true,active,97878,32378232,venta-de-apartamento-con-2-balcones-en-ph-altamira-gardens-ancon-haga-una-oferta,https://www.encuentra24.com/panama-es/bienes-raices-venta-de-propiedades-apartamentos/venta-de-apartamento-con-2-balcones-en-ph-altamira-gardens-ancon-haga-una-oferta/32378232,sale,apartamentos,Apartamento,Venta de Apartamento con 2 balcones en PH Altamira Gardens - Ancón. Haga una oferta,,133000,USD,,1064,1064,,Ciudad de Panamá,Ancón,"P.H. Altamira Gardens, Corregimiento de Ancón, Vía Centenario.",,9.041792105017981,-79.54826831817627,3,2.5,2,125,,125,2014,1,4,Porcelanato,3,250,,"[""https://photos.encuentra24.com/t_or_fh_l/f_auto/v1/pa/32/37/82/32/32378232_7932559d90c78b6e0386ec473be2acff-1094c14"",""https://photos.encuentra24.com/t_or_fh_l/f_auto/v1/pa/32/37/82/32/32378232_7932559d90c78b6e0386ec473be2acff-d316141"",""https://photos.encuentra24.com/t_or_fh_l/f_auto/v1/pa/32/37/82/32/32378232_7932559d90c78b6e0386ec473be2acff-b55b1b3"",""https://photos.encuentra24.com/t_or_fh_l/f_auto/v1/pa/32/37/82/32/32378232_7932559d90c78b6e0386ec473be2acff-6d7d848"",""https://photos.encuentra24.com/t_or_fh_l/f_auto/v1/pa/32/37/82/32/32378232_7932559d90c78b6e0386ec473be2acff-471b0f4"",""https://photos.encuentra24.com/t_or_fh_l/f_auto/v1/pa/32/37/82/32/32378232_7932559d90c78b6e0386ec473be2acff-0d3f335"",""https://photos.encuentra24.com/t_or_fh_l/f_auto/v1/pa/32/37/82/32/32378232_7932559d90c78b6e0386ec473be2acff-0db361e"",""https://photos.encuentra24.com/t_or_fh_l/f_auto/v1/pa/32/37/82/32/32378232_7932559d90c78b6e0386ec473be2acff-f489486"",""https://photos.encuentra24.com/t_or_fh_l/f_auto/v1/pa/32/37/82/32/32378232_7932559d90c78b6e0386ec473be2acff-cddd4cb"",""https://photos.encuentra24.com/t_or_fh_l/f_auto/v1/pa/32/37/82/32/32378232_7932559d90c78b6e0386ec473be2acff-7838231""]",10,false,false,,Laurent Antonio Lezcano,Laurent Antonio Lezcano,,false,basic,,,"[""Cerca de Escuela"",""Pet Friendly"",""Cerca del Tráfico"",""Vista a las Montañas"",""Parking bajo techo"",""Parking de visitas"",""Seguridad 24 Horas"",""2 o más elevadores"",""Lavandería interna"",""Salón de fiestas"",""Parque Infantil"",""Gimnasio"",""Desayunador"",""Garaje techado"",""Sala y Comedor"",""Área Social"",""Walk-in closet"",""Área de BBQ"",""Lobby"",""Baño visitas"",""Conserjería""]",2026-05-04T22:15:41.000Z,2026-05-04T23:01:57.480Z,2026-05-04T23:02:16.764Z,,2026-05-04T23:02:16.764Z,2026-05-04T23:02:16.764Z,true,1,,"{""allowContactByForm"":true,""biUrl"":""https://www.encuentra24.com/clickhouse_mvp.php/lists?t=A6tRhZ1kQIRSNpmFobmfOI2%2Fb4yYlKuNTh5wlY5%2F8tRTxJLgczKZVw9HMmf9dMOMYtMrdX6%2BycWeNsxMbJDqxQ%2Fgycp%2FfbDPfEA0uwQBggzaT1NflUX4Og1ecMWcXzBrv%2FJ9v7pPKxtEV2exzFAAcijAxTTNcv0R593vn9hvK7blsMoSFbKkszUp4nAVlwxrqrt8jV84m%2FIlmyDN3wVeN4TIJ3BT1%2BbF0Mu3pLNr28E%3D&source_type=list"",""biUrls"":{""list"":""https://www.encuentra24.com/clickhouse_mvp.php/lists?t=A6tRhZ1kQIRSNpmFobmfOI2%2Fb4yYlKuNTh5wlY5%2F8tRTxJLgczKZVw9HMmf9dMOMYtMrdX6%2BycWeNsxMbJDqxQ%2Fgycp%2FfbDPfEA0uwQBggzaT1NflUX4Og1ecMWcXzBrv%2FJ9v7pPKxtEV2exzFAAcijAxTTNcv0R593vn9hvK7blsMoSFbKkszUp4nAVlwxrqrt8jV84m%2FIlmyDN3wVeN4TIJ3BT1%2BbF0Mu3pLNr28E%3D&source_type=list"",""visits"":""https://www.encuentra24.com/clickhouse_mvp.php/visits?t=A6tRhZ1kQIRSNpmFobmfOI2%2Fb4yYlKuNTh5wlY5%2F8tRTxJLgczKZVw9HMmf9dMOMYtMrdX6%2BycWeNsxMbJDqxQ%2Fgycp%2FfbDPfEA0uwQBggzaT1NflUX4Og1ecMWcXzBrv%2FJ9v7pPKxtEV2exzFAAcijAxTTNcv0R593vn9hvK7blsMoSFbKkszUp4nAVlwxrqrt8jV84m%2FIlmyDN3wVeN4TIJ3BT1%2BbF0Mu3pLNr28E%3D"",""favorites"":""https://www.encuentra24.com/clickhouse_mvp.php/favorites?t=A6tRhZ1kQIRSNpmFobmfOI2%2Fb4yYlKuNTh5wlY5%2F8tRTxJLgczKZVw9HMmf9dMOMYtMrdX6%2BycWeNsxMbJDqxQ%2Fgycp%2FfbDPfEA0uwQBggzaT1NflUX4Og1ecMWcXzBrv%2FJ9v7pPKxtEV2exzFAAcijAxTTNcv0R593vn9hvK7blsMoSFbKkszUp4nAVlwxrqrt8jV84m%2FIlmyDN3wVeNyoZSgwj7y3a9vhUAklN8ZbzeovXBalJeuDil4xTsEFK31dUyg1YVv680%2FhOcXDLKw%3D%3D&favorite=1""},""dateCreated"":""$D2026-05-04T22:15:41.000Z"",""dateUpdated"":""$D2026-05-04T22:51:24.000Z"",""description"":""$1c"",""featured"":null,""fieldset"":""property"",""funding"":{""enabled"":false,""type"":""externalurl"",""url"":false},""id"":""32378232"",""images"":[""https://photos.encuentra24.com/t_or_fh_m/f_auto/v1/pa/32/37/82/32/32378232_7932559d90c78b6e0386ec473be2acff-1094c14"",""https://photos.encuentra24.com/t_or_fh_m/f_auto/v1/pa/32/37/82/32/32378232_7932559d90c78b6e0386ec473be2acff-d316141"",""https://photos.encuentra24.com/t_or_fh_m/f_auto/v1/pa/32/37/82/32/32378232_7932559d90c78b6e0386ec473be2acff-b55b1b3"",""https://photos.encuentra24.com/t_or_fh_m/f_auto/v1/pa/32/37/82/32/32378232_7932559d90c78b6e0386ec473be2acff-6d7d848"",""https://photos.encuentra24.com/t_or_fh_m/f_auto/v1/pa/32/37/82/32/32378232_7932559d90c78b6e0386ec473be2acff-471b0f4"",""https://photos.encuentra24.com/t_or_fh_m/f_auto/v1/pa/32/37/82/32/32378232_7932559d90c78b6e0386ec473be2acff-0d3f335"",""https://photos.encuentra24.com/t_or_fh_m/f_auto/v1/pa/32/37/82/32/32378232_7932559d90c78b6e0386ec473be2acff-0db361e"",""https://photos.encuentra24.com/t_or_fh_m/f_auto/v1/pa/32/37/82/32/32378232_7932559d90c78b6e0386ec473be2acff-f489486"",""https://photos.encuentra24.com/t_or_fh_m/f_auto/v1/pa/32/37/82/32/32378232_7932559d90c78b6e0386ec473be2acff-cddd4cb"",""https://photos.encuentra24.com/t_or_fh_m/f_auto/v1/pa/32/37/82/32/32378232_7932559d90c78b6e0386ec473be2acff-7838231""],""link"":""/panama-es/bienes-raices-venta-de-propiedades-apartamentos/venta-de-apartamento-con-2-balcones-en-ph-altamira-gardens-ancon-haga-una-oferta/32378232"",""location"":{""address"":""Ciudad de Panamá, Ancón."",""locality"":""Ancón"",""city"":""Ciudad de Panamá"",""lat"":9.041792105017981,""lon"":-79.54826831817627,""zoom"":13},""mainCategory"":""Bienes Raíces"",""maintenanceCost"":{""currency"":{""countryISO"":""es-PA"",""symbol"":""PAB""},""discount"":{""value"":null,""formatted"":""""},""amount"":{""value"":250,""formatted"":""""},""amountFull"":{""value"":null,""formatted"":""""}},""price"":{""currency"":{""countryISO"":""es-PA"",""symbol"":""PAB""},""discount"":{""value"":null,""formatted"":""""},""amount"":{""value"":133000,""formatted"":""""},""amountFull"":{""value"":null,""formatted"":""""}},""price_value"":133000,""price_symbol"":""$$"",""price_discount"":null,""principalImage"":""https://photos.encuentra24.com/t_or_fh_m/f_auto/v1/pa/32/37/82/32/32378232_7932559d90c78b6e0386ec473be2acff-1094c14"",""principalVideo"":"""",""rent"":""$undefined"",""showCall"":true,""showWhatsapp"":true,""title"":""Venta de Apartamento con 2 balcones en PH Altamira Gardens - Ancón. Haga una oferta"",""active"":true,""user"":{""id"":""14789719"",""name"":""Laurent Antonio Lezcano"",""verified"":false,""avatar"":"""",""contact"":{""whatsapp"":""++=>D@HHEGHGKPI"",""phone1"":{""isMobile"":true,""number"":""%)9:@<DDACDCGLE""},""phone2"":{""isMobile"":true,""number"":""--=>D@HHEGHGKPI""},""company"":"""",""license"":""5439""}},""youtubeVideo"":"""",""reposted"":false,""subCategoryType"":""Apartamento"",""square"":""125"",""rooms"":""3"",""bathrooms"":""2.5"",""parking"":""2"",""regionName"":""Ancón"",""propertyPrice"":""133000"",""lotSize"":""125"",""exactAddress"":""P.H. Altamira Gardens, Corregimiento de Ancón, Vía Centenario."",""pricePerM2Total"":{""amount"":{""value"":1064,""formatted"":""""}},""pricePerM2Square"":{""amount"":{""value"":1064,""formatted"":""""}},""units"":""$undefined"",""benefits"":[""Cerca de Escuela"",""Pet Friendly"",""Cerca del Tráfico"",""Vista a las Montañas"",""Parking bajo techo"",""Parking de visitas"",""Seguridad 24 Horas"",""2 o más elevadores"",""Lavandería interna"",""Salón de fiestas"",""Parque Infantil"",""Gimnasio"",""Desayunador"",""Garaje techado"",""Sala y Comedor"",""Área Social"",""Walk-in closet"",""Área de BBQ"",""Lobby"",""Baño visitas"",""Conserjería""],""roomHeight"":""3"",""age"":""2014"",""stories"":""1"",""balcon"":""Balcón"",""swimmingPool"":true,""floorType"":""Porcelanato"",""floor"":""4"",""pdfPlan"":null,""status"":null,""hallmark"":{""text"":null,""color"":null},""projectStatus"":null,""projectModels"":{""square"":null,""rooms"":null,""bathrooms"":null,""price"":null},""known"":true}",
true,active,97205,32372685,venta-de-apartamento-en-ph-altamira-gardens,https://www.encuentra24.com/panama-es/bienes-raices-venta-de-propiedades-apartamentos/venta-de-apartamento-en-ph-altamira-gardens/32372685,sale,apartamentos,Apartamento,VENTA DE APARTAMENTO EN PH ALTAMIRA GARDENS,"VENTA DE AMPLIO APARTAMENTO AMOBLADO CON UNA EXCELENTE VISTA

2- RECAMARAS

2- BAÑOS

SALA COMEDOR

COCINA

AREA DE LAVANDERIA

BALCON

2- ESTACIONAMIENTOS

1- DEPOSITO

75 M2",135000,USD,,1800,1800,,Ciudad de Panamá,Tumba Muerto,TUMBA MUERTO,,9.04314832892821,-79.54839706420894,2,2,2,75,,75,,,,Cerámica,,,,"[""https://photos.encuentra24.com/t_or_fh_l/f_auto/v1/pa/32/37/26/85/32372685_e47f355614a0160b3e72d144a8059277-dded574"",""https://photos.encuentra24.com/t_or_fh_l/f_auto/v1/pa/32/37/26/85/32372685_e47f355614a0160b3e72d144a8059277-161ce38"",""https://photos.encuentra24.com/t_or_fh_l/f_auto/v1/pa/32/37/26/85/32372685_e47f355614a0160b3e72d144a8059277-38c1aa7"",""https://photos.encuentra24.com/t_or_fh_l/f_auto/v1/pa/32/37/26/85/32372685_e47f355614a0160b3e72d144a8059277-f74fa3b"",""https://photos.encuentra24.com/t_or_fh_l/f_auto/v1/pa/32/37/26/85/32372685_e47f355614a0160b3e72d144a8059277-5ebf1b0"",""https://photos.encuentra24.com/t_or_fh_l/f_auto/v1/pa/32/37/26/85/32372685_e47f355614a0160b3e72d144a8059277-8d6fbd7"",""https://photos.encuentra24.com/t_or_fh_l/f_auto/v1/pa/32/37/26/85/32372685_e47f355614a0160b3e72d144a8059277-5c86a0c"",""https://photos.encuentra24.com/t_or_fh_l/f_auto/v1/pa/32/37/26/85/32372685_e47f355614a0160b3e72d144a8059277-5e50c68"",""https://photos.encuentra24.com/t_or_fh_l/f_auto/v1/pa/32/37/26/85/32372685_e47f355614a0160b3e72d144a8059277-ae8f13d"",""https://photos.encuentra24.com/t_or_fh_l/f_auto/v1/pa/32/37/26/85/32372685_e47f355614a0160b3e72d144a8059277-666a308""]",10,false,false,,Yusnady Gonzalez,Yusnady Gonzalez,,false,basic,,,"[""Cerca de Escuela"",""Cerca del Tráfico"",""Vista a las Montañas"",""Parking bajo techo"",""Parking de visitas"",""Seguridad 24 Horas"",""2 o más elevadores"",""Salón de fiestas"",""Parque Infantil"",""Gimnasio"",""Desayunador"",""A/C"",""Terreno en esquina"",""Garaje techado"",""Sala y Comedor"",""Walk-in closet"",""Lobby"",""Jacuzzi"",""Despensa"",""Cocina amoblada"",""Comedor de diario"",""Aire acondicionado"",""Conserjería"",""Nevera"",""Estufa"",""Calentador de agua"",""Lavadora"",""Secadora""]",2026-05-04T02:19:43.000Z,2026-05-04T03:01:30.914Z,2026-05-04T03:01:51.552Z,,2026-05-04T03:01:51.552Z,2026-05-04T03:01:51.552Z,true,1,,"{""allowContactByForm"":true,""biUrl"":""https://www.encuentra24.com/clickhouse_mvp.php/lists?t=A6tRhZ1kQIRSNpmFobmfOI2%2Fb4yYlKuNTh5wlY5%2F8tRTxJLgczKZVw9HMmf9dMOMYtMrdX6%2BycWeNsxMbJDqxQ%2Fgycp%2FfbDPfEA0uwQBggzaT1NflUX4Og1ecMWcXzBrv%2FJ9v7pPKxtEV2exzFAAcijAxTTNcv0R593vn9hvK7aoIVJdngf1acfiaGTIr1lcwTYjW2nbyhacqJc7wnsB5c%2B%2FEqVeTxiP6j7X54U6jV4%3D&source_type=list"",""biUrls"":{""list"":""https://www.encuentra24.com/clickhouse_mvp.php/lists?t=A6tRhZ1kQIRSNpmFobmfOI2%2Fb4yYlKuNTh5wlY5%2F8tRTxJLgczKZVw9HMmf9dMOMYtMrdX6%2BycWeNsxMbJDqxQ%2Fgycp%2FfbDPfEA0uwQBggzaT1NflUX4Og1ecMWcXzBrv%2FJ9v7pPKxtEV2exzFAAcijAxTTNcv0R593vn9hvK7aoIVJdngf1acfiaGTIr1lcwTYjW2nbyhacqJc7wnsB5c%2B%2FEqVeTxiP6j7X54U6jV4%3D&source_type=list"",""visits"":""https://www.encuentra24.com/clickhouse_mvp.php/visits?t=A6tRhZ1kQIRSNpmFobmfOI2%2Fb4yYlKuNTh5wlY5%2F8tRTxJLgczKZVw9HMmf9dMOMYtMrdX6%2BycWeNsxMbJDqxQ%2Fgycp%2FfbDPfEA0uwQBggzaT1NflUX4Og1ecMWcXzBrv%2FJ9v7pPKxtEV2exzFAAcijAxTTNcv0R593vn9hvK7aoIVJdngf1acfiaGTIr1lcwTYjW2nbyhacqJc7wnsB5c%2B%2FEqVeTxiP6j7X54U6jV4%3D"",""favorites"":""https://www.encuentra24.com/clickhouse_mvp.php/favorites?t=A6tRhZ1kQIRSNpmFobmfOI2%2Fb4yYlKuNTh5wlY5%2F8tRTxJLgczKZVw9HMmf9dMOMYtMrdX6%2BycWeNsxMbJDqxQ%2Fgycp%2FfbDPfEA0uwQBggzaT1NflUX4Og1ecMWcXzBrv%2FJ9v7pPKxtEV2exzFAAcijAxTTNcv0R593vn9hvK7aoIVJdngf1acfiaGTIr1lcwTYjW2nbyhacqJc7wnsB5WV7Q2aN17KXuoX3hpDRzEWQR8gMFEw%2B0%2BEPKh4rjFc1UwsZD0ELkhpMeut1y%2FH1Og%3D%3D&favorite=1""},""dateCreated"":""$D2026-05-04T02:19:43.000Z"",""dateUpdated"":""$D2026-05-04T02:20:15.000Z"",""description"":""VENTA DE AMPLIO APARTAMENTO AMOBLADO CON UNA EXCELENTE VISTA \r<br />\n2- RECAMARAS \r<br />\n2- BAÑOS\r<br />\nSALA COMEDOR\r<br />\nCOCINA \r<br />\nAREA DE LAVANDERIA \r<br />\nBALCON \r<br />\n2- ESTACIONAMIENTOS \r<br />\n1- DEPOSITO\r<br />\n75 M2"",""featured"":null,""fieldset"":""property"",""funding"":{""enabled"":false,""type"":""externalurl"",""url"":false},""id"":""32372685"",""images"":[""https://photos.encuentra24.com/t_or_fh_m/f_auto/v1/pa/32/37/26/85/32372685_e47f355614a0160b3e72d144a8059277-dded574"",""https://photos.encuentra24.com/t_or_fh_m/f_auto/v1/pa/32/37/26/85/32372685_e47f355614a0160b3e72d144a8059277-161ce38"",""https://photos.encuentra24.com/t_or_fh_m/f_auto/v1/pa/32/37/26/85/32372685_e47f355614a0160b3e72d144a8059277-38c1aa7"",""https://photos.encuentra24.com/t_or_fh_m/f_auto/v1/pa/32/37/26/85/32372685_e47f355614a0160b3e72d144a8059277-f74fa3b"",""https://photos.encuentra24.com/t_or_fh_m/f_auto/v1/pa/32/37/26/85/32372685_e47f355614a0160b3e72d144a8059277-5ebf1b0"",""https://photos.encuentra24.com/t_or_fh_m/f_auto/v1/pa/32/37/26/85/32372685_e47f355614a0160b3e72d144a8059277-8d6fbd7"",""https://photos.encuentra24.com/t_or_fh_m/f_auto/v1/pa/32/37/26/85/32372685_e47f355614a0160b3e72d144a8059277-5c86a0c"",""https://photos.encuentra24.com/t_or_fh_m/f_auto/v1/pa/32/37/26/85/32372685_e47f355614a0160b3e72d144a8059277-5e50c68"",""https://photos.encuentra24.com/t_or_fh_m/f_auto/v1/pa/32/37/26/85/32372685_e47f355614a0160b3e72d144a8059277-ae8f13d"",""https://photos.encuentra24.com/t_or_fh_m/f_auto/v1/pa/32/37/26/85/32372685_e47f355614a0160b3e72d144a8059277-666a308""],""link"":""/panama-es/bienes-raices-venta-de-propiedades-apartamentos/venta-de-apartamento-en-ph-altamira-gardens/32372685"",""location"":{""address"":""Panama"",""locality"":""Tumba Muerto"",""city"":""Ciudad de Panamá"",""lat"":9.04314832892821,""lon"":-79.54839706420894,""zoom"":16},""mainCategory"":""Bienes Raíces"",""maintenanceCost"":""$undefined"",""price"":{""currency"":{""countryISO"":""es-PA"",""symbol"":""PAB""},""discount"":{""value"":null,""formatted"":""""},""amount"":{""value"":135000,""formatted"":""""},""amountFull"":{""value"":null,""formatted"":""""}},""price_value"":135000,""price_symbol"":""$$"",""price_discount"":null,""principalImage"":""https://photos.encuentra24.com/t_or_fh_m/f_auto/v1/pa/32/37/26/85/32372685_e47f355614a0160b3e72d144a8059277-dded574"",""principalVideo"":"""",""rent"":""$undefined"",""showCall"":true,""showWhatsapp"":true,""title"":""VENTA DE APARTAMENTO EN PH ALTAMIRA GARDENS"",""active"":true,""user"":{""id"":""400831"",""name"":""Yusnady Gonzalez"",""verified"":false,""avatar"":""https://photos.encuentra24.com/t_user_photo/v1/users/photo/40/08/31/400831_a78339"",""contact"":{""whatsapp"":""-)ABHDLLKPJMMSQ"",""phone1"":{""isMobile"":true,""number"":""&+89?;CCBGADDJH""},""phone2"":{""isMobile"":true,""number"":""*+<=C?GGFKEHHNL""},""company"":"""",""license"":""""}},""youtubeVideo"":"""",""reposted"":false,""subCategoryType"":""Apartamento"",""square"":""75"",""rooms"":""2"",""bathrooms"":""2"",""parking"":""2"",""regionName"":""Tumba Muerto"",""propertyPrice"":""135000"",""lotSize"":""75"",""exactAddress"":""TUMBA MUERTO"",""pricePerM2Total"":{""amount"":{""value"":1800,""formatted"":""""}},""pricePerM2Square"":{""amount"":{""value"":1800,""formatted"":""""}},""units"":""$undefined"",""benefits"":[""Cerca de Escuela"",""Cerca del Tráfico"",""Vista a las Montañas"",""Parking bajo techo"",""Parking de visitas"",""Seguridad 24 Horas"",""2 o más elevadores"",""Salón de fiestas"",""Parque Infantil"",""Gimnasio"",""Desayunador"",""A/C"",""Terreno en esquina"",""Garaje techado"",""Sala y Comedor"",""Walk-in closet"",""Lobby"",""Jacuzzi"",""Despensa"",""Cocina amoblada"",""Comedor de diario"",""Aire acondicionado"",""Conserjería"",""Nevera"",""Estufa"",""Calentador de agua"",""Lavadora"",""Secadora""],""roomHeight"":null,""age"":null,""stories"":null,""balcon"":""Balcón"",""swimmingPool"":true,""floorType"":""Cerámica"",""floor"":null,""pdfPlan"":null,""status"":null,""hallmark"":{""text"":null,""color"":null},""projectStatus"":null,""projectModels"":{""square"":null,""rooms"":null,""bathrooms"":null,""price"":null},""known"":true}",
true,active,96182,32365118,se-vende-apartamento-en-ph-altamira-gardens-en-ancon,https://www.encuentra24.com/panama-es/bienes-raices-venta-de-propiedades-apartamentos/se-vende-apartamento-en-ph-altamira-gardens-en-ancon/32365118,sale,apartamentos,Apartamento,SE VENDE APARTAMENTO EN PH ALTAMIRA GARDENS EN ANCON,"SE VENDE APARTAMENTO EN PH ALTAMIRA GARDENS EN EL CORREGIMIENTO DE ANCON POR $165,000

METRAJE: 80M2

HABITACIONES: 2

BAÑOS: 2

ESTACIONAMIENTO: 1

CUOTA DE MANTENIMIENTO: $250",0,USD,,,,,Ciudad de Panamá,Betania,,,,,2,2,1,80,,80,,,,,,250,,"[""https://static.encuentra24.com/images/temp/img1.jpg""]",1,false,false,,DG PROPERTIES INC,DG PROPERTIES INC,,false,basic,,,,2026-05-01T05:31:50.000Z,2026-05-01T09:01:49.423Z,2026-05-03T06:04:44.205Z,,2026-05-01T09:01:58.915Z,2026-05-01T09:01:58.915Z,true,1,,"{""allowContactByForm"":true,""biUrl"":""https://www.encuentra24.com/clickhouse_mvp.php/lists?t=A6tRhZ1kQIRSNpmFobmfOI2%2Fb4yYlKuNTh5wlY5%2F8tRTxJLgczKZVw9HMmf9dMOMYtMrdX6%2BycWeNsxMbJDqxQ%2Fgycp%2FfbDPfEA0uwQBggzaT1NflUX4Og1ecMWcXzBrv%2FJ9v7pPKxtEV2exzFAAckXfkzVnCDoVepEjhpq%2F5C8e9q7JtFSV4hwSaftRprER3BvuQ00DArF1P1coNjHEhIRBUUCtOmN3ujvlITM1CGU%3D&source_type=list"",""biUrls"":{""list"":""https://www.encuentra24.com/clickhouse_mvp.php/lists?t=A6tRhZ1kQIRSNpmFobmfOI2%2Fb4yYlKuNTh5wlY5%2F8tRTxJLgczKZVw9HMmf9dMOMYtMrdX6%2BycWeNsxMbJDqxQ%2Fgycp%2FfbDPfEA0uwQBggzaT1NflUX4Og1ecMWcXzBrv%2FJ9v7pPKxtEV2exzFAAckXfkzVnCDoVepEjhpq%2F5C8e9q7JtFSV4hwSaftRprER3BvuQ00DArF1P1coNjHEhIRBUUCtOmN3ujvlITM1CGU%3D&source_type=list"",""visits"":""https://www.encuentra24.com/clickhouse_mvp.php/visits?t=A6tRhZ1kQIRSNpmFobmfOI2%2Fb4yYlKuNTh5wlY5%2F8tRTxJLgczKZVw9HMmf9dMOMYtMrdX6%2BycWeNsxMbJDqxQ%2Fgycp%2FfbDPfEA0uwQBggzaT1NflUX4Og1ecMWcXzBrv%2FJ9v7pPKxtEV2exzFAAckXfkzVnCDoVepEjhpq%2F5C8e9q7JtFSV4hwSaftRprER3BvuQ00DArF1P1coNjHEhIRBUUCtOmN3ujvlITM1CGU%3D"",""favorites"":""https://www.encuentra24.com/clickhouse_mvp.php/favorites?t=A6tRhZ1kQIRSNpmFobmfOI2%2Fb4yYlKuNTh5wlY5%2F8tRTxJLgczKZVw9HMmf9dMOMYtMrdX6%2BycWeNsxMbJDqxQ%2Fgycp%2FfbDPfEA0uwQBggzaT1NflUX4Og1ecMWcXzBrv%2FJ9v7pPKxtEV2exzFAAckXfkzVnCDoVepEjhpq%2F5C8e9q7JtFSV4hwSaftRprER3BvuQ00DArF1P1coNjHEhNKp2TXPWEVomUAbSAwd6gO1N7b2x%2BYBV%2FJje7Z4MkOceLyHgq6hPQdXshiTSdOriA%3D%3D&favorite=1""},""dateCreated"":""$D2026-05-01T05:31:50.000Z"",""dateUpdated"":""$D2026-05-01T05:33:56.000Z"",""description"":""SE VENDE APARTAMENTO EN PH ALTAMIRA GARDENS EN EL CORREGIMIENTO DE ANCON POR $165,000<br />\n<br />\n <br />\n<br />\nMETRAJE: 80M2<br />\n<br />\nHABITACIONES: 2<br />\n<br />\nBAÑOS: 2<br />\n<br />\nESTACIONAMIENTO: 1<br />\n<br />\nCUOTA DE MANTENIMIENTO: $250"",""featured"":null,""fieldset"":""property"",""funding"":{""enabled"":false,""type"":""externalurl"",""url"":false},""id"":""32365118"",""images"":[""https://static.encuentra24.com/images/temp/img1.jpg""],""link"":""/panama-es/bienes-raices-venta-de-propiedades-apartamentos/se-vende-apartamento-en-ph-altamira-gardens-en-ancon/32365118"",""location"":{""address"":""Panamá, Obarrio, PH SFC, Oficina 26B."",""locality"":""Betania"",""city"":""Ciudad de Panamá"",""lat"":0,""lon"":0,""zoom"":0},""mainCategory"":""Bienes Raíces"",""maintenanceCost"":{""currency"":{""countryISO"":""es-PA"",""symbol"":""PAB""},""discount"":{""value"":null,""formatted"":""""},""amount"":{""value"":250,""formatted"":""""},""amountFull"":{""value"":null,""formatted"":""""}},""price"":""$undefined"",""price_value"":0,""price_symbol"":""$$"",""price_discount"":null,""principalImage"":""https://static.encuentra24.com/images/temp/img1.jpg"",""principalVideo"":"""",""rent"":""$undefined"",""showCall"":true,""showWhatsapp"":true,""title"":""SE VENDE APARTAMENTO EN PH ALTAMIRA GARDENS EN ANCON"",""active"":true,""user"":{""id"":""799282"",""name"":""DG PROPERTIES INC"",""verified"":false,""avatar"":""https://photos.encuentra24.com/t_user_logo/v1/users/logo/79/92/82/799282_dc5610"",""contact"":{""whatsapp"":""$$)89?;CCBCCDELF"",""phone1"":{""isMobile"":true,""number"":""-19:@<DDCDDEFMG""},""phone2"":{""isMobile"":true,""number"":""$$,56<8@@B>EBC@I""},""company"":""DG PROPERTIES INC"",""license"":""""}},""youtubeVideo"":"""",""reposted"":false,""subCategoryType"":""Apartamento"",""square"":""80"",""rooms"":""2"",""bathrooms"":""2"",""parking"":""1"",""regionName"":""Betania"",""propertyPrice"":null,""lotSize"":""80"",""exactAddress"":null,""pricePerM2Total"":""$undefined"",""pricePerM2Square"":""$undefined"",""units"":""$undefined"",""benefits"":[],""roomHeight"":null,""age"":null,""stories"":null,""balcon"":null,""swimmingPool"":null,""floorType"":null,""floor"":null,""pdfPlan"":null,""status"":null,""hallmark"":{""text"":null,""color"":null},""projectStatus"":null,""projectModels"":{""square"":null,""rooms"":null,""bathrooms"":null,""price"":null},""known"":true}",
true,active,95266,32359681,venta-de-apartamento-en-ph-altamira-gardens-ancon-haga-una-oferta,https://www.encuentra24.com/panama-es/bienes-raices-venta-de-propiedades-apartamentos/venta-de-apartamento-en-ph-altamira-gardens-ancon-haga-una-oferta/32359681,sale,apartamentos,Apartamento,Venta de Apartamento en PH Altamira Gardens - Ancón. Haga una oferta,,198000,USD,,1320,1320,,Ciudad de Panamá,Ancón,"P.H. Altamira Gardens, Corregimiento de Ancón, Vía Centenario.",,9.04204639739024,-79.54779624938965,4,3.5,2,150,,150,2013,1,3,Porcelanato,3,300,,"[""https://photos.encuentra24.com/t_or_fh_l/f_auto/v1/pa/32/35/96/81/32359681_7a60980b09127975c5900d31394689b2-a8bbe54"",""https://photos.encuentra24.com/t_or_fh_l/f_auto/v1/pa/32/35/96/81/32359681_7a60980b09127975c5900d31394689b2-5aea184"",""https://photos.encuentra24.com/t_or_fh_l/f_auto/v1/pa/32/35/96/81/32359681_7a60980b09127975c5900d31394689b2-001d880"",""https://photos.encuentra24.com/t_or_fh_l/f_auto/v1/pa/32/35/96/81/32359681_7a60980b09127975c5900d31394689b2-08c2825"",""https://photos.encuentra24.com/t_or_fh_l/f_auto/v1/pa/32/35/96/81/32359681_7a60980b09127975c5900d31394689b2-1ec79f2"",""https://photos.encuentra24.com/t_or_fh_l/f_auto/v1/pa/32/35/96/81/32359681_7a60980b09127975c5900d31394689b2-6af0187"",""https://photos.encuentra24.com/t_or_fh_l/f_auto/v1/pa/32/35/96/81/32359681_7a60980b09127975c5900d31394689b2-f5e0dd4"",""https://photos.encuentra24.com/t_or_fh_l/f_auto/v1/pa/32/35/96/81/32359681_7a60980b09127975c5900d31394689b2-dee1476"",""https://photos.encuentra24.com/t_or_fh_l/f_auto/v1/pa/32/35/96/81/32359681_7a60980b09127975c5900d31394689b2-0a932e4"",""https://photos.encuentra24.com/t_or_fh_l/f_auto/v1/pa/32/35/96/81/32359681_7a60980b09127975c5900d31394689b2-96c381a"",""https://photos.encuentra24.com/t_or_fh_l/f_auto/v1/pa/32/35/96/81/32359681_7a60980b09127975c5900d31394689b2-eea8300"",""https://photos.encuentra24.com/t_or_fh_l/f_auto/v1/pa/32/35/96/81/32359681_7a60980b09127975c5900d31394689b2-ea91713"",""https://photos.encuentra24.com/t_or_fh_l/f_auto/v1/pa/32/35/96/81/32359681_7a60980b09127975c5900d31394689b2-3acd8fb"",""https://photos.encuentra24.com/t_or_fh_l/f_auto/v1/pa/32/35/96/81/32359681_7a60980b09127975c5900d31394689b2-66fee48"",""https://photos.encuentra24.com/t_or_fh_l/f_auto/v1/pa/32/35/96/81/32359681_7a60980b09127975c5900d31394689b2-84f4388"",""https://photos.encuentra24.com/t_or_fh_l/f_auto/v1/pa/32/35/96/81/32359681_7a60980b09127975c5900d31394689b2-b4bd738"",""https://photos.encuentra24.com/t_or_fh_l/f_auto/v1/pa/32/35/96/81/32359681_7a60980b09127975c5900d31394689b2-e7c72f8"",""https://photos.encuentra24.com/t_or_fh_l/f_auto/v1/pa/32/35/96/81/32359681_7a60980b09127975c5900d31394689b2-1d1dc22"",""https://photos.encuentra24.com/t_or_fh_l/f_auto/v1/pa/32/35/96/81/32359681_7a60980b09127975c5900d31394689b2-f4a3bcf""]",19,false,false,,Laurent Antonio Lezcano,Laurent Antonio Lezcano,,false,basic,,,"[""Cerca de Escuela"",""Pet Friendly"",""Cerca del Tráfico"",""Vista a las Montañas"",""Parking bajo techo"",""Parking de visitas"",""Seguridad 24 Horas"",""2 o más elevadores"",""Lavandería interna"",""Depósito"",""Salón de fiestas"",""Parque Infantil"",""Gimnasio"",""Desayunador"",""Calle sin salida"",""Garaje techado"",""Sala y Comedor"",""Área Social"",""Walk-in closet"",""Área de BBQ"",""Lobby"",""Baño visitas"",""Conserjería""]",2026-04-30T02:51:56.000Z,2026-04-30T03:01:22.218Z,2026-05-03T06:07:10.657Z,,2026-04-30T03:01:27.223Z,2026-04-30T03:01:27.223Z,true,1,,"{""allowContactByForm"":true,""biUrl"":""https://www.encuentra24.com/clickhouse_mvp.php/lists?t=A6tRhZ1kQIRSNpmFobmfOI2%2Fb4yYlKuNTh5wlY5%2F8tRTxJLgczKZVw9HMmf9dMOMYtMrdX6%2BycWeNsxMbJDqxQ%2Fgycp%2FfbDPfEA0uwQBggzaT1NflUX4Og1ecMWcXzBrv%2FJ9v7pPKxtEV2exzFAAcruizKBlI01AFIDOu%2BxXu%2FF7aTDgqj1QPl5Y%2BDr9ZLmXpBssmV42Gs6ifVaQleKwAMLpJsegwyRxdi%2Fp7ivVom4%3D&source_type=list"",""biUrls"":{""list"":""https://www.encuentra24.com/clickhouse_mvp.php/lists?t=A6tRhZ1kQIRSNpmFobmfOI2%2Fb4yYlKuNTh5wlY5%2F8tRTxJLgczKZVw9HMmf9dMOMYtMrdX6%2BycWeNsxMbJDqxQ%2Fgycp%2FfbDPfEA0uwQBggzaT1NflUX4Og1ecMWcXzBrv%2FJ9v7pPKxtEV2exzFAAcruizKBlI01AFIDOu%2BxXu%2FF7aTDgqj1QPl5Y%2BDr9ZLmXpBssmV42Gs6ifVaQleKwAMLpJsegwyRxdi%2Fp7ivVom4%3D&source_type=list"",""visits"":""https://www.encuentra24.com/clickhouse_mvp.php/visits?t=A6tRhZ1kQIRSNpmFobmfOI2%2Fb4yYlKuNTh5wlY5%2F8tRTxJLgczKZVw9HMmf9dMOMYtMrdX6%2BycWeNsxMbJDqxQ%2Fgycp%2FfbDPfEA0uwQBggzaT1NflUX4Og1ecMWcXzBrv%2FJ9v7pPKxtEV2exzFAAcruizKBlI01AFIDOu%2BxXu%2FF7aTDgqj1QPl5Y%2BDr9ZLmXpBssmV42Gs6ifVaQleKwAMLpJsegwyRxdi%2Fp7ivVom4%3D"",""favorites"":""https://www.encuentra24.com/clickhouse_mvp.php/favorites?t=A6tRhZ1kQIRSNpmFobmfOI2%2Fb4yYlKuNTh5wlY5%2F8tRTxJLgczKZVw9HMmf9dMOMYtMrdX6%2BycWeNsxMbJDqxQ%2Fgycp%2FfbDPfEA0uwQBggzaT1NflUX4Og1ecMWcXzBrv%2FJ9v7pPKxtEV2exzFAAcruizKBlI01AFIDOu%2BxXu%2FF7aTDgqj1QPl5Y%2BDr9ZLmXpBssmV42Gs6ifVaQleKwACTDSnJkwWdZ%2BfvztRPPP0TJpg9lW33YiF0hCsY4MvZ8VpAf6oheVnpLplcuNWoI8Q%3D%3D&favorite=1""},""dateCreated"":""$D2026-04-30T02:51:56.000Z"",""dateUpdated"":""$D2026-04-30T02:52:31.000Z"",""description"":""$1c"",""featured"":null,""fieldset"":""property"",""funding"":{""enabled"":false,""type"":""externalurl"",""url"":false},""id"":""32359681"",""images"":[""https://photos.encuentra24.com/t_or_fh_m/f_auto/v1/pa/32/35/96/81/32359681_7a60980b09127975c5900d31394689b2-a8bbe54"",""https://photos.encuentra24.com/t_or_fh_m/f_auto/v1/pa/32/35/96/81/32359681_7a60980b09127975c5900d31394689b2-5aea184"",""https://photos.encuentra24.com/t_or_fh_m/f_auto/v1/pa/32/35/96/81/32359681_7a60980b09127975c5900d31394689b2-001d880"",""https://photos.encuentra24.com/t_or_fh_m/f_auto/v1/pa/32/35/96/81/32359681_7a60980b09127975c5900d31394689b2-08c2825"",""https://photos.encuentra24.com/t_or_fh_m/f_auto/v1/pa/32/35/96/81/32359681_7a60980b09127975c5900d31394689b2-1ec79f2"",""https://photos.encuentra24.com/t_or_fh_m/f_auto/v1/pa/32/35/96/81/32359681_7a60980b09127975c5900d31394689b2-6af0187"",""https://photos.encuentra24.com/t_or_fh_m/f_auto/v1/pa/32/35/96/81/32359681_7a60980b09127975c5900d31394689b2-f5e0dd4"",""https://photos.encuentra24.com/t_or_fh_m/f_auto/v1/pa/32/35/96/81/32359681_7a60980b09127975c5900d31394689b2-dee1476"",""https://photos.encuentra24.com/t_or_fh_m/f_auto/v1/pa/32/35/96/81/32359681_7a60980b09127975c5900d31394689b2-0a932e4"",""https://photos.encuentra24.com/t_or_fh_m/f_auto/v1/pa/32/35/96/81/32359681_7a60980b09127975c5900d31394689b2-96c381a"",""https://photos.encuentra24.com/t_or_fh_m/f_auto/v1/pa/32/35/96/81/32359681_7a60980b09127975c5900d31394689b2-eea8300"",""https://photos.encuentra24.com/t_or_fh_m/f_auto/v1/pa/32/35/96/81/32359681_7a60980b09127975c5900d31394689b2-ea91713"",""https://photos.encuentra24.com/t_or_fh_m/f_auto/v1/pa/32/35/96/81/32359681_7a60980b09127975c5900d31394689b2-3acd8fb"",""https://photos.encuentra24.com/t_or_fh_m/f_auto/v1/pa/32/35/96/81/32359681_7a60980b09127975c5900d31394689b2-66fee48"",""https://photos.encuentra24.com/t_or_fh_m/f_auto/v1/pa/32/35/96/81/32359681_7a60980b09127975c5900d31394689b2-84f4388"",""https://photos.encuentra24.com/t_or_fh_m/f_auto/v1/pa/32/35/96/81/32359681_7a60980b09127975c5900d31394689b2-b4bd738"",""https://photos.encuentra24.com/t_or_fh_m/f_auto/v1/pa/32/35/96/81/32359681_7a60980b09127975c5900d31394689b2-e7c72f8"",""https://photos.encuentra24.com/t_or_fh_m/f_auto/v1/pa/32/35/96/81/32359681_7a60980b09127975c5900d31394689b2-1d1dc22"",""https://photos.encuentra24.com/t_or_fh_m/f_auto/v1/pa/32/35/96/81/32359681_7a60980b09127975c5900d31394689b2-f4a3bcf""],""link"":""/panama-es/bienes-raices-venta-de-propiedades-apartamentos/venta-de-apartamento-en-ph-altamira-gardens-ancon-haga-una-oferta/32359681"",""location"":{""address"":""Ciudad de Panamá, Ancón."",""locality"":""Ancón"",""city"":""Ciudad de Panamá"",""lat"":9.04204639739024,""lon"":-79.54779624938965,""zoom"":15},""mainCategory"":""Bienes Raíces"",""maintenanceCost"":{""currency"":{""countryISO"":""es-PA"",""symbol"":""PAB""},""discount"":{""value"":null,""formatted"":""""},""amount"":{""value"":300,""formatted"":""""},""amountFull"":{""value"":null,""formatted"":""""}},""price"":{""currency"":{""countryISO"":""es-PA"",""symbol"":""PAB""},""discount"":{""value"":null,""formatted"":""""},""amount"":{""value"":198000,""formatted"":""""},""amountFull"":{""value"":null,""formatted"":""""}},""price_value"":198000,""price_symbol"":""$$"",""price_discount"":null,""principalImage"":""https://photos.encuentra24.com/t_or_fh_m/f_auto/v1/pa/32/35/96/81/32359681_7a60980b09127975c5900d31394689b2-a8bbe54"",""principalVideo"":"""",""rent"":""$undefined"",""showCall"":true,""showWhatsapp"":true,""title"":""Venta de Apartamento en PH Altamira Gardens - Ancón. Haga una oferta"",""active"":true,""user"":{""id"":""14789719"",""name"":""Laurent Antonio Lezcano"",""verified"":false,""avatar"":"""",""contact"":{""whatsapp"":""$$/2395==:<=<@E>"",""phone1"":{""isMobile"":true,""number"":"",278>:BB?ABAEJC""},""phone2"":{""isMobile"":true,""number"":""*,;<B>FFCEFEING""},""company"":"""",""license"":""5439""}},""youtubeVideo"":"""",""reposted"":false,""subCategoryType"":""Apartamento"",""square"":""150"",""rooms"":""4"",""bathrooms"":""3.5"",""parking"":""2"",""regionName"":""Ancón"",""propertyPrice"":""198000"",""lotSize"":""150"",""exactAddress"":""P.H. Altamira Gardens, Corregimiento de Ancón, Vía Centenario."",""pricePerM2Total"":{""amount"":{""value"":1320,""formatted"":""""}},""pricePerM2Square"":{""amount"":{""value"":1320,""formatted"":""""}},""units"":""$undefined"",""benefits"":[""Cerca de Escuela"",""Pet Friendly"",""Cerca del Tráfico"",""Vista a las Montañas"",""Parking bajo techo"",""Parking de visitas"",""Seguridad 24 Horas"",""2 o más elevadores"",""Lavandería interna"",""Depósito"",""Salón de fiestas"",""Parque Infantil"",""Gimnasio"",""Desayunador"",""Calle sin salida"",""Garaje techado"",""Sala y Comedor"",""Área Social"",""Walk-in closet"",""Área de BBQ"",""Lobby"",""Baño visitas"",""Conserjería""],""roomHeight"":""3"",""age"":""2013"",""stories"":""1"",""balcon"":""Balcón"",""swimmingPool"":true,""floorType"":""Porcelanato"",""floor"":""3"",""pdfPlan"":null,""status"":null,""hallmark"":{""text"":null,""color"":null},""projectStatus"":null,""projectModels"":{""square"":null,""rooms"":null,""bathrooms"":null,""price"":null},""known"":true}",
true,active,85608,32298473,oportunidad-vendo-apto-con-jardin-privado-3-hab-ph-altamira-gardens,https://www.encuentra24.com/panama-es/bienes-raices-venta-de-propiedades-apartamentos/oportunidad-vendo-apto-con-jardin-privado-3-hab-ph-altamira-gardens/32298473,sale,apartamentos,Apartamento,OPORTUNIDAD  VENDO APTO con jardín privado 3 hab PH ALTAMIRA GARDENS,,160000,USD,,1230.7692307692307,1230.7692307692307,,Panamá Provincia,Ciudad de Panamá,PH ALTAMIRA GARDENS  VIA CENTENARIO a  5 min de ALTAPLAZA MALL detrás del Estadio Rod Carew,,9.042088779434945,-79.54985618591304,3,2,2,130,,130,,1,,Porcelanato,,,,"[""https://photos.encuentra24.com/t_or_fh_l/f_auto/v1/pa/32/29/84/73/32298473_334c41134a8be704f93fe3d1767075b6-eb61309"",""https://photos.encuentra24.com/t_or_fh_l/f_auto/v1/pa/32/29/84/73/32298473_334c41134a8be704f93fe3d1767075b6-6c23a53"",""https://photos.encuentra24.com/t_or_fh_l/f_auto/v1/pa/32/29/84/73/32298473_334c41134a8be704f93fe3d1767075b6-0a400ea"",""https://photos.encuentra24.com/t_or_fh_l/f_auto/v1/pa/32/29/84/73/32298473_334c41134a8be704f93fe3d1767075b6-4e6aa0e"",""https://photos.encuentra24.com/t_or_fh_l/f_auto/v1/pa/32/29/84/73/32298473_334c41134a8be704f93fe3d1767075b6-8cd38e7"",""https://photos.encuentra24.com/t_or_fh_l/f_auto/v1/pa/32/29/84/73/32298473_334c41134a8be704f93fe3d1767075b6-32c9b41"",""https://photos.encuentra24.com/t_or_fh_l/f_auto/v1/pa/32/29/84/73/32298473_334c41134a8be704f93fe3d1767075b6-71e57a2"",""https://photos.encuentra24.com/t_or_fh_l/f_auto/v1/pa/32/29/84/73/32298473_334c41134a8be704f93fe3d1767075b6-fe7ddb4"",""https://photos.encuentra24.com/t_or_fh_l/f_auto/v1/pa/32/29/84/73/32298473_334c41134a8be704f93fe3d1767075b6-4432f99"",""https://photos.encuentra24.com/t_or_fh_l/f_auto/v1/pa/32/29/84/73/32298473_334c41134a8be704f93fe3d1767075b6-6e58fa4"",""https://photos.encuentra24.com/t_or_fh_l/f_auto/v1/pa/32/29/84/73/32298473_334c41134a8be704f93fe3d1767075b6-8f41074"",""https://photos.encuentra24.com/t_or_fh_l/f_auto/v1/pa/32/29/84/73/32298473_334c41134a8be704f93fe3d1767075b6-61e2ca8"",""https://photos.encuentra24.com/t_or_fh_l/f_auto/v1/pa/32/29/84/73/32298473_334c41134a8be704f93fe3d1767075b6-087a396"",""https://photos.encuentra24.com/t_or_fh_l/f_auto/v1/pa/32/29/84/73/32298473_334c41134a8be704f93fe3d1767075b6-68ac1bc"",""https://photos.encuentra24.com/t_or_fh_l/f_auto/v1/pa/32/29/84/73/32298473_334c41134a8be704f93fe3d1767075b6-c983950"",""https://photos.encuentra24.com/t_or_fh_l/f_auto/v1/pa/32/29/84/73/32298473_334c41134a8be704f93fe3d1767075b6-e996c9d"",""https://photos.encuentra24.com/t_or_fh_l/f_auto/v1/pa/32/29/84/73/32298473_334c41134a8be704f93fe3d1767075b6-e776797"",""https://photos.encuentra24.com/t_or_fh_l/f_auto/v1/pa/32/29/84/73/32298473_334c41134a8be704f93fe3d1767075b6-33f0e89"",""https://photos.encuentra24.com/t_or_fh_l/f_auto/v1/pa/32/29/84/73/32298473_334c41134a8be704f93fe3d1767075b6-1201816""]",19,false,false,,Invierte .pa,Invierte .pa,,true,basic,,,"[""Cerca de Escuela"",""Pet Friendly"",""Cerca del Tráfico"",""Vista a las Montañas"",""Parking bajo techo"",""Parking de visitas"",""Seguridad 24 Horas"",""Lavandería interna"",""Depósito"",""Salón de fiestas"",""Jardín"",""Parque Infantil"",""Gimnasio"",""A/C"",""Calle sin salida"",""Área Social"",""Área de BBQ""]",2026-04-17T00:34:28.000Z,2026-04-17T02:01:56.323Z,2026-05-03T06:31:06.571Z,,2026-04-17T02:02:15.193Z,2026-04-26T01:24:43.361Z,true,1,,"{""allowContactByForm"":true,""biUrl"":""https://www.encuentra24.com/clickhouse_mvp.php/lists?t=A6tRhZ1kQIRSNpmFobmfOI2%2Fb4yYlKuNTh5wlY5%2F8tRTxJLgczKZVw9HMmf9dMOMYtMrdX6%2BycWeNsxMbJDqxQ%2Fgycp%2FfbDPfEA0uwQBggzaT1NflUX4Og1ecMWcXzBrv%2FJ9v7pPKxtEV2exzFAAcmpOtw%2ByeoYEvD6o8GL%2BC022oT2x27ZxhRM6zX%2FBAXw%2BHI2YMTPHUxL03cnX%2BbQA%2BMTQqjxOLyVHZPhLTb6Vbkw%3D&source_type=list"",""biUrls"":{""list"":""https://www.encuentra24.com/clickhouse_mvp.php/lists?t=A6tRhZ1kQIRSNpmFobmfOI2%2Fb4yYlKuNTh5wlY5%2F8tRTxJLgczKZVw9HMmf9dMOMYtMrdX6%2BycWeNsxMbJDqxQ%2Fgycp%2FfbDPfEA0uwQBggzaT1NflUX4Og1ecMWcXzBrv%2FJ9v7pPKxtEV2exzFAAcmpOtw%2ByeoYEvD6o8GL%2BC022oT2x27ZxhRM6zX%2FBAXw%2BHI2YMTPHUxL03cnX%2BbQA%2BMTQqjxOLyVHZPhLTb6Vbkw%3D&source_type=list"",""visits"":""https://www.encuentra24.com/clickhouse_mvp.php/visits?t=A6tRhZ1kQIRSNpmFobmfOI2%2Fb4yYlKuNTh5wlY5%2F8tRTxJLgczKZVw9HMmf9dMOMYtMrdX6%2BycWeNsxMbJDqxQ%2Fgycp%2FfbDPfEA0uwQBggzaT1NflUX4Og1ecMWcXzBrv%2FJ9v7pPKxtEV2exzFAAcmpOtw%2ByeoYEvD6o8GL%2BC022oT2x27ZxhRM6zX%2FBAXw%2BHI2YMTPHUxL03cnX%2BbQA%2BMTQqjxOLyVHZPhLTb6Vbkw%3D"",""favorites"":""https://www.encuentra24.com/clickhouse_mvp.php/favorites?t=A6tRhZ1kQIRSNpmFobmfOI2%2Fb4yYlKuNTh5wlY5%2F8tRTxJLgczKZVw9HMmf9dMOMYtMrdX6%2BycWeNsxMbJDqxQ%2Fgycp%2FfbDPfEA0uwQBggzaT1NflUX4Og1ecMWcXzBrv%2FJ9v7pPKxtEV2exzFAAcmpOtw%2ByeoYEvD6o8GL%2BC022oT2x27ZxhRM6zX%2FBAXw%2BHI2YMTPHUxL03cnX%2BbQA%2BNlopaAWH%2B5zZ7qabIY4D9GoNp5RMMAT7bFMaU%2BLF1dwKahT6bL4Lr%2F3yiKy%2F%2BTbMw%3D%3D&favorite=1""},""dateCreated"":""$D2026-04-17T00:34:28.000Z"",""dateUpdated"":""$D2026-04-17T00:34:57.000Z"",""description"":""$1c"",""featured"":null,""fieldset"":""property"",""funding"":{""enabled"":false,""type"":""externalurl"",""url"":false},""id"":""32298473"",""images"":[""https://photos.encuentra24.com/t_or_fh_m/f_auto/v1/pa/32/29/84/73/32298473_334c41134a8be704f93fe3d1767075b6-eb61309"",""https://photos.encuentra24.com/t_or_fh_m/f_auto/v1/pa/32/29/84/73/32298473_334c41134a8be704f93fe3d1767075b6-6c23a53"",""https://photos.encuentra24.com/t_or_fh_m/f_auto/v1/pa/32/29/84/73/32298473_334c41134a8be704f93fe3d1767075b6-0a400ea"",""https://photos.encuentra24.com/t_or_fh_m/f_auto/v1/pa/32/29/84/73/32298473_334c41134a8be704f93fe3d1767075b6-4e6aa0e"",""https://photos.encuentra24.com/t_or_fh_m/f_auto/v1/pa/32/29/84/73/32298473_334c41134a8be704f93fe3d1767075b6-8cd38e7"",""https://photos.encuentra24.com/t_or_fh_m/f_auto/v1/pa/32/29/84/73/32298473_334c41134a8be704f93fe3d1767075b6-32c9b41"",""https://photos.encuentra24.com/t_or_fh_m/f_auto/v1/pa/32/29/84/73/32298473_334c41134a8be704f93fe3d1767075b6-71e57a2"",""https://photos.encuentra24.com/t_or_fh_m/f_auto/v1/pa/32/29/84/73/32298473_334c41134a8be704f93fe3d1767075b6-fe7ddb4"",""https://photos.encuentra24.com/t_or_fh_m/f_auto/v1/pa/32/29/84/73/32298473_334c41134a8be704f93fe3d1767075b6-4432f99"",""https://photos.encuentra24.com/t_or_fh_m/f_auto/v1/pa/32/29/84/73/32298473_334c41134a8be704f93fe3d1767075b6-6e58fa4"",""https://photos.encuentra24.com/t_or_fh_m/f_auto/v1/pa/32/29/84/73/32298473_334c41134a8be704f93fe3d1767075b6-8f41074"",""https://photos.encuentra24.com/t_or_fh_m/f_auto/v1/pa/32/29/84/73/32298473_334c41134a8be704f93fe3d1767075b6-61e2ca8"",""https://photos.encuentra24.com/t_or_fh_m/f_auto/v1/pa/32/29/84/73/32298473_334c41134a8be704f93fe3d1767075b6-087a396"",""https://photos.encuentra24.com/t_or_fh_m/f_auto/v1/pa/32/29/84/73/32298473_334c41134a8be704f93fe3d1767075b6-68ac1bc"",""https://photos.encuentra24.com/t_or_fh_m/f_auto/v1/pa/32/29/84/73/32298473_334c41134a8be704f93fe3d1767075b6-c983950"",""https://photos.encuentra24.com/t_or_fh_m/f_auto/v1/pa/32/29/84/73/32298473_334c41134a8be704f93fe3d1767075b6-e996c9d"",""https://photos.encuentra24.com/t_or_fh_m/f_auto/v1/pa/32/29/84/73/32298473_334c41134a8be704f93fe3d1767075b6-e776797"",""https://photos.encuentra24.com/t_or_fh_m/f_auto/v1/pa/32/29/84/73/32298473_334c41134a8be704f93fe3d1767075b6-33f0e89"",""https://photos.encuentra24.com/t_or_fh_m/f_auto/v1/pa/32/29/84/73/32298473_334c41134a8be704f93fe3d1767075b6-1201816""],""link"":""/panama-es/bienes-raices-venta-de-propiedades-apartamentos/oportunidad-vendo-apto-con-jardin-privado-3-hab-ph-altamira-gardens/32298473"",""location"":{""address"":"""",""locality"":""Ciudad de Panamá"",""city"":""Panamá Provincia"",""lat"":9.042088779434945,""lon"":-79.54985618591304,""zoom"":14},""mainCategory"":""Bienes Raíces"",""maintenanceCost"":""$undefined"",""price"":{""currency"":{""countryISO"":""es-PA"",""symbol"":""PAB""},""discount"":{""value"":null,""formatted"":""""},""amount"":{""value"":160000,""formatted"":""""},""amountFull"":{""value"":null,""formatted"":""""}},""price_value"":160000,""price_symbol"":""$$"",""price_discount"":null,""principalImage"":""https://photos.encuentra24.com/t_or_fh_m/f_auto/v1/pa/32/29/84/73/32298473_334c41134a8be704f93fe3d1767075b6-eb61309"",""principalVideo"":"""",""rent"":""$undefined"",""showCall"":true,""showWhatsapp"":true,""title"":""OPORTUNIDAD  VENDO APTO con jardín privado 3 hab PH ALTAMIRA GARDENS"",""active"":true,""user"":{""id"":""694765"",""name"":""Invierte .pa"",""verified"":true,""avatar"":"""",""contact"":{""whatsapp"":""&+89?;CCCD@IDGF"",""phone1"":{""isMobile"":true,""number"":""#1/062:::;7@;>=""},""phone2"":{""isMobile"":false,""number"":""""},""company"":"""",""license"":""""}},""youtubeVideo"":"""",""reposted"":false,""subCategoryType"":""Apartamento"",""square"":""130"",""rooms"":""3"",""bathrooms"":""2"",""parking"":""2"",""regionName"":""Ciudad de Panamá"",""propertyPrice"":""160000"",""lotSize"":""130"",""exactAddress"":""PH ALTAMIRA GARDENS  VIA CENTENARIO a  5 min de ALTAPLAZA MALL detrás del Estadio Rod Carew"",""pricePerM2Total"":{""amount"":{""value"":1230.7692307692307,""formatted"":""""}},""pricePerM2Square"":{""amount"":{""value"":1230.7692307692307,""formatted"":""""}},""units"":""$undefined"",""benefits"":[""Cerca de Escuela"",""Pet Friendly"",""Cerca del Tráfico"",""Vista a las Montañas"",""Parking bajo techo"",""Parking de visitas"",""Seguridad 24 Horas"",""Lavandería interna"",""Depósito"",""Salón de fiestas"",""Jardín"",""Parque Infantil"",""Gimnasio"",""A/C"",""Calle sin salida"",""Área Social"",""Área de BBQ""],""roomHeight"":null,""age"":null,""stories"":""1"",""balcon"":null,""swimmingPool"":true,""floorType"":""Porcelanato"",""floor"":""planta baja"",""pdfPlan"":null,""status"":null,""hallmark"":{""text"":null,""color"":null},""projectStatus"":null,""projectModels"":{""square"":null,""rooms"":null,""bathrooms"":null,""price"":null},""known"":true}",
true,active,84802,32294644,venta-de-apartamento-en-avenida-centenario,https://www.encuentra24.com/panama-es/bienes-raices-venta-de-propiedades-apartamentos/venta-de-apartamento-en-avenida-centenario/32294644,sale,apartamentos,Apartamento,VENTA DE APARTAMENTO EN AVENIDA CENTENARIO,"VENTA DE APARTAMENTO EN AVENIDA CENTENARIO

Nombre del PH: PH ALTAMIRA GARDENS

Ubicación: Avenida centenario, camino hacia el Rod Carew

Detalles de la casa:

- Metraje de construcción : 128 mt2

- 3 habitaciones

- 2 baños

- Sala

- Comedor

- Cocina abierta

- Lavandería

- 1 depósito

- 2 balcones

- 2 Estacionamiento back to back

- Incluye la línea blanca

Amenidades:

- Piscinas

- Gimnasio

- Salón de fiestas

- Parque infantil

- Salón de eventos

- Cancha multideportiva

- Vigilancia 24 horas

- Estacionamiento para visitas

PRECIO: $180,000.00

SKU: 02",180000,USD,,1406.25,1406.25,,Panamá Provincia,Ciudad de Panamá,,,9.03930744718065,-79.5458891987805,3,2,2,128,,128,,,,,,,,"[""https://photos.encuentra24.com/t_or_fh_l/f_auto/v1/pa/32/29/46/44/32294644_e37540ab49ce7e5f9ef0447deca9afba-8eee88c"",""https://photos.encuentra24.com/t_or_fh_l/f_auto/v1/pa/32/29/46/44/32294644_e37540ab49ce7e5f9ef0447deca9afba-51cd11b"",""https://photos.encuentra24.com/t_or_fh_l/f_auto/v1/pa/32/29/46/44/32294644_e37540ab49ce7e5f9ef0447deca9afba-f7ba379"",""https://photos.encuentra24.com/t_or_fh_l/f_auto/v1/pa/32/29/46/44/32294644_e37540ab49ce7e5f9ef0447deca9afba-4820f7f"",""https://photos.encuentra24.com/t_or_fh_l/f_auto/v1/pa/32/29/46/44/32294644_e37540ab49ce7e5f9ef0447deca9afba-f02d2cb"",""https://photos.encuentra24.com/t_or_fh_l/f_auto/v1/pa/32/29/46/44/32294644_e37540ab49ce7e5f9ef0447deca9afba-00f7f71"",""https://photos.encuentra24.com/t_or_fh_l/f_auto/v1/pa/32/29/46/44/32294644_e37540ab49ce7e5f9ef0447deca9afba-1d18d1a"",""https://photos.encuentra24.com/t_or_fh_l/f_auto/v1/pa/32/29/46/44/32294644_e37540ab49ce7e5f9ef0447deca9afba-752fd31"",""https://photos.encuentra24.com/t_or_fh_l/f_auto/v1/pa/32/29/46/44/32294644_e37540ab49ce7e5f9ef0447deca9afba-86674c0"",""https://photos.encuentra24.com/t_or_fh_l/f_auto/v1/pa/32/29/46/44/32294644_e37540ab49ce7e5f9ef0447deca9afba-0fed1ad"",""https://photos.encuentra24.com/t_or_fh_l/f_auto/v1/pa/32/29/46/44/32294644_e37540ab49ce7e5f9ef0447deca9afba-38b10d7""]",11,false,false,,A&A Properties,adrian rodriguez,,false,gold,,,"[""Cerca de Escuela"",""Cerca del Tráfico"",""Parking bajo techo"",""Seguridad 24 Horas"",""2 o más elevadores"",""Depósito"",""Salón de fiestas"",""Parque Infantil"",""Gimnasio"",""Desayunador"",""A/C"",""Sala y Comedor"",""Área Social"",""Área de BBQ"",""Lobby"",""Planta Eléctrica"",""Baño visitas"",""Cocina amoblada"",""Comedor de diario"",""Aire acondicionado"",""Nevera"",""Estufa"",""Lavaplatos"",""Lavadora"",""Secadora""]",2026-04-16T07:17:34.000Z,2026-04-16T08:01:44.883Z,2026-05-03T06:04:24.727Z,,2026-04-16T08:01:54.593Z,2026-04-26T01:24:43.361Z,true,1,,"{""allowContactByForm"":true,""biUrl"":""https://www.encuentra24.com/clickhouse_mvp.php/lists?t=A6tRhZ1kQIRSNpmFobmfOI2%2Fb4yYlKuNTh5wlY5%2F8tRTxJLgczKZVw9HMmf9dMOMYtMrdX6%2BycWeNsxMbJDqxQ%2Fgycp%2FfbDPfEA0uwQBggzaT1NflUX4Og1ecMWcXzBrv%2FJ9v7pPKxtEV2exzFAAcmpOtw%2ByeoYEvD6o8GL%2BC03JrRvgnkQ4EbMPOLRVpNH3aq2BC8Du40kkYqMhpi%2BdVEJE3weYWYP1GOqg%2BdJf5uI%3D&source_type=list"",""biUrls"":{""list"":""https://www.encuentra24.com/clickhouse_mvp.php/lists?t=A6tRhZ1kQIRSNpmFobmfOI2%2Fb4yYlKuNTh5wlY5%2F8tRTxJLgczKZVw9HMmf9dMOMYtMrdX6%2BycWeNsxMbJDqxQ%2Fgycp%2FfbDPfEA0uwQBggzaT1NflUX4Og1ecMWcXzBrv%2FJ9v7pPKxtEV2exzFAAcmpOtw%2ByeoYEvD6o8GL%2BC03JrRvgnkQ4EbMPOLRVpNH3aq2BC8Du40kkYqMhpi%2BdVEJE3weYWYP1GOqg%2BdJf5uI%3D&source_type=list"",""visits"":""https://www.encuentra24.com/clickhouse_mvp.php/visits?t=A6tRhZ1kQIRSNpmFobmfOI2%2Fb4yYlKuNTh5wlY5%2F8tRTxJLgczKZVw9HMmf9dMOMYtMrdX6%2BycWeNsxMbJDqxQ%2Fgycp%2FfbDPfEA0uwQBggzaT1NflUX4Og1ecMWcXzBrv%2FJ9v7pPKxtEV2exzFAAcmpOtw%2ByeoYEvD6o8GL%2BC03JrRvgnkQ4EbMPOLRVpNH3aq2BC8Du40kkYqMhpi%2BdVEJE3weYWYP1GOqg%2BdJf5uI%3D"",""favorites"":""https://www.encuentra24.com/clickhouse_mvp.php/favorites?t=A6tRhZ1kQIRSNpmFobmfOI2%2Fb4yYlKuNTh5wlY5%2F8tRTxJLgczKZVw9HMmf9dMOMYtMrdX6%2BycWeNsxMbJDqxQ%2Fgycp%2FfbDPfEA0uwQBggzaT1NflUX4Og1ecMWcXzBrv%2FJ9v7pPKxtEV2exzFAAcmpOtw%2ByeoYEvD6o8GL%2BC03JrRvgnkQ4EbMPOLRVpNH3aq2BC8Du40kkYqMhpi%2BdVOZKvQIbqZ1vVh5daPuPKcA1VIWp46U2wR8dRoWT9p3yFAGU%2BHCHVafJAgn3PH242A%3D%3D&favorite=1""},""dateCreated"":""$D2026-04-16T07:17:34.000Z"",""dateUpdated"":""$D2026-04-16T07:17:35.000Z"",""description"":""VENTA DE APARTAMENTO EN AVENIDA CENTENARIO\r<br />\n\r<br />\nNombre del PH: PH ALTAMIRA GARDENS\r<br />\n\r<br />\nUbicación: Avenida centenario, camino hacia el Rod Carew \r<br />\n\r<br />\nDetalles de la casa:\r<br />\n- Metraje de construcción : 128 mt2 \r<br />\n- 3 habitaciones \r<br />\n- 2 baños \r<br />\n- Sala \r<br />\n- Comedor\r<br />\n- Cocina abierta \r<br />\n- Lavandería \r<br />\n- 1 depósito\r<br />\n- 2 balcones\r<br />\n- 2 Estacionamiento back to back\r<br />\n- Incluye la línea blanca \r<br />\n\r<br />\nAmenidades:\r<br />\n\r<br />\n- Piscinas\r<br />\n- Gimnasio\r<br />\n- Salón de fiestas \r<br />\n- Parque infantil \r<br />\n- Salón de eventos \r<br />\n- Cancha multideportiva\r<br />\n- Vigilancia 24 horas \r<br />\n- Estacionamiento para visitas \r<br />\n\r<br />\nPRECIO: $180,000.00\r<br />\n\r<br />\nSKU: 02"",""featured"":""gold"",""fieldset"":""property"",""funding"":{""enabled"":false,""type"":""externalurl"",""url"":false},""id"":""32294644"",""images"":[""https://photos.encuentra24.com/t_or_fh_m/f_auto/v1/pa/32/29/46/44/32294644_e37540ab49ce7e5f9ef0447deca9afba-8eee88c"",""https://photos.encuentra24.com/t_or_fh_m/f_auto/v1/pa/32/29/46/44/32294644_e37540ab49ce7e5f9ef0447deca9afba-51cd11b"",""https://photos.encuentra24.com/t_or_fh_m/f_auto/v1/pa/32/29/46/44/32294644_e37540ab49ce7e5f9ef0447deca9afba-f7ba379"",""https://photos.encuentra24.com/t_or_fh_m/f_auto/v1/pa/32/29/46/44/32294644_e37540ab49ce7e5f9ef0447deca9afba-4820f7f"",""https://photos.encuentra24.com/t_or_fh_m/f_auto/v1/pa/32/29/46/44/32294644_e37540ab49ce7e5f9ef0447deca9afba-f02d2cb"",""https://photos.encuentra24.com/t_or_fh_m/f_auto/v1/pa/32/29/46/44/32294644_e37540ab49ce7e5f9ef0447deca9afba-00f7f71"",""https://photos.encuentra24.com/t_or_fh_m/f_auto/v1/pa/32/29/46/44/32294644_e37540ab49ce7e5f9ef0447deca9afba-1d18d1a"",""https://photos.encuentra24.com/t_or_fh_m/f_auto/v1/pa/32/29/46/44/32294644_e37540ab49ce7e5f9ef0447deca9afba-752fd31"",""https://photos.encuentra24.com/t_or_fh_m/f_auto/v1/pa/32/29/46/44/32294644_e37540ab49ce7e5f9ef0447deca9afba-86674c0"",""https://photos.encuentra24.com/t_or_fh_m/f_auto/v1/pa/32/29/46/44/32294644_e37540ab49ce7e5f9ef0447deca9afba-0fed1ad"",""https://photos.encuentra24.com/t_or_fh_m/f_auto/v1/pa/32/29/46/44/32294644_e37540ab49ce7e5f9ef0447deca9afba-38b10d7""],""link"":""/panama-es/bienes-raices-venta-de-propiedades-apartamentos/venta-de-apartamento-en-avenida-centenario/32294644"",""location"":{""address"":"""",""locality"":""Ciudad de Panamá"",""city"":""Panamá Provincia"",""lat"":9.03930744718065,""lon"":-79.5458891987805,""zoom"":16},""mainCategory"":""Bienes Raíces"",""maintenanceCost"":""$undefined"",""price"":{""currency"":{""countryISO"":""es-PA"",""symbol"":""PAB""},""discount"":{""value"":null,""formatted"":""""},""amount"":{""value"":180000,""formatted"":""""},""amountFull"":{""value"":null,""formatted"":""""}},""price_value"":180000,""price_symbol"":""$$"",""price_discount"":null,""principalImage"":""https://photos.encuentra24.com/t_or_fh_m/f_auto/v1/pa/32/29/46/44/32294644_e37540ab49ce7e5f9ef0447deca9afba-8eee88c"",""principalVideo"":"""",""rent"":""$undefined"",""showCall"":true,""showWhatsapp"":true,""title"":""VENTA DE APARTAMENTO EN AVENIDA CENTENARIO"",""active"":true,""user"":{""id"":""638791"",""name"":""adrian rodriguez"",""verified"":false,""avatar"":""https://photos.encuentra24.com/t_user_logo/v1/users/logo/63/87/91/638791_9e0580"",""contact"":{""whatsapp"":""#.2395==?>=@EC?"",""phone1"":{""isMobile"":true,""number"":""*.9:@<DDFEDGLJF""},""phone2"":{""isMobile"":false,""number"":""""},""company"":""A&A Properties"",""license"":""""}},""youtubeVideo"":"""",""reposted"":false,""subCategoryType"":""Apartamento"",""square"":""128"",""rooms"":""3"",""bathrooms"":""2"",""parking"":""2"",""regionName"":""Ciudad de Panamá"",""propertyPrice"":""180000"",""lotSize"":""128"",""exactAddress"":null,""pricePerM2Total"":{""amount"":{""value"":1406.25,""formatted"":""""}},""pricePerM2Square"":{""amount"":{""value"":1406.25,""formatted"":""""}},""units"":""$undefined"",""benefits"":[""Cerca de Escuela"",""Cerca del Tráfico"",""Parking bajo techo"",""Seguridad 24 Horas"",""2 o más elevadores"",""Depósito"",""Salón de fiestas"",""Parque Infantil"",""Gimnasio"",""Desayunador"",""A/C"",""Sala y Comedor"",""Área Social"",""Área de BBQ"",""Lobby"",""Planta Eléctrica"",""Baño visitas"",""Cocina amoblada"",""Comedor de diario"",""Aire acondicionado"",""Nevera"",""Estufa"",""Lavaplatos"",""Lavadora"",""Secadora""],""roomHeight"":null,""age"":null,""stories"":null,""balcon"":null,""swimmingPool"":true,""floorType"":null,""floor"":null,""pdfPlan"":null,""status"":null,""hallmark"":{""text"":null,""color"":null},""projectStatus"":null,""projectModels"":{""square"":null,""rooms"":null,""bathrooms"":null,""price"":null},""known"":true}",
true,active,76575,32245078,venta-apartamento-ph-altamira-gardens-3-habitaciones-haga-una-oferta,https://www.encuentra24.com/panama-es/bienes-raices-venta-de-propiedades-apartamentos/venta-apartamento-ph-altamira-gardens-3-habitaciones-haga-una-oferta/32245078,sale,apartamentos,Apartamento,Venta Apartamento PH Altamira Gardens. 3 habitaciones. Haga una oferta,"Detalles
            
  ***Haga una oferta***

***Financiamiento con tasa de interés especial desde 4.50% garantizada por 18 meses, abono inicial desde 3%***

Magnifico Apartamento de 3 habitaciones, cuenta con una excelente ventilación cruzada lo que asegura un ambiente fresco y agradable durante todo el día. Además, dispone de 2 puestos de estacionamiento para su mayor comodidad y un depósito adicional para almacenamiento extra.

Imagínese viviendo en un lugar donde puede disfrutar los mejores atardeceres rodeado de la belleza natural y el aire puro que caracteriza a la zona. Altamira Gardens le ofrece a usted y a los suyos un estilo de vida relajante, en medio de una exuberante naturaleza tropical, convirtiéndose en un refugio perfecto para aquellos que buscan tranquilidad y bienestar.

La ubicación es igualmente privilegiada. Muy cerca se encuentra Altaplaza Mall, uno de los centros comerciales más grandes de Panamá, que cuenta con una amplia variedad de servicios y entretenimiento. Además, la propiedad tiene un acceso conveniente a importantes vías de comunicación como el corredor norte y la autopista Panamá–Colón, lo que le permitirá desplazarse fácilmente a diferentes partes de la ciudad y sus alrededores. También se encuentra cerca de la Ciudad Hospitalaria, uno de los centros médicos más importantes del país, y Merca Panamá, el mercado más grande de productos frescos, asegurando que todas sus necesidades de salud y alimentación estén cubiertas.

En resumen, este apartamento en Altamira Gardens combina la comodidad de una ubicación estratégica con la tranquilidad de un entorno natural, brindándole un estilo de vida equilibrado y saludable.

Descripción del apartamento:
• 112 mt2
• Vista panorámica a la montaña
• Sala/comedor
• Cocina abierta con desayunador
• Balcón
• 3 habitaciones
• 2 baños completos
• 2 estacionamientos
• 1 depósito
• Lavandería
• Mantenimiento: 224.00 $/mes (Incluye gas, agua y aseo).

Descripción del Edificio:
5 pisos
1 Elevador
Todos los estacionamientos en planta baja
Seguridad 24 horas
Tanque de reserva de agua
Áreas verdes
Moderna Área social con:
o Piscina de Adultos y Niños
o Área de BBQ
o Parque Infantil
o Gimnasio
o Sala de Fiestas
o Cancha de tenis
o Cancha de baloncesto
o Área verdes y zonas para hacer caminatas o correr",145000,USD,149000,1294.642857142857,1294.642857142857,,Ciudad de Panamá,Ancón,"P.H. Altamira Gardens, Corregimiento de Ancón, Vía Centenario.",,9.042343071597568,-79.55037117004395,3,2,2,112,,112,2015,1,5,Porcelanato,3,224,,"[""https://photos.encuentra24.com/t_or_fh_l/f_auto/v1/pa/32/24/50/78/32245078_63e72f137ef8ead98c0fa5b13f44828c-e02fed4"",""https://photos.encuentra24.com/t_or_fh_l/f_auto/v1/pa/32/24/50/78/32245078_63e72f137ef8ead98c0fa5b13f44828c-5082818"",""https://photos.encuentra24.com/t_or_fh_l/f_auto/v1/pa/32/24/50/78/32245078_63e72f137ef8ead98c0fa5b13f44828c-5cbeb9a"",""https://photos.encuentra24.com/t_or_fh_l/f_auto/v1/pa/32/24/50/78/32245078_63e72f137ef8ead98c0fa5b13f44828c-ee6468c"",""https://photos.encuentra24.com/t_or_fh_l/f_auto/v1/pa/32/24/50/78/32245078_63e72f137ef8ead98c0fa5b13f44828c-c995315"",""https://photos.encuentra24.com/t_or_fh_l/f_auto/v1/pa/32/24/50/78/32245078_63e72f137ef8ead98c0fa5b13f44828c-a31ace0"",""https://photos.encuentra24.com/t_or_fh_l/f_auto/v1/pa/32/24/50/78/32245078_63e72f137ef8ead98c0fa5b13f44828c-5f2e441"",""https://photos.encuentra24.com/t_or_fh_l/f_auto/v1/pa/32/24/50/78/32245078_63e72f137ef8ead98c0fa5b13f44828c-4c94bf1"",""https://photos.encuentra24.com/t_or_fh_l/f_auto/v1/pa/32/24/50/78/32245078_63e72f137ef8ead98c0fa5b13f44828c-0b8fa5f"",""https://photos.encuentra24.com/t_or_fh_l/f_auto/v1/pa/32/24/50/78/32245078_63e72f137ef8ead98c0fa5b13f44828c-8ad0d1a"",""https://photos.encuentra24.com/t_or_fh_l/f_auto/v1/pa/32/24/50/78/32245078_63e72f137ef8ead98c0fa5b13f44828c-bbc1d7a"",""https://photos.encuentra24.com/t_or_fh_l/f_auto/v1/pa/32/24/50/78/32245078_63e72f137ef8ead98c0fa5b13f44828c-28ec304"",""https://photos.encuentra24.com/t_or_fh_l/f_auto/v1/pa/32/24/50/78/32245078_63e72f137ef8ead98c0fa5b13f44828c-25d37b0"",""https://photos.encuentra24.com/t_or_fh_l/f_auto/v1/pa/32/24/50/78/32245078_63e72f137ef8ead98c0fa5b13f44828c-1a30110"",""https://photos.encuentra24.com/t_or_fh_l/f_auto/v1/pa/32/24/50/78/32245078_63e72f137ef8ead98c0fa5b13f44828c-6708d50"",""https://photos.encuentra24.com/t_or_fh_l/f_auto/v1/pa/32/24/50/78/32245078_63e72f137ef8ead98c0fa5b13f44828c-5550bd3"",""https://photos.encuentra24.com/t_or_fh_l/f_auto/v1/pa/32/24/50/78/32245078_63e72f137ef8ead98c0fa5b13f44828c-d4ef79c"",""https://photos.encuentra24.com/t_or_fh_l/f_auto/v1/pa/32/24/50/78/32245078_63e72f137ef8ead98c0fa5b13f44828c-95107a2"",""https://photos.encuentra24.com/t_or_fh_l/f_auto/v1/pa/32/24/50/78/32245078_63e72f137ef8ead98c0fa5b13f44828c-6ba63b3""]",19,false,false,,Laurent Antonio Lezcano,Laurent Antonio Lezcano,,false,basic,,0,"[""Cerca de Escuela"",""Pet Friendly"",""Cerca del Tráfico"",""Vista a las Montañas"",""Parking bajo techo"",""Parking de visitas"",""Seguridad 24 Horas"",""2 o más elevadores"",""Lavandería interna"",""Depósito"",""Salón de fiestas"",""Parque Infantil"",""Gimnasio"",""Desayunador"",""Calle sin salida"",""Garaje techado"",""Sala y Comedor"",""Área Social"",""Walk-in closet"",""Área de BBQ"",""Lobby"",""Baño visitas"",""Conserjería""]",2026-04-05T17:40:34.000Z,2026-04-05T19:01:35.071Z,2026-05-03T04:29:34.916Z,,2026-04-16T23:14:43.254Z,2026-04-25T23:18:22.778Z,true,1,,"{""allowContactByForm"":true,""biUrl"":""https://www.encuentra24.com/clickhouse_mvp.php/lists?t=A6tRhZ1kQIRSNpmFobmfOI2%2Fb4yYlKuNTh5wlY5%2F8tRTxJLgczKZVw9HMmf9dMOMYtMrdX6%2BycWeNsxMbJDqxQ%2Fgycp%2FfbDPfEA0uwQBggzaT1NflUX4Og1ecMWcXzBrv%2FJ9v7pPKxtEV2exzFAAchu9tYPJjGhGpoP6hRQdhAblqH0szBtEKD7OInJue%2FTL6co4yGD3GiiQIAOqE%2BxitGfYd%2B2QmRQHygiigKemR28%3D&source_type=list"",""biUrls"":{""list"":""https://www.encuentra24.com/clickhouse_mvp.php/lists?t=A6tRhZ1kQIRSNpmFobmfOI2%2Fb4yYlKuNTh5wlY5%2F8tRTxJLgczKZVw9HMmf9dMOMYtMrdX6%2BycWeNsxMbJDqxQ%2Fgycp%2FfbDPfEA0uwQBggzaT1NflUX4Og1ecMWcXzBrv%2FJ9v7pPKxtEV2exzFAAchu9tYPJjGhGpoP6hRQdhAblqH0szBtEKD7OInJue%2FTL6co4yGD3GiiQIAOqE%2BxitGfYd%2B2QmRQHygiigKemR28%3D&source_type=list"",""visits"":""https://www.encuentra24.com/clickhouse_mvp.php/visits?t=A6tRhZ1kQIRSNpmFobmfOI2%2Fb4yYlKuNTh5wlY5%2F8tRTxJLgczKZVw9HMmf9dMOMYtMrdX6%2BycWeNsxMbJDqxQ%2Fgycp%2FfbDPfEA0uwQBggzaT1NflUX4Og1ecMWcXzBrv%2FJ9v7pPKxtEV2exzFAAchu9tYPJjGhGpoP6hRQdhAblqH0szBtEKD7OInJue%2FTL6co4yGD3GiiQIAOqE%2BxitGfYd%2B2QmRQHygiigKemR28%3D"",""favorites"":""https://www.encuentra24.com/clickhouse_mvp.php/favorites?t=A6tRhZ1kQIRSNpmFobmfOI2%2Fb4yYlKuNTh5wlY5%2F8tRTxJLgczKZVw9HMmf9dMOMYtMrdX6%2BycWeNsxMbJDqxQ%2Fgycp%2FfbDPfEA0uwQBggzaT1NflUX4Og1ecMWcXzBrv%2FJ9v7pPKxtEV2exzFAAchu9tYPJjGhGpoP6hRQdhAblqH0szBtEKD7OInJue%2FTL6co4yGD3GiiQIAOqE%2BxitBrNMx1gdz85xJxvQy9ykvhRu4eRwkN2pEq7uLPgDOmelAHrm2oTNWbVE2JWn0qIFA%3D%3D&favorite=1""},""dateCreated"":""$D2026-04-05T17:40:34.000Z"",""dateUpdated"":""$D2026-04-16T22:55:42.000Z"",""description"":""$1c"",""featured"":null,""fieldset"":""property"",""funding"":{""enabled"":false,""type"":""externalurl"",""url"":false},""id"":""32245078"",""images"":[""https://photos.encuentra24.com/t_or_fh_m/f_auto/v1/pa/32/24/50/78/32245078_63e72f137ef8ead98c0fa5b13f44828c-e02fed4"",""https://photos.encuentra24.com/t_or_fh_m/f_auto/v1/pa/32/24/50/78/32245078_63e72f137ef8ead98c0fa5b13f44828c-5082818"",""https://photos.encuentra24.com/t_or_fh_m/f_auto/v1/pa/32/24/50/78/32245078_63e72f137ef8ead98c0fa5b13f44828c-5cbeb9a"",""https://photos.encuentra24.com/t_or_fh_m/f_auto/v1/pa/32/24/50/78/32245078_63e72f137ef8ead98c0fa5b13f44828c-ee6468c"",""https://photos.encuentra24.com/t_or_fh_m/f_auto/v1/pa/32/24/50/78/32245078_63e72f137ef8ead98c0fa5b13f44828c-c995315"",""https://photos.encuentra24.com/t_or_fh_m/f_auto/v1/pa/32/24/50/78/32245078_63e72f137ef8ead98c0fa5b13f44828c-a31ace0"",""https://photos.encuentra24.com/t_or_fh_m/f_auto/v1/pa/32/24/50/78/32245078_63e72f137ef8ead98c0fa5b13f44828c-5f2e441"",""https://photos.encuentra24.com/t_or_fh_m/f_auto/v1/pa/32/24/50/78/32245078_63e72f137ef8ead98c0fa5b13f44828c-4c94bf1"",""https://photos.encuentra24.com/t_or_fh_m/f_auto/v1/pa/32/24/50/78/32245078_63e72f137ef8ead98c0fa5b13f44828c-0b8fa5f"",""https://photos.encuentra24.com/t_or_fh_m/f_auto/v1/pa/32/24/50/78/32245078_63e72f137ef8ead98c0fa5b13f44828c-8ad0d1a"",""https://photos.encuentra24.com/t_or_fh_m/f_auto/v1/pa/32/24/50/78/32245078_63e72f137ef8ead98c0fa5b13f44828c-bbc1d7a"",""https://photos.encuentra24.com/t_or_fh_m/f_auto/v1/pa/32/24/50/78/32245078_63e72f137ef8ead98c0fa5b13f44828c-28ec304"",""https://photos.encuentra24.com/t_or_fh_m/f_auto/v1/pa/32/24/50/78/32245078_63e72f137ef8ead98c0fa5b13f44828c-25d37b0"",""https://photos.encuentra24.com/t_or_fh_m/f_auto/v1/pa/32/24/50/78/32245078_63e72f137ef8ead98c0fa5b13f44828c-1a30110"",""https://photos.encuentra24.com/t_or_fh_m/f_auto/v1/pa/32/24/50/78/32245078_63e72f137ef8ead98c0fa5b13f44828c-6708d50"",""https://photos.encuentra24.com/t_or_fh_m/f_auto/v1/pa/32/24/50/78/32245078_63e72f137ef8ead98c0fa5b13f44828c-5550bd3"",""https://photos.encuentra24.com/t_or_fh_m/f_auto/v1/pa/32/24/50/78/32245078_63e72f137ef8ead98c0fa5b13f44828c-d4ef79c"",""https://photos.encuentra24.com/t_or_fh_m/f_auto/v1/pa/32/24/50/78/32245078_63e72f137ef8ead98c0fa5b13f44828c-95107a2"",""https://photos.encuentra24.com/t_or_fh_m/f_auto/v1/pa/32/24/50/78/32245078_63e72f137ef8ead98c0fa5b13f44828c-6ba63b3""],""link"":""/panama-es/bienes-raices-venta-de-propiedades-apartamentos/venta-apartamento-ph-altamira-gardens-3-habitaciones-haga-una-oferta/32245078"",""location"":{""address"":""Ciudad de Panamá, Ancón."",""locality"":""Ancón"",""city"":""Ciudad de Panamá"",""lat"":9.042343071597568,""lon"":-79.55037117004395,""zoom"":13},""mainCategory"":""Bienes Raíces"",""maintenanceCost"":{""currency"":{""countryISO"":""es-PA"",""symbol"":""PAB""},""discount"":{""value"":null,""formatted"":""""},""amount"":{""value"":224,""formatted"":""""},""amountFull"":{""value"":null,""formatted"":""""}},""price"":{""currency"":{""countryISO"":""es-PA"",""symbol"":""PAB""},""discount"":{""value"":3,""formatted"":""3% OFF""},""amount"":{""value"":145000,""formatted"":""""},""amountFull"":{""value"":149484.53608247422,""formatted"":""""}},""price_value"":145000,""price_symbol"":""$$"",""price_discount"":3,""principalImage"":""https://photos.encuentra24.com/t_or_fh_m/f_auto/v1/pa/32/24/50/78/32245078_63e72f137ef8ead98c0fa5b13f44828c-e02fed4"",""principalVideo"":"""",""rent"":""$undefined"",""showCall"":true,""showWhatsapp"":true,""title"":""Venta Apartamento PH Altamira Gardens. 3 habitaciones. Haga una oferta"",""active"":true,""user"":{""id"":""14789719"",""name"":""Laurent Antonio Lezcano"",""verified"":false,""avatar"":"""",""contact"":{""whatsapp"":""&.56<8@@=?@?CHA"",""phone1"":{""isMobile"":true,""number"":""'*:;A=EEBDEDHMF""},""phone2"":{""isMobile"":true,""number"":""$$01284<<9;<;?D=""},""company"":"""",""license"":""5439""}},""youtubeVideo"":"""",""reposted"":false,""subCategoryType"":""Apartamento"",""square"":""112"",""rooms"":""3"",""bathrooms"":""2"",""parking"":""2"",""regionName"":""Ancón"",""propertyPrice"":""145000"",""lotSize"":""112"",""exactAddress"":""P.H. Altamira Gardens, Corregimiento de Ancón, Vía Centenario."",""pricePerM2Total"":{""amount"":{""value"":1294.642857142857,""formatted"":""""}},""pricePerM2Square"":{""amount"":{""value"":1294.642857142857,""formatted"":""""}},""units"":""$undefined"",""benefits"":[""Cerca de Escuela"",""Pet Friendly"",""Cerca del Tráfico"",""Vista a las Montañas"",""Parking bajo techo"",""Parking de visitas"",""Seguridad 24 Horas"",""2 o más elevadores"",""Lavandería interna"",""Depósito"",""Salón de fiestas"",""Parque Infantil"",""Gimnasio"",""Desayunador"",""Calle sin salida"",""Garaje techado"",""Sala y Comedor"",""Área Social"",""Walk-in closet"",""Área de BBQ"",""Lobby"",""Baño visitas"",""Conserjería""],""roomHeight"":""3"",""age"":""2015"",""stories"":""1"",""balcon"":null,""swimmingPool"":true,""floorType"":""Porcelanato"",""floor"":""5"",""pdfPlan"":null,""status"":null,""hallmark"":{""text"":null,""color"":null},""projectStatus"":null,""projectModels"":{""square"":null,""rooms"":null,""bathrooms"":null,""price"":null},""known"":true}","{""id"":""32245078"",""name"":""Venta Apartamento PH Altamira Gardens. 3 habitaciones. Haga una oferta"",""price"":149000,""pictureUrl"":""https:\/\/photos.encuentra24.com\/t_or_fw_s\/f_auto\/v1\/pa\/32\/24\/50\/78\/32245078_63e72f137ef8ead98c0fa5b13f44828c-e02fed4"",""url"":""https:\/\/www.encuentra24.com\/panama-es\/bienes-raices-venta-de-propiedades-apartamentos\/venta-apartamento-ph-altamira-gardens-3-habitaciones-haga-una-oferta\/32245078"",""isAvailable"":true,""categoryPaths"":[""Bienes Ra\u00edces\/Venta\/Apartamentos\/Panam\u00e1 Provincia\/Ciudad de Panam\u00e1\/Anc\u00f3n""],""description"":""Venta Apartamento PH Altamira Gardens. 3 habitaciones. Haga una oferta"",""vendor"":""Laurent Antonio Lezcano"",""params"":{""region"":""Anc\u00f3n"",""printablePrice"":149000,""Rec\u00e1maras"":""3"",""Ba\u00f1os"":""2"",""\u00c1rea construida (m\u00b2)"":""112"",""Parking"":""2""},""stockId"":""316""}"
true,active,69447,32197292,apartamento-para-inversion-amoblado-en-altamira-gardens-centenario,https://www.encuentra24.com/panama-es/bienes-raices-venta-de-propiedades-apartamentos/apartamento-para-inversion-amoblado-en-altamira-gardens-centenario/32197292,sale,apartamentos,Apartments,"Apartamento para inversión amoblado en Altamira Gardens, Centenario","Detalles
            
  Una excelente oportunidad para vivir o invertir en un área con proyección y acceso rápido al centro de la ciudad. Este apartamento en Altamira Gardens combina comodidad, precio y ubicación.

Ubicado en la zona de Centenario, cerca del Corredor Norte, Altamira Gardens se encuentra a minutos de Brisas del Golf, plazas comerciales, supermercados y universidades. Es una zona tranquila con excelente conectividad.

El edificio cuenta con piscina, gimnasio, área social, salón de eventos y seguridad 24/7. Ideal para parejas, familias jóvenes o quienes desean una inversión rentable.

Características de la propiedad:
Tamaño: 80 m²
Recámaras: 2
Baños: 2
Amoblado
Estacionamiento: 2

Precio de venta: $112,500

Contáctanos hoy y agenda tu visita.",112500,USD,,,,,Panama City,Betania,¡Pregunta al anunciante!,,9.0429571,-79.5483712,2,2,2,80,,,2011,,,,,,,"[""https://photos.encuentra24.com/t_or_fh_l/f_auto/v1/pa/32/19/72/92/32197292_293102"",""https://photos.encuentra24.com/t_or_fh_l/f_auto/v1/pa/32/19/72/92/32197292_f5f5a7"",""https://photos.encuentra24.com/t_or_fh_l/f_auto/v1/pa/32/19/72/92/32197292_81445e"",""https://photos.encuentra24.com/t_or_fh_l/f_auto/v1/pa/32/19/72/92/32197292_721b85"",""https://photos.encuentra24.com/t_or_fh_l/f_auto/v1/pa/32/19/72/92/32197292_e29b46"",""https://photos.encuentra24.com/t_or_fh_l/f_auto/v1/pa/32/19/72/92/32197292_6705fe"",""https://photos.encuentra24.com/t_or_fh_l/f_auto/v1/pa/32/19/72/92/32197292_e2e0e6"",""https://photos.encuentra24.com/t_or_fh_l/f_auto/v1/pa/32/19/72/92/32197292_5c9e7a"",""https://photos.encuentra24.com/t_or_fh_l/f_auto/v1/pa/32/19/72/92/32197292_12a506"",""https://photos.encuentra24.com/t_or_fh_l/f_auto/v1/pa/32/19/72/92/32197292_864db5"",""https://photos.encuentra24.com/t_or_fh_l/f_auto/v1/pa/32/19/72/92/32197292_ed210c"",""https://photos.encuentra24.com/t_or_fh_l/f_auto/v1/pa/32/19/72/92/32197292_6932b6"",""https://photos.encuentra24.com/t_or_fh_l/f_auto/v1/pa/32/19/72/92/32197292_ba0082"",""https://photos.encuentra24.com/t_or_fh_l/f_auto/v1/pa/32/19/72/92/32197292_b16ee7"",""https://photos.encuentra24.com/t_or_fh_l/f_auto/v1/pa/32/19/72/92/32197292_f8e864"",""https://photos.encuentra24.com/t_or_fh_l/f_auto/v1/pa/32/19/72/92/32197292_d66ed2""]",16,false,false,,Panamigos Realty,Panamigos Realty,agent,true,basic,,0,,2026-03-26,2026-03-26T10:01:21.632Z,2026-05-03T04:34:31.951Z,,2026-03-26T10:01:31.980Z,2026-04-25T23:18:22.778Z,true,1,"
{
  ""@context"":""http://schema.org"",
  ""@type"":""Product"",
  ""description"": ""Una excelente oportunidad para vivir o invertir en un área con proyección y acceso rápido al ..."",
  ""offers"":{
    ""@type"":""Offer"",
    ""availability"": ""http://schema.org/InStock"",
    ""availableAtOrFrom"": {
      ""@type"": ""Place"",
      ""address"": {
        ""@type"": ""PostalAddress"",
        ""addressCountry"": ""Panamá"",
        ""streetAddress"": """",
        ""addressLocality"": ""Betania"",
        ""postalCode"": """"
      }
    },
    ""price"":112500.00,
    ""priceCurrency"":""USD"",
    ""url"": ""https://www.encuentra24.com/panama-es/bienes-raices-venta-de-propiedades-apartamentos/apartamento-para-inversion-amoblado-en-altamira-gardens-centenario/32197292"",
    ""seller"":{
      ""@type"":""Organization"",
      ""name"":""Agente Panamigos Realty"",
      ""address"":{
        ""addressLocality"":""Costa del Este, Edificio Financial Park, Lobby - Oficina 10B"",
        ""addressRegion"":""Ciudad de Panamá""
      }
    }
  },
  ""image"":{
    ""@type"":""ImageObject"",
    ""contentUrl"": ""https://photos.encuentra24.com/t_or_fh_l/f_auto/v1/pa/32/19/72/92/32197292_293102""
  },
  ""name"":""Apartamento para inversión amoblado en Altamira Gardens, Centenario""
}
","{""ProductId"":""32197292"",""Price"":112500,""Country"":""pa"",""Region"":""Betania"",""ParentRegion"":""Panama City"",""Bedrooms"":""2"",""Size"":""80"",""HousingType"":""Apartments"",""SaleType"":""SALE""}","{""id"":""32197292"",""name"":""Apartamento para inversi\u00f3n amoblado en Altamira Gardens, Centenario"",""price"":112500,""pictureUrl"":""https:\/\/photos.encuentra24.com\/t_or_fw_s\/f_auto\/v1\/pa\/32\/19\/72\/92\/32197292_293102"",""url"":""https:\/\/www.encuentra24.com\/panama-es\/bienes-raices-venta-de-propiedades-apartamentos\/apartamento-para-inversion-amoblado-en-altamira-gardens-centenario\/32197292"",""isAvailable"":true,""categoryPaths"":[""Bienes Ra\u00edces\/Venta\/Apartamentos\/Panam\u00e1 Provincia\/Ciudad de Panam\u00e1\/Betania""],""description"":""Apartamento para inversi\u00f3n amoblado en Altamira Gardens, Centenario"",""vendor"":""Panamigos Realty"",""params"":{""region"":""Betania"",""printablePrice"":112500,""Rec\u00e1maras"":""2"",""Ba\u00f1os"":""2"",""\u00c1rea construida (m\u00b2)"":""80"",""Parking"":""2""},""stockId"":""316""}"
true,active,63275,32160238,vive-rodeado-de-naturaleza-con-amenidades-de-club-privado-altamira-gardens,https://www.encuentra24.com/panama-es/bienes-raices-venta-de-propiedades-apartamentos/vive-rodeado-de-naturaleza-con-amenidades-de-club-privado-altamira-gardens/32160238,sale,apartamentos,Apartments,(01) Vive rodeado de naturaleza con amenidades de Club Privado | Altamira Gardens,"Detalles
            
  Descubra el equilibrio perfecto entre la serenidad del bosque tropical y la conectividad urbana. Ubicado estratégicamente sobre la Vía Centenario, Altamira Gardens es un complejo residencial de baja densidad diseñado para quienes priorizan el bienestar, la seguridad y una alta calidad de vida. Esta propiedad representa una oportunidad excepcional tanto para residencia familiar como para inversión de alto perfil.

El Apartamento: Diseño y Funcionalidad
Esta unidad destaca por su distribución inteligente y acabados contemporáneos que maximizan cada metro cuadrado:

Espacios Integrados: Sala-comedor de concepto abierto con acceso directo a un amplio balcón panorámico.

Vistas Inigualables: Posicionamiento privilegiado con visuales despejadas hacia el Parque Metropolitano y las áreas verdes del complejo.

Confort Térmico: Gracias a su ubicación elevada, el apartamento disfruta de una ventilación cruzada natural que reduce significativamente el uso de aire acondicionado.

Cocina: Moderna, con sobres de granito y mobiliario modular de alta durabilidad.

Amenidades de Clase Mundial (Club House)
Más que un edificio, es un destino. Los residentes tienen acceso exclusivo a:

Complejo Acuático: Múltiples piscinas, jacuzzis y áreas de solárium.

Deporte de Alto Nivel: Canchas de tenis profesionales, cancha de fútbol/baloncesto y gimnasio equipado.

Social & Lounge: Salón de eventos, área de barbacoa (BBQ), y sala de juegos con billar.

Para la Familia: Senderos ecológicos para trekking suave y parques infantiles seguros.

Ubicación Estratégica y Plusvalía
La ubicación en Ancón / Vía Centenario garantiza una revalorización constante:

Conectividad: Acceso inmediato al Corredor Norte, conectando con el centro de la ciudad en 15 minutos y con las zonas de playas en poco más de una hora.

Hub Comercial: A solo pasos de AltaPlaza Mall y Centennial Plaza, con acceso a los mejores bancos, cines, supermercados (Riba Smith, Rey) y oferta gastronómica.

Zona Educativa: Cercanía inmediata a la Ciudad de la Salud y las principales universidades del país (UTP, USMA).

Especificaciones Técnicas
Seguridad: Garita de control de acceso 24/7 y patrullaje interno.

Suministros: Tanque de reserva de agua y planta eléctrica para áreas comunes.

Estacionamientos: Espacios techados y amplia disponibilidad para visitas.",100000,USD,105263,,,,Panama City,Balboa,¡Pregunta al anunciante!,,,,2,2,1,76,,,,,,,,,,"[""https://photos.encuentra24.com/t_or_fh_l/f_auto/v1/pa/32/16/02/38/32160238_c18e1b7e386535d35b17e19112c8153f-d562541"",""https://photos.encuentra24.com/t_or_fh_l/f_auto/v1/pa/32/16/02/38/32160238_c18e1b7e386535d35b17e19112c8153f-a9a33fd"",""https://photos.encuentra24.com/t_or_fh_l/f_auto/v1/pa/32/16/02/38/32160238_c18e1b7e386535d35b17e19112c8153f-95177b4"",""https://photos.encuentra24.com/t_or_fh_l/f_auto/v1/pa/32/16/02/38/32160238_c18e1b7e386535d35b17e19112c8153f-447d620"",""https://photos.encuentra24.com/t_or_fh_l/f_auto/v1/pa/32/16/02/38/32160238_c18e1b7e386535d35b17e19112c8153f-2057fb5"",""https://photos.encuentra24.com/t_or_fh_l/f_auto/v1/pa/32/16/02/38/32160238_c18e1b7e386535d35b17e19112c8153f-c564ce0"",""https://photos.encuentra24.com/t_or_fh_l/f_auto/v1/pa/32/16/02/38/32160238_c18e1b7e386535d35b17e19112c8153f-3cf2988"",""https://photos.encuentra24.com/t_or_fh_l/f_auto/v1/pa/32/16/02/38/32160238_c18e1b7e386535d35b17e19112c8153f-9427ae8"",""https://photos.encuentra24.com/t_or_fh_l/f_auto/v1/pa/32/16/02/38/32160238_c18e1b7e386535d35b17e19112c8153f-44c7cb7"",""https://photos.encuentra24.com/t_or_fh_l/f_auto/v1/pa/32/16/02/38/32160238_c18e1b7e386535d35b17e19112c8153f-be73271"",""https://photos.encuentra24.com/t_or_fh_l/f_auto/v1/pa/32/16/02/38/32160238_c18e1b7e386535d35b17e19112c8153f-b9e597d"",""https://photos.encuentra24.com/t_or_fh_l/f_auto/v1/pa/32/16/02/38/32160238_c18e1b7e386535d35b17e19112c8153f-422716d"",""https://photos.encuentra24.com/t_or_fh_l/f_auto/v1/pa/32/16/02/38/32160238_c18e1b7e386535d35b17e19112c8153f-5c3aabd"",""https://photos.encuentra24.com/t_or_fh_l/f_auto/v1/pa/32/16/02/38/32160238_c18e1b7e386535d35b17e19112c8153f-05a443a"",""https://photos.encuentra24.com/t_or_fh_l/f_auto/v1/pa/32/16/02/38/32160238_c18e1b7e386535d35b17e19112c8153f-36b085f"",""https://photos.encuentra24.com/t_or_fh_l/f_auto/v1/pa/32/16/02/38/32160238_c18e1b7e386535d35b17e19112c8153f-3a8d56e"",""https://photos.encuentra24.com/t_or_fh_l/f_auto/v1/pa/32/16/02/38/32160238_c18e1b7e386535d35b17e19112c8153f-651f897"",""https://photos.encuentra24.com/t_or_fh_l/f_auto/v1/pa/32/16/02/38/32160238_c18e1b7e386535d35b17e19112c8153f-ae4dbde"",""https://photos.encuentra24.com/t_or_fh_l/f_auto/v1/pa/32/16/02/38/32160238_c18e1b7e386535d35b17e19112c8153f-5e617e4""]",19,false,false,,REMAX MILLENIUM,REMAX MILLENIUM,agent,false,basic,,0,,2026-03-19,2026-03-19T23:31:01.345Z,2026-05-03T04:37:54.963Z,,2026-03-31T17:13:15.857Z,2026-04-25T23:18:22.778Z,true,1,"
{
  ""@context"":""http://schema.org"",
  ""@type"":""Product"",
  ""description"": ""Descubra el equilibrio perfecto entre la serenidad del bosque tropical y la conectividad urbana. ..."",
  ""offers"":{
    ""@type"":""Offer"",
    ""availability"": ""http://schema.org/InStock"",
    ""availableAtOrFrom"": {
      ""@type"": ""Place"",
      ""address"": {
        ""@type"": ""PostalAddress"",
        ""addressCountry"": ""Panamá"",
        ""streetAddress"": """",
        ""addressLocality"": ""Balboa"",
        ""postalCode"": """"
      }
    },
    ""price"":100000.00,
    ""priceCurrency"":""USD"",
    ""url"": ""https://www.encuentra24.com/panama-es/bienes-raices-venta-de-propiedades-apartamentos/01-vive-rodeado-de-naturaleza-con-amenidades-de-club-privado-altamira-gardens/32160238"",
    ""seller"":{
      ""@type"":""Organization"",
      ""name"":""Agente "",
      ""address"":{
        ""addressLocality"":"""",
        ""addressRegion"":""""
      }
    }
  },
  ""image"":{
    ""@type"":""ImageObject"",
    ""contentUrl"": ""https://photos.encuentra24.com/t_or_fh_l/f_auto/v1/pa/32/16/02/38/32160238_c18e1b7e386535d35b17e19112c8153f-d562541""
  },
  ""name"":""(01) Vive rodeado de naturaleza con amenidades de Club Privado | Altamira Gardens""
}
","{""ProductId"":""32160238"",""Price"":100000,""Country"":""pa"",""Region"":""Balboa"",""ParentRegion"":""Panama City"",""Bedrooms"":""2"",""Size"":""76"",""HousingType"":""Apartments"",""SaleType"":""SALE""}","{""id"":""32160238"",""name"":""(01) Vive rodeado de naturaleza con amenidades de Club Privado | Altamira Gardens"",""price"":100000,""pictureUrl"":""https:\/\/photos.encuentra24.com\/t_or_fw_s\/f_auto\/v1\/pa\/32\/16\/02\/38\/32160238_c18e1b7e386535d35b17e19112c8153f-d562541"",""url"":""https:\/\/www.encuentra24.com\/panama-es\/bienes-raices-venta-de-propiedades-apartamentos\/01-vive-rodeado-de-naturaleza-con-amenidades-de-club-privado-altamira-gardens\/32160238"",""isAvailable"":true,""categoryPaths"":[""Bienes Ra\u00edces\/Venta\/Apartamentos\/Panam\u00e1 Provincia\/Ciudad de Panam\u00e1\/Anc\u00f3n\/Balboa""],""description"":""(01) Vive rodeado de naturaleza con amenidades de Club Privado | Altamira Gardens"",""vendor"":""REMAX MILLENIUM"",""params"":{""region"":""Balboa"",""printablePrice"":100000,""Rec\u00e1maras"":""2"",""Ba\u00f1os"":""2"",""\u00c1rea construida (m\u00b2)"":""76"",""Parking"":""1""},""oldPrice"":105263,""printableOldPrice"":105263,""currency"":""USD"",""stockId"":""316""}"
true,active,62310,32140105,en-venta-apartamento-con-jardin-en-ph-altamira-gardens,https://www.encuentra24.com/panama-es/bienes-raices-venta-de-propiedades-apartamentos/en-venta-apartamento-con-jardin-en-ph-altamira-gardens/32140105,sale,apartamentos,Apartments,EN VENTA APARTAMENTO CON JARDIN EN PH ALTAMIRA GARDENS,"Detalles
            
  Descubre el privilegio de vivir en un apartamento con concepto de casa, rodeado de naturaleza y total privacidad.

Este exclusivo apartamento en planta baja ofrece una amplia terraza con hermoso jardín privado, colindante con área verde de montaña, creando un ambiente natural, fresco y relajante todos los días. Además, cuenta con un balcón adicional que aporta aún más iluminación y ventilación natural.

Aquí disfrutarás lo mejor de dos mundos: la comodidad de un apartamento y la sensación de vivir en una casa, dentro de un residencial privado con garita de seguridad.
Caracteristicas
- 3 Recamaras
- 2 baños
- Sala / comedor.
- terraza con Jardin privado
- 2 Estacionamientos.

Amenidades del residencial:

Dos piscinas en diferentes niveles

Parque infantil

Gimnasio equipado

Cancha de tenis

Cancha multiuso (baloncesto y fútbol)

Múltiples estacionamientos para visitas

Seguridad 24/7

Ubicado en Altamira Gardens, un residencial privado que se eleva en lo alto de una loma, rodeado de naturaleza y tranquilidad.

Su estratégica ubicación permite rápido acceso al Corredor Norte, prestigiosos colegios y universidades, diversas plazas comerciales y al reconocido Altaplaza Mall.

Una propiedad ideal para familias, amantes de la naturaleza o quienes buscan privacidad, amplitud y una excelente inversión en una de las zonas con mayor conectividad de la ciudad.

_____________________________________________

Discover the privilege of living in an apartment with a home-style concept, surrounded by nature and complete privacy.

This exclusive ground-floor apartment features a spacious terrace with a beautiful private garden, bordering a lush green mountain area, creating a fresh, serene, and relaxing atmosphere every day. It also offers an additional balcony that enhances natural light and cross ventilation.

Here, you will enjoy the best of both worlds: the comfort of an apartment with the feeling of living in a house, within a private gated community with security checkpoint.

Residential Amenities:

Two swimming pools on different levels

Children’s playground

Fully equipped gym

Tennis court

Multi-use court (basketball and soccer)

Multiple visitor parking spaces

24/7 security

Located in Altamira Gardens, a private residential community perched atop a hill, surrounded by nature and tranquility.

Its strategic location provides quick access to Corredor Norte, top schools and universities, a wide variety of shopping plazas, and the renowned Altaplaza Mall.

An ideal property for families, nature lovers, or anyone seeking privacy, spacious living, and a solid investment opportunity in one of the city’s most well-connected areas.",215000,USD,,,,,Panama City,Ancón,¡Pregunta al anunciante!,,,,3,2,2,230,,,,,,,,,,"[""https://photos.encuentra24.com/t_or_fh_l/f_auto/v1/pa/32/14/01/05/32140105_2a3daa1b1982efb35eb1ea1aae835cc1-1d631b8"",""https://photos.encuentra24.com/t_or_fh_l/f_auto/v1/pa/32/14/01/05/32140105_2a3daa1b1982efb35eb1ea1aae835cc1-c90345c"",""https://photos.encuentra24.com/t_or_fh_l/f_auto/v1/pa/32/14/01/05/32140105_2a3daa1b1982efb35eb1ea1aae835cc1-f4cc8e8"",""https://photos.encuentra24.com/t_or_fh_l/f_auto/v1/pa/32/14/01/05/32140105_2a3daa1b1982efb35eb1ea1aae835cc1-b6ea2f1"",""https://photos.encuentra24.com/t_or_fh_l/f_auto/v1/pa/32/14/01/05/32140105_2a3daa1b1982efb35eb1ea1aae835cc1-7f6532a"",""https://photos.encuentra24.com/t_or_fh_l/f_auto/v1/pa/32/14/01/05/32140105_2a3daa1b1982efb35eb1ea1aae835cc1-c2687a7"",""https://photos.encuentra24.com/t_or_fh_l/f_auto/v1/pa/32/14/01/05/32140105_2a3daa1b1982efb35eb1ea1aae835cc1-ffdd73c"",""https://photos.encuentra24.com/t_or_fh_l/f_auto/v1/pa/32/14/01/05/32140105_2a3daa1b1982efb35eb1ea1aae835cc1-bb8502d"",""https://photos.encuentra24.com/t_or_fh_l/f_auto/v1/pa/32/14/01/05/32140105_2a3daa1b1982efb35eb1ea1aae835cc1-c1e9229"",""https://photos.encuentra24.com/t_or_fh_l/f_auto/v1/pa/32/14/01/05/32140105_2a3daa1b1982efb35eb1ea1aae835cc1-e1c22c8"",""https://photos.encuentra24.com/t_or_fh_l/f_auto/v1/pa/32/14/01/05/32140105_2a3daa1b1982efb35eb1ea1aae835cc1-253d77e"",""https://photos.encuentra24.com/t_or_fh_l/f_auto/v1/pa/32/14/01/05/32140105_2a3daa1b1982efb35eb1ea1aae835cc1-e2cf764"",""https://photos.encuentra24.com/t_or_fh_l/f_auto/v1/pa/32/14/01/05/32140105_2a3daa1b1982efb35eb1ea1aae835cc1-4c2fd5b"",""https://photos.encuentra24.com/t_or_fh_l/f_auto/v1/pa/32/14/01/05/32140105_2a3daa1b1982efb35eb1ea1aae835cc1-cb3f434"",""https://photos.encuentra24.com/t_or_fh_l/f_auto/v1/pa/32/14/01/05/32140105_2a3daa1b1982efb35eb1ea1aae835cc1-87f70ee"",""https://photos.encuentra24.com/t_or_fh_l/f_auto/v1/pa/32/14/01/05/32140105_2a3daa1b1982efb35eb1ea1aae835cc1-1bf0ea8"",""https://photos.encuentra24.com/t_or_fh_l/f_auto/v1/pa/32/14/01/05/32140105_2a3daa1b1982efb35eb1ea1aae835cc1-b402ab0"",""https://photos.encuentra24.com/t_or_fh_l/f_auto/v1/pa/32/14/01/05/32140105_2a3daa1b1982efb35eb1ea1aae835cc1-a7e74ab""]",18,false,false,,Grupo PREIC CORP,nadia kassabgi,agent,false,gold,,0,,2026-03-17,2026-03-17T20:14:16.549Z,2026-05-03T04:31:17.106Z,,2026-03-17T21:30:32.124Z,2026-04-25T23:18:22.778Z,true,1,,,
true,active,60777,32131066,venta-de-oportunidad-apto-con-jardin-en-altamira-gardens-mc,https://www.encuentra24.com/panama-es/bienes-raices-venta-de-propiedades-apartamentos/venta-de-oportunidad-apto-con-jardin-en-altamira-gardens-mc/32131066,sale,apartamentos,Apartments,"VENTA DE OPORTUNIDAD, APTO CON JARDÍN EN ALTAMIRA GARDENS (MC)","Detalles
            
  Descubre el privilegio de vivir en un apartamento con concepto de casa, rodeado de naturaleza y total privacidad.

Este exclusivo apartamento en planta baja ofrece una amplia terraza con hermoso jardín privado, colindante con área verde de montaña, creando un ambiente natural, fresco y relajante todos los días. Además, cuenta con un balcón adicional que aporta aún más iluminación y ventilación natural.

Aquí disfrutarás lo mejor de dos mundos: la comodidad de un apartamento y la sensación de vivir en una casa, dentro de un residencial privado con garita de seguridad.

Amenidades del residencial:


 
 Dos piscinas en diferentes niveles
 
 
 Parque infantil
 
 
 Gimnasio equipado
 
 
 Cancha de tenis
 
 
 Cancha multiuso (baloncesto y fútbol)
 
 
 Múltiples estacionamientos para visitas
 
 
 Seguridad 24/7
 


Ubicado en Altamira Gardens, un residencial privado que se eleva en lo alto de una loma, rodeado de naturaleza y tranquilidad.

Su estratégica ubicación permite rápido acceso al Corredor Norte, prestigiosos colegios y universidades, diversas plazas comerciales y al reconocido Altaplaza Mall.

Una propiedad ideal para familias, amantes de la naturaleza o quienes buscan privacidad, amplitud y una excelente inversión en una de las zonas con mayor conectividad de la ciudad.

_____________________________________________

Discover the privilege of living in an apartment with a home-style concept, surrounded by nature and complete privacy.

This exclusive ground-floor apartment features a spacious terrace with a beautiful private garden, bordering a lush green mountain area, creating a fresh, serene, and relaxing atmosphere every day. It also offers an additional balcony that enhances natural light and cross ventilation.

Here, you will enjoy the best of both worlds: the comfort of an apartment with the feeling of living in a house, within a private gated community with security checkpoint.

Residential Amenities:


 
 Two swimming pools on different levels
 
 
 Children’s playground
 
 
 Fully equipped gym
 
 
 Tennis court
 
 
 Multi-use court (basketball and soccer)
 
 
 Multiple visitor parking spaces
 
 
 24/7 security
 


Located in Altamira Gardens, a private residential community perched atop a hill, surrounded by nature and tranquility.

Its strategic location provides quick access to Corredor Norte, top schools and universities, a wide variety of shopping plazas, and the renowned Altaplaza Mall.

An ideal property for families, nature lovers, or anyone seeking privacy, spacious living, and a solid investment opportunity in one of the city’s most well-connected areas.",215000,USD,,,,,Panama City,Ancón,¡Pregunta al anunciante!,,9.0433390475053,-79.547710418701,3,2,2,230,,,2017,,1,,,260,,"[""https://photos.encuentra24.com/t_or_fh_l/f_auto/v1/pa/32/13/10/66/32131066_aead57"",""https://photos.encuentra24.com/t_or_fh_l/f_auto/v1/pa/32/13/10/66/32131066_66a731"",""https://photos.encuentra24.com/t_or_fh_l/f_auto/v1/pa/32/13/10/66/32131066_af47b5"",""https://photos.encuentra24.com/t_or_fh_l/f_auto/v1/pa/32/13/10/66/32131066_d13e4c"",""https://photos.encuentra24.com/t_or_fh_l/f_auto/v1/pa/32/13/10/66/32131066_525b78"",""https://photos.encuentra24.com/t_or_fh_l/f_auto/v1/pa/32/13/10/66/32131066_4cf672"",""https://photos.encuentra24.com/t_or_fh_l/f_auto/v1/pa/32/13/10/66/32131066_e62d49"",""https://photos.encuentra24.com/t_or_fh_l/f_auto/v1/pa/32/13/10/66/32131066_37d7fe"",""https://photos.encuentra24.com/t_or_fh_l/f_auto/v1/pa/32/13/10/66/32131066_e655a3"",""https://photos.encuentra24.com/t_or_fh_l/f_auto/v1/pa/32/13/10/66/32131066_837652"",""https://photos.encuentra24.com/t_or_fh_l/f_auto/v1/pa/32/13/10/66/32131066_fe2d7b"",""https://photos.encuentra24.com/t_or_fh_l/f_auto/v1/pa/32/13/10/66/32131066_560ed2"",""https://photos.encuentra24.com/t_or_fh_l/f_auto/v1/pa/32/13/10/66/32131066_af1111"",""https://photos.encuentra24.com/t_or_fh_l/f_auto/v1/pa/32/13/10/66/32131066_4e2bc9"",""https://photos.encuentra24.com/t_or_fh_l/f_auto/v1/pa/32/13/10/66/32131066_ce825a"",""https://photos.encuentra24.com/t_or_fh_l/f_auto/v1/pa/32/13/10/66/32131066_46c460"",""https://photos.encuentra24.com/t_or_fh_l/f_auto/v1/pa/32/13/10/66/32131066_fc7346"",""https://photos.encuentra24.com/t_or_fh_l/f_auto/v1/pa/32/13/10/66/32131066_f3b1e2"",""https://photos.encuentra24.com/t_or_fh_l/f_auto/v1/pa/32/13/10/66/32131066_36d510"",""https://photos.encuentra24.com/t_or_fh_l/f_auto/v1/pa/32/13/10/66/32131066_248c3c""]",20,false,false,,PREIC CORP by Grupo PREIC,Meibilin G Castellanos,agent,false,basic,,0,,2026-03-16,2026-03-16T08:01:17.722Z,2026-05-03T04:39:53.877Z,,2026-03-16T08:01:49.432Z,2026-04-25T23:18:22.778Z,true,1,,,
true,active,58992,32119384,apartamento-en-venta-en-ancon-syh,https://www.encuentra24.com/panama-es/bienes-raices-venta-de-propiedades-apartamentos/apartamento-en-venta-en-ancon-syh/32119384,sale,apartamentos,Apartments,APARTAMENTO EN VENTA EN ANCÓN SYH,"Detalles
            
  Cod: 26-3540

Vive rodeado de naturaleza y tranquilidad en este acogedor apartamento ubicado en PH Altamira Gardens, en el exclusivo sector de Ancón, una zona reconocida por su ambiente verde y residencial dentro de Panama City.

Este apartamento en planta baja ofrece una experiencia única gracias a su terraza y jardín, espacios ideales para relajarse, compartir con familia o disfrutar de momentos al aire libre en un entorno natural.

Con 80 m² bien distribuidos, la propiedad brinda comodidad y funcionalidad en cada área, además de acceso a excelentes amenidades dentro de un residencial seguro y tranquilo.

Características del apartamento:
 80 m² de construcción
 2 cómodas recámaras
 2 baños completos
 Sala y comedor integrados
 Cocina funcional
 Terraza y jardín privado
 2 estacionamientos

Amenidades del residencial:
 Piscina
 Cancha de tenis
 Gimnasio
 Parque infantil
 Áreas verdes
 Residencial cerrado con vigilancia privada

 Ubicación estratégica con fácil acceso a importantes vías, rodeado de naturaleza y con cercanía a comercios y servicios esenciales.

 Precio de venta: $113,000

Una excelente oportunidad para vivir en un ambiente tranquilo, seguro y rodeado de naturaleza dentro de la ciudad.

 Disponible para visitas con previa cita.",113000,USD,,,,,Panama City,Ancón,Ancon,,,,2,2,2,75,,,2005,,,Otro,,1,,"[""https://photos.encuentra24.com/t_or_fh_l/f_auto/v1/pa/32/11/93/84/32119384_4959955de0952d858ac159a7d9f22394-c07f459"",""https://photos.encuentra24.com/t_or_fh_l/f_auto/v1/pa/32/11/93/84/32119384_4959955de0952d858ac159a7d9f22394-0b6d2b5"",""https://photos.encuentra24.com/t_or_fh_l/f_auto/v1/pa/32/11/93/84/32119384_4959955de0952d858ac159a7d9f22394-ecb9aad"",""https://photos.encuentra24.com/t_or_fh_l/f_auto/v1/pa/32/11/93/84/32119384_4959955de0952d858ac159a7d9f22394-c822ff0"",""https://photos.encuentra24.com/t_or_fh_l/f_auto/v1/pa/32/11/93/84/32119384_4959955de0952d858ac159a7d9f22394-b12f5b6"",""https://photos.encuentra24.com/t_or_fh_l/f_auto/v1/pa/32/11/93/84/32119384_4959955de0952d858ac159a7d9f22394-ed4ad64"",""https://photos.encuentra24.com/t_or_fh_l/f_auto/v1/pa/32/11/93/84/32119384_4959955de0952d858ac159a7d9f22394-eaecba3"",""https://photos.encuentra24.com/t_or_fh_l/f_auto/v1/pa/32/11/93/84/32119384_4959955de0952d858ac159a7d9f22394-f0348b4"",""https://photos.encuentra24.com/t_or_fh_l/f_auto/v1/pa/32/11/93/84/32119384_4959955de0952d858ac159a7d9f22394-6ee11f6"",""https://photos.encuentra24.com/t_or_fh_l/f_auto/v1/pa/32/11/93/84/32119384_4959955de0952d858ac159a7d9f22394-7f00d73"",""https://photos.encuentra24.com/t_or_fh_l/f_auto/v1/pa/32/11/93/84/32119384_4959955de0952d858ac159a7d9f22394-85ab755"",""https://photos.encuentra24.com/t_or_fh_l/f_auto/v1/pa/32/11/93/84/32119384_4959955de0952d858ac159a7d9f22394-c6418ce"",""https://photos.encuentra24.com/t_or_fh_l/f_auto/v1/pa/32/11/93/84/32119384_4959955de0952d858ac159a7d9f22394-c77f4ce"",""https://img.youtube.com/vi/xhsTp3y4jis/mqdefault.jpg""]",14,true,false,,"Real Business Brokers Panama, S. A",Brokers De Panamá Rent-A-House®,,false,basic,,0,,2026-03-12,2026-03-13T01:01:08.511Z,2026-05-03T04:40:47.889Z,,2026-03-13T01:02:37.202Z,2026-04-25T23:18:22.778Z,true,1,,,
true,active,58074,32110863,venta-apartamento-en-altamira-gardens-con-vista-al-rod-carew-haga-su-oferta,https://www.encuentra24.com/panama-es/bienes-raices-venta-de-propiedades-apartamentos/venta-apartamento-en-altamira-gardens-con-vista-al-rod-carew-haga-su-oferta/32110863,sale,apartamentos,Apartments,Venta Apartamento en Altamira Gardens con Vista al Rod Carew. Haga su oferta,"Detalles
            
  ***Haga una oferta***

Magnifico Apartamento de 3 habitaciones, cuenta con una excelente ventilación cruzada lo que asegura un ambiente fresco y agradable durante todo el día. Además, dispone de 2 puestos de estacionamiento para su mayor comodidad y un depósito adicional para almacenamiento extra.

Imagínese viviendo en un lugar donde puede disfrutar los mejores atardeceres rodeado de la belleza natural y el aire puro que caracteriza a la zona. Altamira Gardens le ofrece a usted y a los suyos un estilo de vida relajante, en medio de una exuberante naturaleza tropical, convirtiéndose en un refugio perfecto para aquellos que buscan tranquilidad y bienestar.

Descripción del apartamento:
• 112 mt2
• Vista panorámica a la montaña y al estadio Rod Carew, podrás ver conciertos y partidos de Baseball. 
• Sala/comedor
• Cocina abierta con desayunador
• Balcón
• 3 habitaciones
• 2 baños completos
• 2 estacionamientos
• 1 depósito en el mismo piso del apartamento
• Lavandería a gas
• Mantenimiento: 224.00 $/mes (Incluye gas, agua, aseo, seguridad, conserjes).

Descripción del Edificio:
5 pisos
1 Elevador
Todos los estacionamientos en planta baja
Seguridad 24 horas
Tanque de reserva de agua
Áreas verdes
Moderna Área social con:
o Piscina de Adultos y Niños
o Área de BBQ
o Parque Infantil
o Gimnasio
o Sala de Fiestas
o Cancha de tenis
o Cancha de baloncesto
o Área verdes y zonas para hacer caminatas o correr

La ubicación es igualmente privilegiada. Muy cerca se encuentra Altaplaza Mall, uno de los centros comerciales más grandes de Panamá, que cuenta con una amplia variedad de servicios y entretenimiento. Además, la propiedad tiene un acceso conveniente a importantes vías de comunicación como el corredor norte y la autopista Panamá–Colón, lo que le permitirá desplazarse fácilmente a diferentes partes de la ciudad y sus alrededores. También se encuentra cerca de la Ciudad Hospitalaria, uno de los centros médicos más importantes del país, y Merca Panamá, el mercado más grande de productos frescos, asegurando que todas sus necesidades de salud y alimentación estén cubiertas.",155000,USD,,,,,San Miguelito,Altos de Panamá,"P.H. Altamira Gardens, Corregimiento de Ancón, Vía Centenario.",,9.0413470929341,-79.548654556274,3,2,2,112,,,2015,1,4,Porcelanato,3,224,,"[""https://photos.encuentra24.com/t_or_fh_l/f_auto/v1/pa/32/11/08/63/32110863_06cf784252331d1d40d3abe481cd61ec-44ef13d"",""https://photos.encuentra24.com/t_or_fh_l/f_auto/v1/pa/32/11/08/63/32110863_06cf784252331d1d40d3abe481cd61ec-9b2b0f1"",""https://photos.encuentra24.com/t_or_fh_l/f_auto/v1/pa/32/11/08/63/32110863_06cf784252331d1d40d3abe481cd61ec-0acb6e4"",""https://photos.encuentra24.com/t_or_fh_l/f_auto/v1/pa/32/11/08/63/32110863_06cf784252331d1d40d3abe481cd61ec-4c00ef3"",""https://photos.encuentra24.com/t_or_fh_l/f_auto/v1/pa/32/11/08/63/32110863_06cf784252331d1d40d3abe481cd61ec-ba5491a"",""https://photos.encuentra24.com/t_or_fh_l/f_auto/v1/pa/32/11/08/63/32110863_06cf784252331d1d40d3abe481cd61ec-06d7372"",""https://photos.encuentra24.com/t_or_fh_l/f_auto/v1/pa/32/11/08/63/32110863_06cf784252331d1d40d3abe481cd61ec-262c3d8"",""https://photos.encuentra24.com/t_or_fh_l/f_auto/v1/pa/32/11/08/63/32110863_06cf784252331d1d40d3abe481cd61ec-34d4eb1"",""https://photos.encuentra24.com/t_or_fh_l/f_auto/v1/pa/32/11/08/63/32110863_06cf784252331d1d40d3abe481cd61ec-25e800d"",""https://photos.encuentra24.com/t_or_fh_l/f_auto/v1/pa/32/11/08/63/32110863_06cf784252331d1d40d3abe481cd61ec-5b2e055"",""https://photos.encuentra24.com/t_or_fh_l/f_auto/v1/pa/32/11/08/63/32110863_06cf784252331d1d40d3abe481cd61ec-f3ec60f"",""https://photos.encuentra24.com/t_or_fh_l/f_auto/v1/pa/32/11/08/63/32110863_06cf784252331d1d40d3abe481cd61ec-82f5fbe"",""https://photos.encuentra24.com/t_or_fh_l/f_auto/v1/pa/32/11/08/63/32110863_06cf784252331d1d40d3abe481cd61ec-7fd2155"",""https://photos.encuentra24.com/t_or_fh_l/f_auto/v1/pa/32/11/08/63/32110863_06cf784252331d1d40d3abe481cd61ec-f435240"",""https://photos.encuentra24.com/t_or_fh_l/f_auto/v1/pa/32/11/08/63/32110863_06cf784252331d1d40d3abe481cd61ec-1f71bbc"",""https://photos.encuentra24.com/t_or_fh_l/f_auto/v1/pa/32/11/08/63/32110863_06cf784252331d1d40d3abe481cd61ec-05e17d4"",""https://photos.encuentra24.com/t_or_fh_l/f_auto/v1/pa/32/11/08/63/32110863_06cf784252331d1d40d3abe481cd61ec-28d5b6b"",""https://photos.encuentra24.com/t_or_fh_l/f_auto/v1/pa/32/11/08/63/32110863_06cf784252331d1d40d3abe481cd61ec-c29eb06"",""https://photos.encuentra24.com/t_or_fh_l/f_auto/v1/pa/32/11/08/63/32110863_06cf784252331d1d40d3abe481cd61ec-a3859be""]",19,false,false,,Laurent Antonio Lezcano,Laurent Antonio Lezcano,,false,basic,,0,,2026-03-11,2026-03-12T02:01:11.324Z,2026-05-03T04:41:08.428Z,,2026-03-12T02:03:24.521Z,2026-04-25T23:18:22.778Z,true,1,,,
true,active,57920,32108855,alquilo-apartamento-en-ph-altamira-gardens-clientes-directos-l,https://www.encuentra24.com/panama-es/bienes-raices-alquiler-apartamentos-amueblados/alquilo-apartamento-en-ph-altamira-gardens-clientes-directos-l/32108855,rental,apartamentos-amueblados,Furnished Apartments & Houses,Alquilo Apartamento en Ph Altamira Gardens Clientes Directos L,"Detalles
            
  El apartamento cuenta con: 

80 metros
2 recámaras
2 baños  
Balcón 
Incluye: cuota de mantenimiento, agua y gas
2 estacionamientos

Área Social con:

2 piscinas
Cancha de tenis
Gimnasio
Senderos para caminar
Parque infantil
Salón de eventos

A 5 minutos de Altaplaza, Centennial Mall y Tumba Muerto.

Altamira Gardens le ofrece a usted y a los suyos un relajante estilo de vida rodeado por naturaleza tropical. Muy cerca está Altaplaza Mall, uno de los centros comerciales más grande de Panamá, donde encontrará: Supermercados, restaurantes, cine, almacenes, bancos y muchos puntos más de interés. Adicional a esto cuenta con fácil acceso al corredor norte y autopista Panamá–Colón, Ciudad Hospitalaria y Merca Panamá.",890,USD,,,,,San Miguelito,Condado del Rey,via centenial a un costado del estadio rod carew,,9.043254283705595,-79.54837560653682,2,2,2,80,,,,1,,,,,,"[""https://photos.encuentra24.com/t_or_fh_l/f_auto/v1/pa/32/10/88/55/32108855_5452f44b483cde6e1026d0a6bd9ec8ad-6869e18"",""https://photos.encuentra24.com/t_or_fh_l/f_auto/v1/pa/32/10/88/55/32108855_5452f44b483cde6e1026d0a6bd9ec8ad-adfe129"",""https://photos.encuentra24.com/t_or_fh_l/f_auto/v1/pa/32/10/88/55/32108855_5452f44b483cde6e1026d0a6bd9ec8ad-df91711"",""https://photos.encuentra24.com/t_or_fh_l/f_auto/v1/pa/32/10/88/55/32108855_5452f44b483cde6e1026d0a6bd9ec8ad-f87d1bb"",""https://photos.encuentra24.com/t_or_fh_l/f_auto/v1/pa/32/10/88/55/32108855_5452f44b483cde6e1026d0a6bd9ec8ad-ed0508f"",""https://photos.encuentra24.com/t_or_fh_l/f_auto/v1/pa/32/10/88/55/32108855_5452f44b483cde6e1026d0a6bd9ec8ad-153ed3d"",""https://photos.encuentra24.com/t_or_fh_l/f_auto/v1/pa/32/10/88/55/32108855_5452f44b483cde6e1026d0a6bd9ec8ad-1d92a46"",""https://photos.encuentra24.com/t_or_fh_l/f_auto/v1/pa/32/10/88/55/32108855_5452f44b483cde6e1026d0a6bd9ec8ad-dda7a27"",""https://photos.encuentra24.com/t_or_fh_l/f_auto/v1/pa/32/10/88/55/32108855_5452f44b483cde6e1026d0a6bd9ec8ad-4058584"",""https://photos.encuentra24.com/t_or_fh_l/f_auto/v1/pa/32/10/88/55/32108855_5452f44b483cde6e1026d0a6bd9ec8ad-3900279"",""https://photos.encuentra24.com/t_or_fh_l/f_auto/v1/pa/32/10/88/55/32108855_5452f44b483cde6e1026d0a6bd9ec8ad-193fa4a"",""https://photos.encuentra24.com/t_or_fh_l/f_auto/v1/pa/32/10/88/55/32108855_5452f44b483cde6e1026d0a6bd9ec8ad-bddb451"",""https://photos.encuentra24.com/t_or_fh_l/f_auto/v1/pa/32/10/88/55/32108855_5452f44b483cde6e1026d0a6bd9ec8ad-62018b8"",""https://photos.encuentra24.com/t_or_fh_l/f_auto/v1/pa/32/10/88/55/32108855_5452f44b483cde6e1026d0a6bd9ec8ad-46b25c9""]",14,false,false,,Oriana Administración de propiedades,Oriana Bocanument,,false,basic,,0,,2026-03-11,2026-03-11T22:07:46.540Z,2026-05-10T09:10:57.568Z,,2026-05-10T09:10:57.568Z,2026-03-20T16:43:15.536Z,true,1,,,
true,active,51243,32071025,venta-de-paratamento-con-jardin-en-ph-altamira-gardens,https://www.encuentra24.com/panama-es/bienes-raices-venta-de-propiedades-apartamentos/venta-de-paratamento-con-jardin-en-ph-altamira-gardens/32071025,sale,apartamentos,Apartments,VENTA DE PARATAMENTO CON JARDIN EN PH ALTAMIRA GARDENS,"Detalles
            
  Descubre el privilegio de vivir en un apartamento con concepto de casa, rodeado de naturaleza y total privacidad.

Este exclusivo apartamento en planta baja ofrece una amplia terraza con hermoso jardín privado, colindante con área verde de montaña, creando un ambiente natural, fresco y relajante todos los días. Además, cuenta con un balcón adicional que aporta aún más iluminación y ventilación natural.

Aquí disfrutarás lo mejor de dos mundos: la comodidad de un apartamento y la sensación de vivir en una casa, dentro de un residencial privado con garita de seguridad.

Amenidades del residencial:


 
 Dos piscinas en diferentes niveles
 
 
 Parque infantil
 
 
 Gimnasio equipado
 
 
 Cancha de tenis
 
 
 Cancha multiuso (baloncesto y fútbol)
 
 
 Múltiples estacionamientos para visitas
 
 
 Seguridad 24/7
 


Ubicado en Altamira Gardens, un residencial privado que se eleva en lo alto de una loma, rodeado de naturaleza y tranquilidad.

Su estratégica ubicación permite rápido acceso al Corredor Norte, prestigiosos colegios y universidades, diversas plazas comerciales y al reconocido Altaplaza Mall.

Una propiedad ideal para familias, amantes de la naturaleza o quienes buscan privacidad, amplitud y una excelente inversión en una de las zonas con mayor conectividad de la ciudad.

_____________________________________________

Discover the privilege of living in an apartment with a home-style concept, surrounded by nature and complete privacy.

This exclusive ground-floor apartment features a spacious terrace with a beautiful private garden, bordering a lush green mountain area, creating a fresh, serene, and relaxing atmosphere every day. It also offers an additional balcony that enhances natural light and cross ventilation.

Here, you will enjoy the best of both worlds: the comfort of an apartment with the feeling of living in a house, within a private gated community with security checkpoint.

Residential Amenities:


 
 Two swimming pools on different levels
 
 
 Children’s playground
 
 
 Fully equipped gym
 
 
 Tennis court
 
 
 Multi-use court (basketball and soccer)
 
 
 Multiple visitor parking spaces
 
 
 24/7 security
 


Located in Altamira Gardens, a private residential community perched atop a hill, surrounded by nature and tranquility.

Its strategic location provides quick access to Corredor Norte, top schools and universities, a wide variety of shopping plazas, and the renowned Altaplaza Mall.

An ideal property for families, nature lovers, or anyone seeking privacy, spacious living, and a solid investment opportunity in one of the city’s most well-connected areas.",215000,USD,,,,,Panama City,Ancón,¡Pregunta al anunciante!,,9.0429571,-79.5483712,3,2,2,230,,,2017,,1,Cerámica,,260,,"[""https://photos.encuentra24.com/t_or_fh_l/f_auto/v1/pa/32/07/10/25/32071025_ebc712"",""https://photos.encuentra24.com/t_or_fh_l/f_auto/v1/pa/32/07/10/25/32071025_4eca30"",""https://photos.encuentra24.com/t_or_fh_l/f_auto/v1/pa/32/07/10/25/32071025_ccc61d"",""https://photos.encuentra24.com/t_or_fh_l/f_auto/v1/pa/32/07/10/25/32071025_d9e852"",""https://photos.encuentra24.com/t_or_fh_l/f_auto/v1/pa/32/07/10/25/32071025_cad5d9"",""https://photos.encuentra24.com/t_or_fh_l/f_auto/v1/pa/32/07/10/25/32071025_6c3127"",""https://photos.encuentra24.com/t_or_fh_l/f_auto/v1/pa/32/07/10/25/32071025_254d12"",""https://photos.encuentra24.com/t_or_fh_l/f_auto/v1/pa/32/07/10/25/32071025_e5204d"",""https://photos.encuentra24.com/t_or_fh_l/f_auto/v1/pa/32/07/10/25/32071025_4fadf2"",""https://photos.encuentra24.com/t_or_fh_l/f_auto/v1/pa/32/07/10/25/32071025_150e23"",""https://photos.encuentra24.com/t_or_fh_l/f_auto/v1/pa/32/07/10/25/32071025_b96991"",""https://photos.encuentra24.com/t_or_fh_l/f_auto/v1/pa/32/07/10/25/32071025_e63afd"",""https://photos.encuentra24.com/t_or_fh_l/f_auto/v1/pa/32/07/10/25/32071025_2a9f4a"",""https://photos.encuentra24.com/t_or_fh_l/f_auto/v1/pa/32/07/10/25/32071025_07351b"",""https://photos.encuentra24.com/t_or_fh_l/f_auto/v1/pa/32/07/10/25/32071025_0b9888"",""https://photos.encuentra24.com/t_or_fh_l/f_auto/v1/pa/32/07/10/25/32071025_c84b3d"",""https://photos.encuentra24.com/t_or_fh_l/f_auto/v1/pa/32/07/10/25/32071025_f1db60"",""https://photos.encuentra24.com/t_or_fh_l/f_auto/v1/pa/32/07/10/25/32071025_ffcba7"",""https://img.youtube.com/vi/ttps://www.youtube.com/shorts/62A5sFbPvbs/mqdefault.jpg""]",19,true,false,,PREIC CORP by Grupo PREIC,Nadia Kassabgi,agent,false,basic,,0,,2026-03-04,2026-03-04T10:01:20.328Z,2026-05-03T04:43:59.177Z,,2026-03-04T10:02:18.484Z,2026-04-25T23:18:22.778Z,true,1,,,
true,active,49396,32059564,se-vende-apartamentoe-en-ph-altamira-gardens-2-habitacion-con-piscina,https://www.encuentra24.com/panama-es/bienes-raices-venta-de-propiedades-apartamentos/se-vende-apartamentoe-en-ph-altamira-gardens-2-habitacion-con-piscina/32059564,sale,apartamentos,Apartments,SE VENDE APARTAMENTOE EN PH ALTAMIRA GARDENS 2 HABITACIÓN CON PISCINA,"Detalles
            
  Se VENDE amplio y cómodo apartamento en Ancón, PH ALTAMIRA GARDENS, rodeado de naturaleza y cerca de todo.

Cuenta con:


 75 m2
 2 Habitaciones
 2 Baños
 2 Estacionamientos (doble fondo)
 Sala / Comedor
 Cocina 
 Lavanderia
 Deposito
 Balcón
 Vista panoramica
 Se entrega: amoblado y Aires Acondicionados


Amenidades:


 Área social
 Piscina
 Terraza
 Gimnasio
 Seguridad 24 horas 
 Estacionamientos de visitas
 Cerca de restaurantes, farmacias, supermercados, parques, entre otros.


Excelente temperatura, rodeada de vegetación, lugar tranquilo, libre de contaminación, lejos de ruido, cerca de centro comercial.

PRECIO DE VENTA: 135,000.00

Para mas información llame o escriba con gusto le atenderemos.

Galceb Group, Bienes Raíces",135000,USD,,,,,Panama City,Ancón,¡Pregunta al anunciante!,,9.052817,-79.616521,2,2,2,75,,,,,4,Cerámica,,150,,"[""https://photos.encuentra24.com/t_or_fh_l/f_auto/v1/pa/32/05/95/64/32059564_7aa954"",""https://photos.encuentra24.com/t_or_fh_l/f_auto/v1/pa/32/05/95/64/32059564_e77ef8"",""https://photos.encuentra24.com/t_or_fh_l/f_auto/v1/pa/32/05/95/64/32059564_267d63"",""https://photos.encuentra24.com/t_or_fh_l/f_auto/v1/pa/32/05/95/64/32059564_727ffb"",""https://photos.encuentra24.com/t_or_fh_l/f_auto/v1/pa/32/05/95/64/32059564_a7a8d5"",""https://photos.encuentra24.com/t_or_fh_l/f_auto/v1/pa/32/05/95/64/32059564_fe636b"",""https://photos.encuentra24.com/t_or_fh_l/f_auto/v1/pa/32/05/95/64/32059564_d53ba6"",""https://photos.encuentra24.com/t_or_fh_l/f_auto/v1/pa/32/05/95/64/32059564_8e7306"",""https://photos.encuentra24.com/t_or_fh_l/f_auto/v1/pa/32/05/95/64/32059564_4e5b75"",""https://photos.encuentra24.com/t_or_fh_l/f_auto/v1/pa/32/05/95/64/32059564_4120da"",""https://photos.encuentra24.com/t_or_fh_l/f_auto/v1/pa/32/05/95/64/32059564_654031"",""https://photos.encuentra24.com/t_or_fh_l/f_auto/v1/pa/32/05/95/64/32059564_dd3f3d"",""https://photos.encuentra24.com/t_or_fh_l/f_auto/v1/pa/32/05/95/64/32059564_3df7bb"",""https://photos.encuentra24.com/t_or_fh_l/f_auto/v1/pa/32/05/95/64/32059564_cc676e"",""https://photos.encuentra24.com/t_or_fh_l/f_auto/v1/pa/32/05/95/64/32059564_9c4805"",""https://photos.encuentra24.com/t_or_fh_l/f_auto/v1/pa/32/05/95/64/32059564_b1ce3e"",""https://photos.encuentra24.com/t_or_fh_l/f_auto/v1/pa/32/05/95/64/32059564_e40bb5"",""https://photos.encuentra24.com/t_or_fh_l/f_auto/v1/pa/32/05/95/64/32059564_330ae4"",""https://photos.encuentra24.com/t_or_fh_l/f_auto/v1/pa/32/05/95/64/32059564_cdd9cb"",""https://photos.encuentra24.com/t_or_fh_l/f_auto/v1/pa/32/05/95/64/32059564_2a9391""]",20,false,false,,GALCEB GROUP bienes raíces.,GALCEB GROUP.,agent,true,basic,,0,,2026-03-02,2026-03-02T08:01:45.429Z,2026-05-03T04:44:44.746Z,,2026-03-02T08:02:53.645Z,2026-04-25T23:18:22.778Z,true,1,,,
true,active,49394,32059566,ancon-ph-altamira-gardens-75m-2-habitacion-2-parking-piscina,https://www.encuentra24.com/panama-es/bienes-raices-venta-de-propiedades-apartamentos/ancon-ph-altamira-gardens-75m-2-habitacion-2-parking-piscina/32059566,sale,apartamentos,Apartments,ANCON / PH ALTAMIRA GARDENS / 75M / 2 HABITACIÓN / 2 PARKING / PISCINA,"Detalles
            
  Se VENDE amplio y cómodo apartamento en Ancón, PH ALTAMIRA GARDENS, rodeado de naturaleza y cerca de todo.

Cuenta con:


 75 m2
 2 Habitaciones
 2 Baños
 2 Estacionamientos (doble fondo)
 Sala / Comedor
 Cocina 
 Lavanderia
 Deposito
 Balcón
 Vista panoramica
 Se entrega: amoblado y Aires Acondicionados


Amenidades:


 Área social
 Piscina
 Terraza
 Gimnasio
 Seguridad 24 horas 
 Estacionamientos de visitas
 Cerca de restaurantes, farmacias, supermercados, parques, entre otros.


Excelente temperatura, rodeada de vegetación, lugar tranquilo, libre de contaminación, lejos de ruido, cerca de centro comercial.

PRECIO DE VENTA: 135,000.00

Para mas información llame o escriba con gusto le atenderemos.

Galceb Group, Bienes Raíces",135000,USD,,,,,Panama City,Ancón,¡Pregunta al anunciante!,,9.052817,-79.616521,2,2,2,75,,,,,4,Cerámica,,150,,"[""https://photos.encuentra24.com/t_or_fh_l/f_auto/v1/pa/32/05/95/66/32059566_72fc7a"",""https://photos.encuentra24.com/t_or_fh_l/f_auto/v1/pa/32/05/95/66/32059566_227f67"",""https://photos.encuentra24.com/t_or_fh_l/f_auto/v1/pa/32/05/95/66/32059566_07ba6c"",""https://photos.encuentra24.com/t_or_fh_l/f_auto/v1/pa/32/05/95/66/32059566_f66fd9"",""https://photos.encuentra24.com/t_or_fh_l/f_auto/v1/pa/32/05/95/66/32059566_cb1f93"",""https://photos.encuentra24.com/t_or_fh_l/f_auto/v1/pa/32/05/95/66/32059566_a8ef33"",""https://photos.encuentra24.com/t_or_fh_l/f_auto/v1/pa/32/05/95/66/32059566_14c968"",""https://photos.encuentra24.com/t_or_fh_l/f_auto/v1/pa/32/05/95/66/32059566_4ae108"",""https://photos.encuentra24.com/t_or_fh_l/f_auto/v1/pa/32/05/95/66/32059566_fc7d9f"",""https://photos.encuentra24.com/t_or_fh_l/f_auto/v1/pa/32/05/95/66/32059566_8d029f"",""https://photos.encuentra24.com/t_or_fh_l/f_auto/v1/pa/32/05/95/66/32059566_2aaa15"",""https://photos.encuentra24.com/t_or_fh_l/f_auto/v1/pa/32/05/95/66/32059566_715614"",""https://photos.encuentra24.com/t_or_fh_l/f_auto/v1/pa/32/05/95/66/32059566_e532fb"",""https://photos.encuentra24.com/t_or_fh_l/f_auto/v1/pa/32/05/95/66/32059566_58307b"",""https://photos.encuentra24.com/t_or_fh_l/f_auto/v1/pa/32/05/95/66/32059566_78c581"",""https://photos.encuentra24.com/t_or_fh_l/f_auto/v1/pa/32/05/95/66/32059566_0865db"",""https://photos.encuentra24.com/t_or_fh_l/f_auto/v1/pa/32/05/95/66/32059566_3037a2"",""https://photos.encuentra24.com/t_or_fh_l/f_auto/v1/pa/32/05/95/66/32059566_8448da"",""https://photos.encuentra24.com/t_or_fh_l/f_auto/v1/pa/32/05/95/66/32059566_ff6c5f"",""https://photos.encuentra24.com/t_or_fh_l/f_auto/v1/pa/32/05/95/66/32059566_b8f287""]",20,false,false,,GALCEB GROUP bienes raíces.,GALCEB GROUP.,agent,true,basic,,0,,2026-03-02,2026-03-02T08:01:45.429Z,2026-05-03T04:44:44.746Z,,2026-03-02T08:02:52.883Z,2026-04-25T23:18:22.778Z,true,1,,,
true,active,41277,32017581,via-centenario-p-h-altamira-gardens,https://www.encuentra24.com/panama-es/bienes-raices-venta-de-propiedades-apartamentos/via-centenario-p-h-altamira-gardens/32017581,sale,apartamentos,Apartments,"Vía Centenario, P.H. Altamira Gardens","Detalles
            
  Amplio apartamento de 3 recámaras, 2 baños, sala, comedor, cocina, área de lavandería, balcón, depósito, 1 estacionamiento, área social con piscina, parque infantil, seguridad 24 horas.",192500,USD,,,,,Panama City,Ancón,"P.H. Altamira Gardens, Edificio G, Piso 500, corregimiento Ancón, distrito Panamá",,,,3,2,1,112,,,,5,5,Otro,,,,"[""https://photos.encuentra24.com/t_or_fh_l/f_auto/v1/pa/32/01/75/81/32017581_cff303d0c961bb44f7bac0f5239f9454-5adecc5"",""https://photos.encuentra24.com/t_or_fh_l/f_auto/v1/pa/32/01/75/81/32017581_cff303d0c961bb44f7bac0f5239f9454-d087d20"",""https://photos.encuentra24.com/t_or_fh_l/f_auto/v1/pa/32/01/75/81/32017581_cff303d0c961bb44f7bac0f5239f9454-0877646"",""https://photos.encuentra24.com/t_or_fh_l/f_auto/v1/pa/32/01/75/81/32017581_cff303d0c961bb44f7bac0f5239f9454-4e6e86a"",""https://photos.encuentra24.com/t_or_fh_l/f_auto/v1/pa/32/01/75/81/32017581_cff303d0c961bb44f7bac0f5239f9454-36d9f23""]",5,false,false,,NICHOLSON BIENES RAICES,ROBERTO/EMILIA NICHOLSON,agent,true,basic,,0,,2026-02-19,2026-02-19T15:01:11.000Z,2026-05-03T04:46:29.160Z,,2026-02-19T15:01:26.666Z,2026-04-25T23:18:22.778Z,true,1,,,
true,active,41274,32017610,via-centenario-p-h-altamira-gardens,https://www.encuentra24.com/panama-es/bienes-raices-venta-de-propiedades-apartamentos/via-centenario-p-h-altamira-gardens/32017610,sale,apartamentos,Apartments,"Vía Centenario, P.H. Altamira Gardens","Detalles
            
  Amplio apartamento de 2 recámaras, 2 baños, vestíbulo, sala, comedor, cocina, área de lavandería, balcón, depósito, terraza abierta y cerrada, 1 estacionamiento, área social con piscina, parque infantil, seguridad 24 horas.",165000,USD,,,,,Panama City,Ancón,"PH Altamira Gardens, corregimiento de Ancón, distrito de Panamá",,,,2,2,1,63,,,,5,,Otro,,,,"[""https://photos.encuentra24.com/t_or_fh_l/f_auto/v1/pa/32/01/76/10/32017610_21640f726d5066e69f63553e34bbc977-6cfaaa7"",""https://photos.encuentra24.com/t_or_fh_l/f_auto/v1/pa/32/01/76/10/32017610_21640f726d5066e69f63553e34bbc977-bd77941"",""https://photos.encuentra24.com/t_or_fh_l/f_auto/v1/pa/32/01/76/10/32017610_21640f726d5066e69f63553e34bbc977-2d958a7"",""https://photos.encuentra24.com/t_or_fh_l/f_auto/v1/pa/32/01/76/10/32017610_21640f726d5066e69f63553e34bbc977-f676b4c"",""https://photos.encuentra24.com/t_or_fh_l/f_auto/v1/pa/32/01/76/10/32017610_21640f726d5066e69f63553e34bbc977-4b3d5a8"",""https://photos.encuentra24.com/t_or_fh_l/f_auto/v1/pa/32/01/76/10/32017610_21640f726d5066e69f63553e34bbc977-2efe3d2"",""https://photos.encuentra24.com/t_or_fh_l/f_auto/v1/pa/32/01/76/10/32017610_21640f726d5066e69f63553e34bbc977-59ce544""]",7,false,false,,NICHOLSON BIENES RAICES,ROBERTO/EMILIA NICHOLSON,agent,true,basic,,0,,2026-02-19,2026-02-19T15:01:11.000Z,2026-05-03T04:46:29.160Z,,2026-02-19T15:01:40.434Z,2026-04-25T23:18:22.778Z,true,1,,,
true,active,41271,32017620,via-centenario-p-h-altamira-gardens,https://www.encuentra24.com/panama-es/bienes-raices-venta-de-propiedades-apartamentos/via-centenario-p-h-altamira-gardens/32017620,sale,apartamentos,Apartments,"Vía Centenario, P.H. Altamira Gardens","Detalles
            
  Amplio apartamento de 3 recámaras, 2 baños, sala, comedor, cocina, área de lavandería, balcón, depósito, 1 estacionamiento, área social con piscina, parque infantil, seguridad 24 horas.",165500,USD,,,,,Panama City,Ancón,"PH Altamira Gardens, Edificio F, corregimiento Ancón, distrito Panamá",,,,3,2,1,112,,,,5,,Otro,,,,"[""https://photos.encuentra24.com/t_or_fh_l/f_auto/v1/pa/32/01/76/20/32017620_2f1376d6a592994143741dbda94edb98-dd29aa1"",""https://photos.encuentra24.com/t_or_fh_l/f_auto/v1/pa/32/01/76/20/32017620_2f1376d6a592994143741dbda94edb98-51cb583"",""https://photos.encuentra24.com/t_or_fh_l/f_auto/v1/pa/32/01/76/20/32017620_2f1376d6a592994143741dbda94edb98-d1b1fb3"",""https://photos.encuentra24.com/t_or_fh_l/f_auto/v1/pa/32/01/76/20/32017620_2f1376d6a592994143741dbda94edb98-8e2520b"",""https://photos.encuentra24.com/t_or_fh_l/f_auto/v1/pa/32/01/76/20/32017620_2f1376d6a592994143741dbda94edb98-050a740"",""https://photos.encuentra24.com/t_or_fh_l/f_auto/v1/pa/32/01/76/20/32017620_2f1376d6a592994143741dbda94edb98-56774d1""]",6,false,false,,NICHOLSON BIENES RAICES,ROBERTO/EMILIA NICHOLSON,agent,true,basic,,0,,2026-02-19,2026-02-19T15:01:11.000Z,2026-05-03T04:46:29.160Z,,2026-02-19T15:01:23.016Z,2026-04-25T23:18:22.778Z,true,1,,,
true,active,35974,31994848,venta-de-apartamento-en-ancon-altamira-gardens-gta,https://www.encuentra24.com/panama-es/bienes-raices-venta-de-propiedades-apartamentos/venta-de-apartamento-en-ancon-altamira-gardens-gta/31994848,sale,apartamentos,Apartments,Venta de apartamento en Ancón (Altamira Gardens) GTA,"Detalles
            
  Se vende apartamento en Ancón (Altamira Gardens)
75 m2
2 recamaras.
2 baños
2 estacionamiento
1 mini deposito
Mantenimiento: $150
Precio: $115,000",115000,USD,,,,,Panama City,Ancón,¡Pregunta al anunciante!,,,,2,2,1,75,,,,,,,,,,"[""https://photos.encuentra24.com/t_or_fh_l/f_auto/v1/pa/31/99/48/48/31994848_9e3e57fb9fba150bc3daa16e7688aa02-19b2657"",""https://photos.encuentra24.com/t_or_fh_l/f_auto/v1/pa/31/99/48/48/31994848_9e3e57fb9fba150bc3daa16e7688aa02-80fb727""]",2,false,false,,Gabriel Tejeira,Gabriel Tejeira,,false,basic,,0,,2026-02-13,2026-02-14T15:39:44.766Z,2026-05-03T04:46:49.122Z,,2026-02-14T15:39:58.841Z,2026-04-25T23:18:22.778Z,true,1,,,
true,active,21067,29004760,banco-vende-apartamento-en-altamira-gardens-rod-carew,https://www.encuentra24.com/panama-es/bienes-raices-venta-de-propiedades-apartamentos/banco-vende-apartamento-en-altamira-gardens-rod-carew/29004760,sale,apartamentos,Apartments,"Banco Vende Apartamento en Altamira Gardens, Rod Carew","Detalles
            
  Se vende apartamento en Ph Altamira Gardens ubicado en la carretera hacia el Puente Centenario a un costado del Estadio Nacional Rod Carew, Corregimiento de Ancón. Acceso directo al corredor norte, centro comercial Alta Plaza Mall y Merca Panamá. Este apartamento con 75mt2 cuenta con 2 recámaras, 2 baños.
Estacionamientos de visitas.
 2 piscinas.
 Gimnasio grande.
 Cancha de tenis.
Cancha múltiple.
Mesa de ping pong.
Sala de billar.
 Parque infantil.
Seguridad con garita.
 Cámaras de vigilancia las 24 horas.",125439,USD,,,,,Panama City,Ancón,¡Pregunta al anunciante!,,,,2,2,1,75,,,,,,,,,,"[""https://photos.encuentra24.com/t_or_fh_l/f_auto/v1/pa/29/00/47/60/29004760_6c47d5"",""https://photos.encuentra24.com/t_or_fh_l/f_auto/v1/pa/29/00/47/60/29004760_bf1ba2"",""https://photos.encuentra24.com/t_or_fh_l/f_auto/v1/pa/29/00/47/60/29004760_05e57e"",""https://photos.encuentra24.com/t_or_fh_l/f_auto/v1/pa/29/00/47/60/29004760_cde4b0"",""https://photos.encuentra24.com/t_or_fh_l/f_auto/v1/pa/29/00/47/60/29004760_c826cf"",""https://photos.encuentra24.com/t_or_fh_l/f_auto/v1/pa/29/00/47/60/29004760_d6fa92"",""https://photos.encuentra24.com/t_or_fh_l/f_auto/v1/pa/29/00/47/60/29004760_25d943"",""https://photos.encuentra24.com/t_or_fh_l/f_auto/v1/pa/29/00/47/60/29004760_3ab0ee"",""https://photos.encuentra24.com/t_or_fh_l/f_auto/v1/pa/29/00/47/60/29004760_bfe0ec"",""https://photos.encuentra24.com/t_or_fh_l/f_auto/v1/pa/29/00/47/60/29004760_191ab0"",""https://photos.encuentra24.com/t_or_fh_l/f_auto/v1/pa/29/00/47/60/29004760_f8eba4"",""https://photos.encuentra24.com/t_or_fh_l/f_auto/v1/pa/29/00/47/60/29004760_4cb485"",""https://photos.encuentra24.com/t_or_fh_l/f_auto/v1/pa/29/00/47/60/29004760_e157ec""]",13,false,false,546,Grupo Gestiones Real Estate S.A,GRUPO GESTIONES REAL ESTATE,agent,true,basic,,1,,2026-02-09,2026-02-09T05:08:36.068Z,2026-05-03T04:47:26.686Z,,2026-02-10T05:12:33.884Z,2026-04-25T23:18:22.778Z,true,1,,,
true,active,13468,31955304,venta-apartamento-altamira-gardens-precio-de-oportunidad,https://www.encuentra24.com/panama-es/bienes-raices-venta-de-propiedades-apartamentos/venta-apartamento-altamira-gardens-precio-de-oportunidad/31955304,sale,apartamentos,Apartments,Venta Apartamento Altamira Gardens Precio de Oportunidad,"Detalles
            
  Apartamento de 3 habitaciones, 1 puestos de estacionamientos y 1 depósito.  Propiedad reposeida.  Haz tu oferta y disfruta los mejores atardeceres rodeado de naturaleza. 

Altamira Gardens ofrece un relajante estilo de vida rodeado por naturaleza tropical.   Muy cerca está Altaplaza Mall, uno de los centros comerciales más grande de Panamá, donde encontrará: supermercados, restaurantes, cine, almacenes, bancos y muchos puntos más de interés. Adicional a esto cuenta con fácil acceso al Corredor Norte, Vía Centenario hacia el interior del país, la autopista Panamá–Colón y Merca Panamá.

El edificio le brinda el placer de disfrutar del aire fresco y relajante  mientras da un paseo por las extensas áreas verdes que esta comunidad ofrece. Cuenta con  amenidades para grandes y chicos, amplios y cómodos estacionamientos y seguridad las 24 horas.

Descripción del Apartamento:
- 125 mt2 m2
- Vista Panorámica 
- 2 balcones
- 3 Habitaciones (Hab. principal con baño y  amplio closet)
- 2 Baños completos
- Sala-Comedor con balcón
- Cocina abierta
- Lavandería
 -1 Estacionamientos 
 -1 depósito 
 -Mantenimiento: 250 $/mes (Incluye gas, agua y aseo). 
- Fecha de Construcción: 2013

Descripción del Edificio
- 6 pisos
- 2 Elevador 
- Todos los estacionamientos en planta baja
- Seguridad 24 horas
- Tanque de reserva de agua
- Áreas verdes

Moderna Área social con:
- Piscina de Adultos y Niños
- Área de BBQ
- Parque Infantil
- Gimnasio
- Sala de Fiestas 
- Cancha de tenis
- Cancha de baloncesto 
- Área verdes y zonas para hacer caminatas o correr",162225,USD,,,,,Panama City,Ancón,¡Pregunta al anunciante!,,,,3,2,1,125,,,2013,6,3,Porcelanato,,,,"[""https://photos.encuentra24.com/t_or_fh_l/f_auto/v1/pa/31/95/53/04/31955304_54d849ed78fbb32f37a098dc3b132d1e-120600b"",""https://photos.encuentra24.com/t_or_fh_l/f_auto/v1/pa/31/95/53/04/31955304_54d849ed78fbb32f37a098dc3b132d1e-af9ff51"",""https://photos.encuentra24.com/t_or_fh_l/f_auto/v1/pa/31/95/53/04/31955304_54d849ed78fbb32f37a098dc3b132d1e-6c6d211"",""https://photos.encuentra24.com/t_or_fh_l/f_auto/v1/pa/31/95/53/04/31955304_54d849ed78fbb32f37a098dc3b132d1e-f88a015"",""https://photos.encuentra24.com/t_or_fh_l/f_auto/v1/pa/31/95/53/04/31955304_54d849ed78fbb32f37a098dc3b132d1e-2b0e6cb"",""https://photos.encuentra24.com/t_or_fh_l/f_auto/v1/pa/31/95/53/04/31955304_54d849ed78fbb32f37a098dc3b132d1e-cd55899"",""https://photos.encuentra24.com/t_or_fh_l/f_auto/v1/pa/31/95/53/04/31955304_54d849ed78fbb32f37a098dc3b132d1e-0efdb67"",""https://photos.encuentra24.com/t_or_fh_l/f_auto/v1/pa/31/95/53/04/31955304_54d849ed78fbb32f37a098dc3b132d1e-d497797"",""https://photos.encuentra24.com/t_or_fh_l/f_auto/v1/pa/31/95/53/04/31955304_54d849ed78fbb32f37a098dc3b132d1e-327e2e9"",""https://photos.encuentra24.com/t_or_fh_l/f_auto/v1/pa/31/95/53/04/31955304_54d849ed78fbb32f37a098dc3b132d1e-090c609"",""https://photos.encuentra24.com/t_or_fh_l/f_auto/v1/pa/31/95/53/04/31955304_54d849ed78fbb32f37a098dc3b132d1e-50e9a59"",""https://photos.encuentra24.com/t_or_fh_l/f_auto/v1/pa/31/95/53/04/31955304_54d849ed78fbb32f37a098dc3b132d1e-bd76a51"",""https://photos.encuentra24.com/t_or_fh_l/f_auto/v1/pa/31/95/53/04/31955304_54d849ed78fbb32f37a098dc3b132d1e-fb87f92"",""https://photos.encuentra24.com/t_or_fh_l/f_auto/v1/pa/31/95/53/04/31955304_54d849ed78fbb32f37a098dc3b132d1e-b5b67db"",""https://photos.encuentra24.com/t_or_fh_l/f_auto/v1/pa/31/95/53/04/31955304_54d849ed78fbb32f37a098dc3b132d1e-eb81b5a"",""https://photos.encuentra24.com/t_or_fh_l/f_auto/v1/pa/31/95/53/04/31955304_54d849ed78fbb32f37a098dc3b132d1e-3feed5c"",""https://photos.encuentra24.com/t_or_fh_l/f_auto/v1/pa/31/95/53/04/31955304_54d849ed78fbb32f37a098dc3b132d1e-52acf4d"",""https://photos.encuentra24.com/t_or_fh_l/f_auto/v1/pa/31/95/53/04/31955304_54d849ed78fbb32f37a098dc3b132d1e-c4edfd6"",""https://photos.encuentra24.com/t_or_fh_l/f_auto/v1/pa/31/95/53/04/31955304_54d849ed78fbb32f37a098dc3b132d1e-fb732ec""]",19,false,false,526,"Global Inmuebles Panamá, S.A.",Global Inmuebles,agent,true,basic,,0,,2026-02-04,2026-02-09T04:36:31.960Z,2026-05-03T04:48:14.613Z,,2026-02-10T04:52:56.800Z,2026-04-25T23:18:22.778Z,true,1,,,
true,active,36467,31808969,venta-de-apartamento-en-ph-altamira-gardens-en-ancon,https://www.encuentra24.com/panama-es/bienes-raices-venta-de-propiedades-apartamentos/venta-de-apartamento-en-ph-altamira-gardens-en-ancon/31808969,sale,apartamentos,Apartments,VENTA DE APARTAMENTO EN PH ALTAMIRA GARDENS EN ANCON,"Detalles
            
  Se VENDE amplio y cómodo apartamento en Ancón, PH ALTAMIRA GARDENS, con vista a la montaña, zona tranquila, lejos del ruido

Cuenta con:


 125 m2
 3 Habitaciones
 2 Baños
 2 Estacionamientos 
 Sala - Comedor
 Cocina 
 Área de lavado 
 Balcón


Amenidades:


 Área social 
 Piscina
 Terraza
 Gimnasio
 Cancha de Tenis
 Seguridad 24 horas 
 estacionamientos de visitas
 Cerca de restaurantes, farmacias, supermercados, parques, entre otros.


PRECIO DE VENTA: 175,000.00

Para mas información llame o escriba con gusto le atenderemos.

Galceb Group, Bienes Raíces",175000,USD,,,,,Panama City,Ancón,¡Pregunta al anunciante!,,,,3,2,2,125,,,,,3,Cerámica,,,,"[""https://photos.encuentra24.com/t_or_fh_l/f_auto/v1/pa/31/80/89/69/31808969_8780f3"",""https://photos.encuentra24.com/t_or_fh_l/f_auto/v1/pa/31/80/89/69/31808969_105e87"",""https://photos.encuentra24.com/t_or_fh_l/f_auto/v1/pa/31/80/89/69/31808969_63708f"",""https://photos.encuentra24.com/t_or_fh_l/f_auto/v1/pa/31/80/89/69/31808969_53b56e"",""https://photos.encuentra24.com/t_or_fh_l/f_auto/v1/pa/31/80/89/69/31808969_518711"",""https://photos.encuentra24.com/t_or_fh_l/f_auto/v1/pa/31/80/89/69/31808969_8cd669"",""https://photos.encuentra24.com/t_or_fh_l/f_auto/v1/pa/31/80/89/69/31808969_5710f5"",""https://photos.encuentra24.com/t_or_fh_l/f_auto/v1/pa/31/80/89/69/31808969_2cd265"",""https://photos.encuentra24.com/t_or_fh_l/f_auto/v1/pa/31/80/89/69/31808969_44be2b"",""https://photos.encuentra24.com/t_or_fh_l/f_auto/v1/pa/31/80/89/69/31808969_a3fe62"",""https://photos.encuentra24.com/t_or_fh_l/f_auto/v1/pa/31/80/89/69/31808969_812b6d"",""https://photos.encuentra24.com/t_or_fh_l/f_auto/v1/pa/31/80/89/69/31808969_f19442"",""https://photos.encuentra24.com/t_or_fh_l/f_auto/v1/pa/31/80/89/69/31808969_bc7a8c"",""https://photos.encuentra24.com/t_or_fh_l/f_auto/v1/pa/31/80/89/69/31808969_091f83""]",14,false,false,,GALCEB GROUP bienes raíces.,GALCEB GROUP.,agent,true,basic,,0,,2026-01-02,2026-02-14T15:59:57.810Z,2026-05-03T04:51:36.259Z,,2026-02-14T16:00:03.303Z,2026-04-25T23:18:22.778Z,true,1,,,
true,active,74830,31737231,venta-ph-altamira-gardens-ao-102,https://www.encuentra24.com/panama-es/bienes-raices-venta-de-propiedades-casas/venta-ph-altamira-gardens-ao-102/31737231,sale,casas,Houses,VENTA PH Altamira Gardens AO-102,"Detalles
            
  Esta propiedad cuenta con sala-comedor, cocina, desayunador, lavandería y un balcón, 3 habitaciones, 2 baños. El edificio incluye área social completa y estacionamiento. NEGOCIABLE",185500,USD,,,,,Los Santos,La Villa de Los Santos,¡Pregunta al anunciante!,,,,3,2,2,128,,,,,,,,,,"[""https://photos.encuentra24.com/t_or_fh_l/f_auto/v1/pa/31/73/72/31/31737231_81a673"",""https://photos.encuentra24.com/t_or_fh_l/f_auto/v1/pa/31/73/72/31/31737231_56a4de"",""https://photos.encuentra24.com/t_or_fh_l/f_auto/v1/pa/31/73/72/31/31737231_285e51"",""https://photos.encuentra24.com/t_or_fh_l/f_auto/v1/pa/31/73/72/31/31737231_491fb1"",""https://photos.encuentra24.com/t_or_fh_l/f_auto/v1/pa/31/73/72/31/31737231_2a4208"",""https://photos.encuentra24.com/t_or_fh_l/f_auto/v1/pa/31/73/72/31/31737231_f6b55c"",""https://photos.encuentra24.com/t_or_fh_l/f_auto/v1/pa/31/73/72/31/31737231_39305f"",""https://photos.encuentra24.com/t_or_fh_l/f_auto/v1/pa/31/73/72/31/31737231_2c9129"",""https://photos.encuentra24.com/t_or_fh_l/f_auto/v1/pa/31/73/72/31/31737231_831ce2"",""https://photos.encuentra24.com/t_or_fh_l/f_auto/v1/pa/31/73/72/31/31737231_01b9a3""]",10,false,false,,BIENES EN VENTA,BIENES EN VENTA,agent,true,basic,,0,,2025-12-11,2026-04-02T00:15:11.947Z,2026-05-03T06:02:45.565Z,,2026-04-02T00:15:15.915Z,2026-04-25T23:18:22.778Z,true,1,"
{
  ""@context"":""http://schema.org"",
  ""@type"":""Product"",
  ""description"": ""Esta propiedad cuenta con sala-comedor, cocina, desayunador, lavandería y un balcón, 3 ..."",
  ""offers"":{
    ""@type"":""Offer"",
    ""availability"": ""http://schema.org/InStock"",
    ""availableAtOrFrom"": {
      ""@type"": ""Place"",
      ""address"": {
        ""@type"": ""PostalAddress"",
        ""addressCountry"": ""Panamá"",
        ""streetAddress"": """",
        ""addressLocality"": ""La Villa de Los Santos"",
        ""postalCode"": """"
      }
    },
    ""price"":185500.00,
    ""priceCurrency"":""USD"",
    ""url"": ""https://www.encuentra24.com/panama-es/bienes-raices-venta-de-propiedades-casas/venta-ph-altamira-gardens-ao-102/31737231"",
    ""seller"":{
      ""@type"":""Organization"",
      ""name"":""Propietario "",
      ""address"":{
        ""addressLocality"":"""",
        ""addressRegion"":""""
      }
    }
  },
  ""image"":{
    ""@type"":""ImageObject"",
    ""contentUrl"": ""https://photos.encuentra24.com/t_or_fh_l/f_auto/v1/pa/31/73/72/31/31737231_81a673""
  },
  ""name"":""VENTA PH Altamira Gardens AO-102""
}
","{""ProductId"":""31737231"",""Price"":185500,""Country"":""pa"",""Region"":""La Villa de Los Santos"",""ParentRegion"":""Los Santos"",""Bedrooms"":""3"",""Size"":""128"",""HousingType"":""Houses"",""SaleType"":""SALE""}","{""id"":""31737231"",""name"":""VENTA PH Altamira Gardens AO-102"",""price"":185500,""pictureUrl"":""https:\/\/photos.encuentra24.com\/t_or_fw_s\/f_auto\/v1\/pa\/31\/73\/72\/31\/31737231_81a673"",""url"":""https:\/\/www.encuentra24.com\/panama-es\/bienes-raices-venta-de-propiedades-casas\/venta-ph-altamira-gardens-ao-102\/31737231"",""isAvailable"":true,""categoryPaths"":[""Bienes Ra\u00edces\/Venta\/Casas\/Los Santos Provincia\/Los Santos\/La Villa de Los Santos""],""description"":""VENTA PH Altamira Gardens AO-102"",""vendor"":""BIENES EN VENTA"",""params"":{""region"":""La Villa de Los Santos"",""printablePrice"":185500,""Rec\u00e1maras"":""3"",""Ba\u00f1os"":""2"",""\u00c1rea construida (m\u00b2)"":""128"",""Parking"":""2""},""stockId"":""316""}"
true,active,22343,31512391,se-vende-apartamento-via-centenario,https://www.encuentra24.com/panama-es/bienes-raices-venta-de-propiedades-apartamentos/se-vende-apartamento-via-centenario/31512391,sale,apartamentos,Apartments,"Se vende apartamento, Vía Centenario","Detalles
            
  Bien reposeído en venta, PH Altamira Gardens",198000,USD,,,,,Panama City,Dorado Lake,¡Pregunta al anunciante!,,,,3,2,1,150,,,,,,,,,,"[""https://photos.encuentra24.com/t_or_fh_l/f_auto/v1/pa/31/51/23/91/31512391_d6b35b""]",1,false,false,177,Bac Credomatic,Bac Panamá,agent,true,basic,,1,,2025-11-29,2026-02-09T05:16:24.795Z,2026-05-03T04:53:06.861Z,,2026-02-10T05:17:46.640Z,2026-04-25T23:18:22.778Z,true,1,,,
true,active,16753,31608633,ancon-ph-altamira-gardens-125m-3-habitacion-2-parking-balcon,https://www.encuentra24.com/panama-es/bienes-raices-venta-de-propiedades-apartamentos/ancon-ph-altamira-gardens-125m-3-habitacion-2-parking-balcon/31608633,sale,apartamentos,Apartments,ANCON / PH ALTAMIRA GARDENS / 125M / 3 HABITACION / 2 PARKING / BALCON,"Detalles
            
  Se VENDE amplio y cómodo apartamento en Ancón, PH ALTAMIRA GARDENS, con vista a la montaña, zona tranquila, lejos del ruido

Cuenta con:

 125 m2
 3 Habitaciones
 2 Baños
 2 Estacionamientos 
 Sala - Comedor
 Cocina 
 Área de lavado 
 Balcón


Amenidades:


 Área social 
 Piscina
 Terraza
 Gimnasio
 Cancha de Tenis
 Seguridad 24 horas 
 estacionamientos de visitas
 Cerca de restaurantes, farmacias, supermercados, parques, entre otros.


PRECIO DE VENTA: 175,000.00

Para mas información llame o escriba con gusto le atenderemos.

Galceb Group, Bienes Raíces",175000,USD,,,,,Panama City,Ancón,"ANCON, ALTAMIRA GARDENS",,,,3,2,2,125,,,,1,3,Cerámica,,,,"[""https://photos.encuentra24.com/t_or_fh_l/f_auto/v1/pa/31/60/86/33/31608633_e870c0"",""https://photos.encuentra24.com/t_or_fh_l/f_auto/v1/pa/31/60/86/33/31608633_a64291"",""https://photos.encuentra24.com/t_or_fh_l/f_auto/v1/pa/31/60/86/33/31608633_8d6171"",""https://photos.encuentra24.com/t_or_fh_l/f_auto/v1/pa/31/60/86/33/31608633_e47c7b"",""https://photos.encuentra24.com/t_or_fh_l/f_auto/v1/pa/31/60/86/33/31608633_396aed"",""https://photos.encuentra24.com/t_or_fh_l/f_auto/v1/pa/31/60/86/33/31608633_8d165a"",""https://photos.encuentra24.com/t_or_fh_l/f_auto/v1/pa/31/60/86/33/31608633_2053a4"",""https://photos.encuentra24.com/t_or_fh_l/f_auto/v1/pa/31/60/86/33/31608633_444c8c"",""https://photos.encuentra24.com/t_or_fh_l/f_auto/v1/pa/31/60/86/33/31608633_571a27"",""https://photos.encuentra24.com/t_or_fh_l/f_auto/v1/pa/31/60/86/33/31608633_1eedb2"",""https://photos.encuentra24.com/t_or_fh_l/f_auto/v1/pa/31/60/86/33/31608633_ad9e57"",""https://photos.encuentra24.com/t_or_fh_l/f_auto/v1/pa/31/60/86/33/31608633_011f1a"",""https://photos.encuentra24.com/t_or_fh_l/f_auto/v1/pa/31/60/86/33/31608633_320008"",""https://photos.encuentra24.com/t_or_fh_l/f_auto/v1/pa/31/60/86/33/31608633_c39844""]",14,false,false,478,GALCEB GROUP bienes raíces.,GALCEB GROUP.,agent,true,basic,,2,,2025-11-13,2026-02-09T04:46:44.443Z,2026-05-03T04:53:47.858Z,,2026-02-10T04:59:42.334Z,2026-04-25T23:18:22.778Z,true,1,,,
true,active,21015,31551528,ph-altamira-gardens-ancon,https://www.encuentra24.com/panama-es/bienes-raices-venta-de-propiedades-apartamentos/ph-altamira-gardens-ancon/31551528,sale,apartamentos,Apartments,PH ALTAMIRA GARDENS - ANCON,"Detalles
            
  Se vende amplia y espaciosa propiedad en Altamira gardens. El apartamento cuenta con 2 recamaras, 2 baños, 2 estacionamientos, terraza.

El edificio cuenta con seguridad 24 horas, areas sociales, piscina , gimnasio, areas de estar y mucho mas!

Para mas información no dude en contactar",100000,USD,,,,,Panama City,Ancón,¡Pregunta al anunciante!,,,,2,2,2,75,,,,,,,,,,"[""https://photos.encuentra24.com/t_or_fh_l/f_auto/v1/pa/31/55/15/28/31551528_d02a21"",""https://photos.encuentra24.com/t_or_fh_l/f_auto/v1/pa/31/55/15/28/31551528_e134af"",""https://photos.encuentra24.com/t_or_fh_l/f_auto/v1/pa/31/55/15/28/31551528_8c3a57"",""https://photos.encuentra24.com/t_or_fh_l/f_auto/v1/pa/31/55/15/28/31551528_bb0c38"",""https://photos.encuentra24.com/t_or_fh_l/f_auto/v1/pa/31/55/15/28/31551528_200fdc"",""https://photos.encuentra24.com/t_or_fh_l/f_auto/v1/pa/31/55/15/28/31551528_fb1d2f"",""https://photos.encuentra24.com/t_or_fh_l/f_auto/v1/pa/31/55/15/28/31551528_46d82c"",""https://photos.encuentra24.com/t_or_fh_l/f_auto/v1/pa/31/55/15/28/31551528_6a1be2"",""https://photos.encuentra24.com/t_or_fh_l/f_auto/v1/pa/31/55/15/28/31551528_84c0c0"",""https://photos.encuentra24.com/t_or_fh_l/f_auto/v1/pa/31/55/15/28/31551528_ef5ce8"",""https://photos.encuentra24.com/t_or_fh_l/f_auto/v1/pa/31/55/15/28/31551528_ba7e36"",""https://photos.encuentra24.com/t_or_fh_l/f_auto/v1/pa/31/55/15/28/31551528_e98296"",""https://photos.encuentra24.com/t_or_fh_l/f_auto/v1/pa/31/55/15/28/31551528_95fe93"",""https://photos.encuentra24.com/t_or_fh_l/f_auto/v1/pa/31/55/15/28/31551528_fd1294"",""https://photos.encuentra24.com/t_or_fh_l/f_auto/v1/pa/31/55/15/28/31551528_aa422c"",""https://photos.encuentra24.com/t_or_fh_l/f_auto/v1/pa/31/55/15/28/31551528_7ebc78"",""https://photos.encuentra24.com/t_or_fh_l/f_auto/v1/pa/31/55/15/28/31551528_ca6042"",""https://photos.encuentra24.com/t_or_fh_l/f_auto/v1/pa/31/55/15/28/31551528_080a72""]",18,false,false,395,Elevate Real Estate,Elevate Real Estate,agent,false,basic,,8,,2025-10-31,2026-02-09T05:08:22.040Z,2026-05-03T04:31:29.470Z,,2026-02-10T05:12:27.367Z,2026-04-25T06:56:48.240Z,true,1,,,
true,active,37467,31367869,ancon-altamira-garden-130m-planta-baja-100m-jardin-3-habitacion-jc,https://www.encuentra24.com/panama-es/bienes-raices-venta-de-propiedades-apartamentos/ancon-altamira-garden-130m-planta-baja-100m-jardin-3-habitacion-jc/31367869,sale,apartamentos,Apartments,ANCON ALTAMIRA GARDEN / 130M PLANTA BAJA 100M JARDIN / 3 HABITACION JC,"Detalles
            
  Se vende amplio y cómodo apartamento en Ancón, PH Altamira Gardens, Ubicado en Planta Baja, con un amplio Jardín privado, ideal para compartir en Familia. 

Cuenta con:


 130m2 de Construcción 
 100m2 de Jardín 
 3 Habitaciones
 2 Baños
 2 Estacionamientos doble fondo
 Sala
 Comedor
 Cocina integral
 Área de lavado 
 Ventanales de piso a Techo
 1 Deposito ubicado frente al apto.


Amenidades:


 Área social con piscina
 Cerca de restaurantes, farmacias, supermercados, parques, entre otros.
 Terraza
 Gimnasio
 Seguridad 24 horas 
 Estacionamientos de visitas


Cuota de Mantenimiento 260.00 (Incluye Agua y Gas).

INVERSION $225,000.00

Para mas información llame o escriba con gusto le atenderemos.

Galceb Group, Bienes Raíces",225000,USD,,,,,Panama City,Ancón,¡Pregunta al anunciante!,,8.9828041,-79.5721998,3,2,2,130,,,,,,Cerámica,,,,"[""https://photos.encuentra24.com/t_or_fh_l/f_auto/v1/pa/31/36/78/69/31367869_41517d"",""https://photos.encuentra24.com/t_or_fh_l/f_auto/v1/pa/31/36/78/69/31367869_7afbd9"",""https://photos.encuentra24.com/t_or_fh_l/f_auto/v1/pa/31/36/78/69/31367869_a52944"",""https://photos.encuentra24.com/t_or_fh_l/f_auto/v1/pa/31/36/78/69/31367869_706b5a"",""https://photos.encuentra24.com/t_or_fh_l/f_auto/v1/pa/31/36/78/69/31367869_8b8ff7"",""https://photos.encuentra24.com/t_or_fh_l/f_auto/v1/pa/31/36/78/69/31367869_2a5359"",""https://photos.encuentra24.com/t_or_fh_l/f_auto/v1/pa/31/36/78/69/31367869_2389b5"",""https://photos.encuentra24.com/t_or_fh_l/f_auto/v1/pa/31/36/78/69/31367869_a50989"",""https://photos.encuentra24.com/t_or_fh_l/f_auto/v1/pa/31/36/78/69/31367869_ffec7d"",""https://photos.encuentra24.com/t_or_fh_l/f_auto/v1/pa/31/36/78/69/31367869_870d40"",""https://photos.encuentra24.com/t_or_fh_l/f_auto/v1/pa/31/36/78/69/31367869_ea99c7"",""https://photos.encuentra24.com/t_or_fh_l/f_auto/v1/pa/31/36/78/69/31367869_0393c0"",""https://photos.encuentra24.com/t_or_fh_l/f_auto/v1/pa/31/36/78/69/31367869_1c85c3"",""https://photos.encuentra24.com/t_or_fh_l/f_auto/v1/pa/31/36/78/69/31367869_9af8c6"",""https://photos.encuentra24.com/t_or_fh_l/f_auto/v1/pa/31/36/78/69/31367869_ee9931"",""https://photos.encuentra24.com/t_or_fh_l/f_auto/v1/pa/31/36/78/69/31367869_46ab55""]",16,false,false,,GALCEB GROUP bienes raíces.,GALCEB GROUP.,agent,true,basic,,7,,2025-09-24,2026-02-14T16:09:20.029Z,2026-05-03T04:56:06.433Z,,2026-02-14T16:09:26.903Z,2026-04-25T23:18:22.778Z,true,1,,,
true,active,22404,31189994,se-vende-apartamento-via-centenario,https://www.encuentra24.com/panama-es/bienes-raices-venta-de-propiedades-apartamentos/se-vende-apartamento-via-centenario/31189994,sale,apartamentos,Apartments,"Se vende Apartamento, Vía Centenario","Detalles
            
  Bien reposeído en venta en PH Altamira Gardens",261000,USD,,,,,Panama City,Ancón,¡Pregunta al anunciante!,,,,3,2,2,170,,,,,,,,,,"[""https://photos.encuentra24.com/t_or_fh_l/f_auto/v1/pa/31/18/99/94/31189994_09100c""]",1,false,false,177,Bac Credomatic,Bac Panamá,agent,true,basic,,0,,2025-08-18,2026-02-09T05:16:45.469Z,2026-05-03T04:58:07.858Z,,2026-02-10T05:18:11.425Z,2026-04-25T23:18:22.778Z,true,1,,,
true,active,21748,31151722,ancon-ph-altamira-gardens-75m2-2-habitaciones-2-parking,https://www.encuentra24.com/panama-es/bienes-raices-venta-de-propiedades-apartamentos/ancon-ph-altamira-gardens-75m2-2-habitaciones-2-parking/31151722,sale,apartamentos,Apartments,ANCON / PH ALTAMIRA GARDENS / 75m2 / 2 HABITACIONES / 2 PARKING,"Detalles
            
  Se vende amplio y cómodo apartamento en Ancón, PH Altamira Gardens

Cuenta con:

 75m2
 2 Habitaciones
 2 Baños
 2 Estacionamientos 
 Sala - Comedor
 Cocina 
 Área de lavado 
 Balcón
 Vacío


Amenidades:


 Área social con piscina
 Cerca de restaurantes, farmacias, supermercados, parques, entre otros.
 Terraza
 Gimnasio
 Seguridad 24 horas 
 estacionamientos de visitas


Cuota de Mantenimiento 150.00 (Incluye Agua y Gas).

Inversion: 131,250.00

Para mas información llame o escriba con gusto le atenderemos.

Galceb Group, Bienes Raíces",131250,USD,,,,,Panama City,Ancón,"ANCON, PH ALTAMIRA GARDENS",,,,2,2,2,75,,,,1,3,Cerámica,,150,,"[""https://photos.encuentra24.com/t_or_fh_l/f_auto/v1/pa/31/15/17/22/31151722_f6d91e"",""https://photos.encuentra24.com/t_or_fh_l/f_auto/v1/pa/31/15/17/22/31151722_7e8523"",""https://photos.encuentra24.com/t_or_fh_l/f_auto/v1/pa/31/15/17/22/31151722_3cafec"",""https://photos.encuentra24.com/t_or_fh_l/f_auto/v1/pa/31/15/17/22/31151722_5ffcca"",""https://photos.encuentra24.com/t_or_fh_l/f_auto/v1/pa/31/15/17/22/31151722_2638f0"",""https://photos.encuentra24.com/t_or_fh_l/f_auto/v1/pa/31/15/17/22/31151722_a336bc""]",6,false,false,478,GALCEB GROUP bienes raíces.,GALCEB GROUP.,,true,basic,,0,,2025-08-11,2026-02-09T05:12:26.542Z,2026-05-03T04:58:27.698Z,,2026-02-10T05:15:18.151Z,2026-04-25T23:18:22.778Z,true,1,,,
true,active,21711,30685913,banco-vende-apartamento-en-altamira-gardens-g,https://www.encuentra24.com/panama-es/bienes-raices-venta-de-propiedades-apartamentos/banco-vende-apartamento-en-altamira-gardens-g/30685913,sale,apartamentos,Apartments,Banco vende apartamento en Altamira Gardens -G,"Detalles
            
  Ubicación: P.H. Altamira Gardens, Edificio F, Apto. FN-503, corregimiento de Ancón, distrito de Panamá.
 Área de construcción: 112 m²
 3 recámaras |  2 baños |  1 estacionamiento doble fondo + 1 depósito

 Distribución:

-Sala

-Comedor

-Balcón

-Cocina

-Estacionamiento y depósito

-Parque infantil

-Área social

 Precio: $149,850
 Mensualidad aproximada: $854.97
 Ingreso familiar mínimo: $2,850",149850,USD,,,,,Panama City,Ancón,¡Pregunta al anunciante!,,,,3,2,1,112,,,,,,,,,,"[""https://photos.encuentra24.com/t_or_fh_l/f_auto/v1/pa/30/68/59/13/30685913_2382af"",""https://photos.encuentra24.com/t_or_fh_l/f_auto/v1/pa/30/68/59/13/30685913_f231e0"",""https://photos.encuentra24.com/t_or_fh_l/f_auto/v1/pa/30/68/59/13/30685913_6fb368"",""https://photos.encuentra24.com/t_or_fh_l/f_auto/v1/pa/30/68/59/13/30685913_0581bd"",""https://photos.encuentra24.com/t_or_fh_l/f_auto/v1/pa/30/68/59/13/30685913_c2b2ce"",""https://photos.encuentra24.com/t_or_fh_l/f_auto/v1/pa/30/68/59/13/30685913_4ee036"",""https://photos.encuentra24.com/t_or_fh_l/f_auto/v1/pa/30/68/59/13/30685913_918682""]",7,false,false,546,Grupo Gestiones Real Estate S.A,GRUPO GESTIONES REAL ESTATE,agent,true,basic,,1,,2025-05-16,2026-02-09T05:12:08.854Z,2026-05-03T05:01:44.384Z,,2026-02-10T05:14:53.173Z,2026-04-25T21:39:12.382Z,true,1,,,
true,active,17364,30334063,ancon-ph-altamira-gardens-linea-blanca-75m2-2-habitaciones,https://www.encuentra24.com/panama-es/bienes-raices-venta-de-propiedades-apartamentos/ancon-ph-altamira-gardens-linea-blanca-75m2-2-habitaciones/30334063,sale,apartamentos,Apartments,ANCON / PH ALTAMIRA GARDENS / LINEA BLANCA / 75m2 / 2 HABITACIONES,"Detalles
            
  Se vende amplio y cómodo apartamento en Ancón, PH Altamira Gardens

Cuenta con:


 75m2
 piso bajo
 2 Habitaciones
 2 Baños
 2 Estacionamientos (doble fondo)
 Sala - Comedor
 Cocina equipada
 Área de lavado 
 Balcón
 Vacío


Amenidades:


 Área social con piscina
 Cerca de restaurantes, farmacias, supermercados, parques, entre otros.
 Terraza
 Gimnasio
 Seguridad 24 horas 
 estacionamientos de visitas


Para mas información llame o escriba con gusto le atenderemos.

Galceb Group, Bienes Raíces",135000,USD,,,,,Panama City,Ancón,¡Pregunta al anunciante!,,9.052817,-79.616521,2,2,1,75,,,,,4,,,150,,"[""https://photos.encuentra24.com/t_or_fh_l/f_auto/v1/pa/30/33/40/63/30334063_b255b0"",""https://photos.encuentra24.com/t_or_fh_l/f_auto/v1/pa/30/33/40/63/30334063_65b3d9"",""https://photos.encuentra24.com/t_or_fh_l/f_auto/v1/pa/30/33/40/63/30334063_963fe8"",""https://photos.encuentra24.com/t_or_fh_l/f_auto/v1/pa/30/33/40/63/30334063_d659c1"",""https://photos.encuentra24.com/t_or_fh_l/f_auto/v1/pa/30/33/40/63/30334063_da4237"",""https://photos.encuentra24.com/t_or_fh_l/f_auto/v1/pa/30/33/40/63/30334063_39a42a"",""https://photos.encuentra24.com/t_or_fh_l/f_auto/v1/pa/30/33/40/63/30334063_592594"",""https://photos.encuentra24.com/t_or_fh_l/f_auto/v1/pa/30/33/40/63/30334063_3c5c20"",""https://photos.encuentra24.com/t_or_fh_l/f_auto/v1/pa/30/33/40/63/30334063_62750c"",""https://photos.encuentra24.com/t_or_fh_l/f_auto/v1/pa/30/33/40/63/30334063_149404"",""https://photos.encuentra24.com/t_or_fh_l/f_auto/v1/pa/30/33/40/63/30334063_31a1f6"",""https://photos.encuentra24.com/t_or_fh_l/f_auto/v1/pa/30/33/40/63/30334063_bc1dec"",""https://photos.encuentra24.com/t_or_fh_l/f_auto/v1/pa/30/33/40/63/30334063_6696ac"",""https://photos.encuentra24.com/t_or_fh_l/f_auto/v1/pa/30/33/40/63/30334063_462502""]",14,false,false,478,GALCEB GROUP bienes raíces.,GALCEB GROUP.,,true,basic,,1,,2025-03-15,2026-02-09T04:48:54.577Z,2026-05-03T05:03:18.089Z,,2026-02-10T05:01:00.036Z,2026-04-25T21:39:12.382Z,true,1,,,
true,active,38534,30300823,venta-de-apartamento-en-altamira-gardens,https://www.encuentra24.com/panama-es/bienes-raices-venta-de-propiedades-apartamentos/venta-de-apartamento-en-altamira-gardens/30300823,sale,apartamentos,Apartments,Venta de Apartamento en Altamira Gardens,"Detalles
            
  Precio: $173,000
Área: 125 m²

Este espacioso apartamento ofrece todo lo que necesitas para disfrutar de un estilo de vida cómodo y moderno.

Características del apartamento:

3 habitaciones
2 baños
Sala y comedor amplios
Cocina abierta con desayunador
Terraza techada con patio privado
2 estacionamientos
1 depósito
¡Increíbles amenidades en el PH!

Piscina para adultos y niños
Parque infantil
Gimnasio
Cancha de tenis
Cancha de baloncesto
Salón de eventos
Estacionamiento de visitas
Tanque de reserva de agua
Seguridad 24 horas con garita en la entrada
Ubicación privilegiada:

A pocos minutos del centro comercial Altaplaza
Cercanía con el Estadio Rod Carew y el Corredor Norte
Vista espectacular hacia las montañas con agradables brisas

Este es el lugar ideal para ti y tu familia. ¡No dejes pasar esta oportunidad de vivir en un ambiente seguro, con todas las comodidades que mereces!

¡Contáctanos y agenda tu cita para conocerlo!",173000,USD,,,,,Panama City,Bosques de Cibeles,¡Pregunta al anunciante!,,,,3,2,2,125,,,,,,Cerámica,,,,"[""https://photos.encuentra24.com/t_or_fh_l/f_auto/v1/pa/30/30/08/23/30300823_4ac9c8"",""https://photos.encuentra24.com/t_or_fh_l/f_auto/v1/pa/30/30/08/23/30300823_3abfc7"",""https://photos.encuentra24.com/t_or_fh_l/f_auto/v1/pa/30/30/08/23/30300823_67e298"",""https://photos.encuentra24.com/t_or_fh_l/f_auto/v1/pa/30/30/08/23/30300823_a436ed"",""https://photos.encuentra24.com/t_or_fh_l/f_auto/v1/pa/30/30/08/23/30300823_1796e1"",""https://photos.encuentra24.com/t_or_fh_l/f_auto/v1/pa/30/30/08/23/30300823_ea708d"",""https://photos.encuentra24.com/t_or_fh_l/f_auto/v1/pa/30/30/08/23/30300823_7e0e62"",""https://photos.encuentra24.com/t_or_fh_l/f_auto/v1/pa/30/30/08/23/30300823_0d0e1b"",""https://photos.encuentra24.com/t_or_fh_l/f_auto/v1/pa/30/30/08/23/30300823_5012e8"",""https://photos.encuentra24.com/t_or_fh_l/f_auto/v1/pa/30/30/08/23/30300823_6098e3"",""https://photos.encuentra24.com/t_or_fh_l/f_auto/v1/pa/30/30/08/23/30300823_a1fc42"",""https://photos.encuentra24.com/t_or_fh_l/f_auto/v1/pa/30/30/08/23/30300823_e4a357"",""https://photos.encuentra24.com/t_or_fh_l/f_auto/v1/pa/30/30/08/23/30300823_834582"",""https://photos.encuentra24.com/t_or_fh_l/f_auto/v1/pa/30/30/08/23/30300823_7805c7"",""https://photos.encuentra24.com/t_or_fh_l/f_auto/v1/pa/30/30/08/23/30300823_c00925"",""https://photos.encuentra24.com/t_or_fh_l/f_auto/v1/pa/30/30/08/23/30300823_2a5adc""]",16,false,false,,Activentas Bienes Raices,ACTIVENTAS BIENES RAICES,,true,basic,,0,,2025-03-10,2026-02-14T16:19:04.349Z,2026-05-03T05:03:29.959Z,,2026-02-14T16:19:09.925Z,2026-04-25T21:39:12.382Z,true,1,,,
true,active,38647,29959588,altamira-gardens-centenario-se-vende-apartamento,https://www.encuentra24.com/panama-es/bienes-raices-venta-de-propiedades-apartamentos/altamira-gardens-centenario-se-vende-apartamento/29959588,sale,apartamentos,Apartments,Altamira Gardens - Centenario - Se Vende Apartamento,"Detalles
            
  (ID A-156459) Este apartamento de 150 m² en Altamira Gardens, Centenario, es una excelente opción para quienes buscan espacio y funcionalidad en un entorno tranquilo dentro de la ciudad. Cuenta con 4 habitaciones amplias, destacando la recámara principal con su práctico walk-in closet, y 4 baños completos que brindan comodidad para toda la familia. La cocina abierta, con un cómodo desayunador, se conecta fácilmente con las áreas sociales, mientras que el balcón ofrece un espacio adicional para disfrutar del aire fresco y la vista. Además, dispone de un tanque de reserva de agua, asegurando un suministro constante. El residencial complementa este hogar con áreas sociales completas, como piscina, gimnasio, cancha deportiva y senderos rodeados de naturaleza, todo en un entorno seguro con vigilancia 24/7. ¡Una oportunidad para vivir en un lugar práctico y rodeado de tranquilidad!",175000,USD,194444,,,,Panama City,Ancón,¡Pregunta al anunciante!,,,,4,4,1,150,,,2015,,,,,,,"[""https://photos.encuentra24.com/t_or_fh_l/f_auto/v1/pa/29/95/95/88/29959588_41722b"",""https://photos.encuentra24.com/t_or_fh_l/f_auto/v1/pa/29/95/95/88/29959588_b970d8"",""https://photos.encuentra24.com/t_or_fh_l/f_auto/v1/pa/29/95/95/88/29959588_3fffdd"",""https://photos.encuentra24.com/t_or_fh_l/f_auto/v1/pa/29/95/95/88/29959588_4c21bb"",""https://photos.encuentra24.com/t_or_fh_l/f_auto/v1/pa/29/95/95/88/29959588_dac31a"",""https://photos.encuentra24.com/t_or_fh_l/f_auto/v1/pa/29/95/95/88/29959588_e94d9e"",""https://photos.encuentra24.com/t_or_fh_l/f_auto/v1/pa/29/95/95/88/29959588_416429"",""https://photos.encuentra24.com/t_or_fh_l/f_auto/v1/pa/29/95/95/88/29959588_50e4ef"",""https://photos.encuentra24.com/t_or_fh_l/f_auto/v1/pa/29/95/95/88/29959588_96d324"",""https://photos.encuentra24.com/t_or_fh_l/f_auto/v1/pa/29/95/95/88/29959588_197049""]",10,false,false,,A GROUP Real Estate,Avi Amar,agent,true,basic,,7,,2025-01-17,2026-02-14T16:19:56.769Z,2026-05-03T05:04:15.243Z,,2026-02-14T16:20:01.724Z,2026-04-25T21:39:12.382Z,true,1,,,
true,active,22179,29776010,en-venta-apartamento-en-ancon-ph-altamira-gardens,https://www.encuentra24.com/panama-es/bienes-raices-venta-de-propiedades-apartamentos/en-venta-apartamento-en-ancon-ph-altamira-gardens/29776010,sale,apartamentos,Apartments,EN VENTA APARTAMENTO EN ANCON - PH ALTAMIRA GARDENS,"Detalles
            
  Este espacioso apartamento en PH Altamira Gardens, ubicado en el área exclusiva de Ancón, ofrece un ambiente familiar, rodeado de naturaleza y con acceso a todas las comodidades modernas.

Características del Apartamento
-Tamaño: 150 m².
-Recámaras: 4 cómodas y bien distribuidas.
-Baños: 4 completos, ideales para familias grandes.
-Estacionamientos: 2 espacios asignados.

Amenidades del PH Altamira Gardens

-Salón de fiesta para reuniones y celebraciones.
-Piscina para adultos y niños.
-Gimnasio completamente equipado.
-Parque infantil, ideal para los más pequeños.
-Elevadores modernos y funcionales.
-Seguridad las 24 horas para tu tranquilidad.

Ubicación Privilegiada
Ancón es una zona tranquila y exclusiva, rodeada de áreas verdes y con fácil acceso a las principales vías de la ciudad, centros comerciales, colegios y hospitales.

Precio de Venta: $242,000",242000,USD,,,,,Panama City,Ancón,¡Pregunta al anunciante!,,,,4,4,2,150,,,,,,,,,,"[""https://photos.encuentra24.com/t_or_fh_l/f_auto/v1/pa/29/77/60/10/29776010_f8f152"",""https://photos.encuentra24.com/t_or_fh_l/f_auto/v1/pa/29/77/60/10/29776010_1846dd"",""https://photos.encuentra24.com/t_or_fh_l/f_auto/v1/pa/29/77/60/10/29776010_4010e7"",""https://photos.encuentra24.com/t_or_fh_l/f_auto/v1/pa/29/77/60/10/29776010_4b3368"",""https://photos.encuentra24.com/t_or_fh_l/f_auto/v1/pa/29/77/60/10/29776010_eeca77""]",5,false,false,466,Four Walls Realty Corp,Four Walls Realty Corp Four Walls Realty Corp,agent,true,basic,,0,,2024-12-17,2026-02-09T05:15:17.114Z,2026-05-03T05:04:34.988Z,,2026-02-10T05:16:56.155Z,2026-04-25T21:39:12.382Z,true,1,,,
true,active,39188,22739027,vendo-apartamento-altamira-gardens-centenario-panama-norte-ciudad-de-la-salud,https://www.encuentra24.com/panama-es/bienes-raices-venta-de-propiedades-apartamentos/vendo-apartamento-altamira-gardens-centenario-panama-norte-ciudad-de-la-salud/22739027,sale,apartamentos,Apartments,VENDO APARTAMENTO. ALTAMIRA GARDENS. CENTENARIO. PANAMA NORTE. CIUDAD DE LA SALUD.,"Detalles
            
  Hermoso apartamento en PB , con jardín , sembrado con arboles frutales . Apartamento de 125 m2, con 3 recámaras cómodas y 3 baños; hermosa vista de montaña y excelente clima . El apartamento tiene incluido un deposito y 2 puestos de estacionamiento . 

Al lado del estadio de béisbol Rod Carew, sobre la Avenida Centenario, se encuentra el PH Altamira Gardens, que no solo por su ubicación, sino particularmente por el diseño del conjunto, lo convierten en la mejor opción para aquellas personas que están buscando vivir en la Zona de Panamá Norte, pero fuera de las áreas congestionadas.
 
Es de destacar, que es el Conjunto Residencial más cercano a la Ciudad de la Salud, el Mercado de Mayoristas y muy conveniente para los que trabajan en Colón, por su acceso directo a la autopista.
Además de su ubicación, Altamira Gardens tiene la ventaja de ofrecer unas amplias y equipadas áreas sociales, que incluyen Casa Club con gimnasio, vestidor, sala de juegos, sala de billar y piscina para niños, así como otras áreas comunes como piscina para adultos, cancha de tenis, cancha múltiple, parque infantil y estacionamientos para visitantes; todo ello con un paisajismo de calidad, amplias caminerías y dentro de un área completamente cerrada, con control de acceso, cámaras de seguridad y vigilancia las 24 horas, todas las semanas y meses del año.

También se puede destacar su cercanía a todos los servicios: supermercados, clínicas, bancos, restaurantes, colegios y tiendas en general, así como grandes y variadas plazas comerciales entre las que se pueden destacar el Centenial y Alta Plaza Mall.

Podríamos decir, en resumen, que ofrece dos ventajas muy difíciles de conseguir: un ambiente y clima agradable por estar rodeado del Parque Metropolitano y de la Zona de Protección del Canal, pero con todos los servicios que ofrece la ciudad.",225000,USD,,,,,Panama City,Ancón,¡Pregunta al anunciante!,,,,3,2.5,2,125,,,,,,,,,,"[""https://photos.encuentra24.com/t_or_fh_l/f_auto/v1/pa/22/73/90/27/22739027_e1db22"",""https://photos.encuentra24.com/t_or_fh_l/f_auto/v1/pa/22/73/90/27/22739027_346b83"",""https://photos.encuentra24.com/t_or_fh_l/f_auto/v1/pa/22/73/90/27/22739027_d6945f"",""https://photos.encuentra24.com/t_or_fh_l/f_auto/v1/pa/22/73/90/27/22739027_7a5847"",""https://photos.encuentra24.com/t_or_fh_l/f_auto/v1/pa/22/73/90/27/22739027_94a0b6"",""https://photos.encuentra24.com/t_or_fh_l/f_auto/v1/pa/22/73/90/27/22739027_5c81d9"",""https://photos.encuentra24.com/t_or_fh_l/f_auto/v1/pa/22/73/90/27/22739027_3d696a"",""https://photos.encuentra24.com/t_or_fh_l/f_auto/v1/pa/22/73/90/27/22739027_1dfbc4"",""https://photos.encuentra24.com/t_or_fh_l/f_auto/v1/pa/22/73/90/27/22739027_9744fc"",""https://photos.encuentra24.com/t_or_fh_l/f_auto/v1/pa/22/73/90/27/22739027_9280f1"",""https://photos.encuentra24.com/t_or_fh_l/f_auto/v1/pa/22/73/90/27/22739027_b7689d"",""https://photos.encuentra24.com/t_or_fh_l/f_auto/v1/pa/22/73/90/27/22739027_76bff2"",""https://photos.encuentra24.com/t_or_fh_l/f_auto/v1/pa/22/73/90/27/22739027_587a69"",""https://photos.encuentra24.com/t_or_fh_l/f_auto/v1/pa/22/73/90/27/22739027_b8e395"",""https://photos.encuentra24.com/t_or_fh_l/f_auto/v1/pa/22/73/90/27/22739027_d8db20""]",15,false,false,,Maria Luisa Sanchez,Maria Luisa Sanchez,agent,true,basic,,2,,2022-08-22,2026-02-14T16:24:41.053Z,2026-05-03T05:08:43.030Z,,2026-02-14T16:24:46.634Z,2026-04-25T21:39:12.382Z,true,1,,,
false,inactive,19678,31879808,venta-de-apartamento-de-esquina-con-patio-privado-en-altamira-gardens,https://www.encuentra24.com/panama-es/bienes-raices-venta-de-propiedades-apartamentos/venta-de-apartamento-de-esquina-con-patio-privado-en-altamira-gardens/31879808,sale,apartamentos,Apartments,Venta de Apartamento de esquina con patio privado en Altamira Gardens,"Detalles
            
  ***Negociable***

Vive rodeado de naturaleza a 5 minutos de la ciudad de la saludo. Este apartamento de 2 habitaciones cuenta con una excelente ventilación cruzada, lo que asegura un ambiente fresco y agradable durante todo el día. Además, dispone de 2 puestos de estacionamiento para su mayor comodidad y un depósito adicional para almacenamiento extra.

La ubicación es igualmente privilegiada. Muy cerca se encuentra Altaplaza Mall, uno de los centros comerciales más grandes de Panamá, que cuenta con una amplia variedad de servicios y entretenimiento. Allí podrá encontrar supermercados bien surtidos, una diversa selección de restaurantes para todos los gustos, modernas salas de cine, múltiples almacenes con una amplia gama de productos, bancos para todas sus necesidades financieras y muchos otros puntos de interés que facilitarán su vida diaria.

Además, la propiedad tiene un acceso conveniente a importantes vías de comunicación como el corredor norte y la autopista Panamá–Colón, lo que le permitirá desplazarse fácilmente a diferentes partes de la ciudad y sus alrededores. También se encuentra cerca de la Ciudad Hospitalaria, uno de los centros médicos más importantes del país, y Merca Panamá, el mercado más grande de productos frescos, asegurando que todas sus necesidades de salud y alimentación estén cubiertas.

Descripción del Apartamento:
• 114.80 m2 (80 m2 de área cerrada y 34.80 m2 de patio)
• Patio privado con vista a la naturaleza
• Vista Panorámica a la montaña
• 2 habitaciones (Hab. ppal. con baño y closet)
• 2 Baños completos
• Sala-Comedor con acceso a Terraza y Patio privado
• Cómoda Lavandería
• Terraza techada cerrada
• Cocina abierta con desayunador
• 2 Estacionamientos frente al apartamento
• 1 depósito amplio frente al apartamento
• Mantenimiento: 160.00 $/mes (Incluye gas, seguridad, áreas sociales, agua y aseo).

Descripción del Edificio:
6 pisos
1 Elevador
Todos los estacionamientos en planta baja
Seguridad 24 horas
Tanque de reserva de agua
Áreas verdes
Moderna Área social con:
o Piscina de Adultos y Niños
o Área de BBQ
o Parque Infantil
o Gimnasio
o Sala de Fiestas
o Cancha de tenis
o Cancha de baloncesto
o Área verdes y zonas para hacer caminatas o correr",113000,USD,,,,,San Miguelito,Altos de Panamá,"P.H. Altamira Gardens, Corregimiento de Ancón, Vía Centenario.",,9.042152352492272,-79.54788208007812,2,2,2,114.8,,,2015,1,,Porcelanato,3,160,,"[""https://photos.encuentra24.com/t_or_fh_l/f_auto/v1/pa/31/87/98/08/31879808_8a98fd"",""https://photos.encuentra24.com/t_or_fh_l/f_auto/v1/pa/31/87/98/08/31879808_3cdff3"",""https://photos.encuentra24.com/t_or_fh_l/f_auto/v1/pa/31/87/98/08/31879808_65362d"",""https://photos.encuentra24.com/t_or_fh_l/f_auto/v1/pa/31/87/98/08/31879808_7b3fd4"",""https://photos.encuentra24.com/t_or_fh_l/f_auto/v1/pa/31/87/98/08/31879808_e799d8"",""https://photos.encuentra24.com/t_or_fh_l/f_auto/v1/pa/31/87/98/08/31879808_b75195"",""https://photos.encuentra24.com/t_or_fh_l/f_auto/v1/pa/31/87/98/08/31879808_e62f22"",""https://photos.encuentra24.com/t_or_fh_l/f_auto/v1/pa/31/87/98/08/31879808_3deb03"",""https://photos.encuentra24.com/t_or_fh_l/f_auto/v1/pa/31/87/98/08/31879808_d9a7af"",""https://photos.encuentra24.com/t_or_fh_l/f_auto/v1/pa/31/87/98/08/31879808_95ebcc"",""https://photos.encuentra24.com/t_or_fh_l/f_auto/v1/pa/31/87/98/08/31879808_f5aaf9"",""https://photos.encuentra24.com/t_or_fh_l/f_auto/v1/pa/31/87/98/08/31879808_8fe232"",""https://photos.encuentra24.com/t_or_fh_l/f_auto/v1/pa/31/87/98/08/31879808_c1ad7c"",""https://photos.encuentra24.com/t_or_fh_l/f_auto/v1/pa/31/87/98/08/31879808_80f074"",""https://photos.encuentra24.com/t_or_fh_l/f_auto/v1/pa/31/87/98/08/31879808_8c1522"",""https://photos.encuentra24.com/t_or_fh_l/f_auto/v1/pa/31/87/98/08/31879808_073150"",""https://photos.encuentra24.com/t_or_fh_l/f_auto/v1/pa/31/87/98/08/31879808_9027cf"",""https://photos.encuentra24.com/t_or_fh_l/f_auto/v1/pa/31/87/98/08/31879808_4e7b43"",""https://photos.encuentra24.com/t_or_fh_l/f_auto/v1/pa/31/87/98/08/31879808_ee1e08""]",19,false,false,798,Laurent Antonio Lezcano,Laurent Antonio Lezcano,,false,basic,,3,,2026-01-18,2026-02-09T05:00:41.620Z,2026-02-10T05:07:57.061Z,2026-02-10T05:07:57.061Z,2026-03-20T05:46:20.462Z,2026-03-20T05:46:20.462Z,true,1,,,
false,inactive,16857,31769579,se-vende-apartamento-en-altamira-gardens-mc,https://www.encuentra24.com/panama-es/bienes-raices-venta-de-propiedades-apartamentos/se-vende-apartamento-en-altamira-gardens-mc/31769579,sale,apartamentos,Apartments,SE VENDE APARTAMENTO EN ALTAMIRA GARDENS (MC),"Detalles
            
  SE VENDE APARTAMENTO AMOBLADO – ALTAMIRA GARDENS

Viva rodeado de naturaleza y tranquilidad en el exclusivo residencial privado Altamira Gardens, ubicado sobre una loma alta con espectaculares vistas panorámicas a las montañas y un entorno privilegiado, a pocos minutos de la ciudad.

Área: 125 m²
Estado: Totalmente amoblado

Incluido: Un (1) depósito

 

Distribución del apartamento:


 
 Amplia sala – comedor
 
 
 Cocina integrada de diseño funcional
 
 
 Vestíbulo de entrada
 
 
 Espacioso balcón con vista verde
 
 
 Recámara principal con baño privado y walk-in closet
 
 
 Segunda recámara con balcón privado y clóset lineal
 
 
 Tercera habitación con clóset lineal
 
 
 Dos baños completos
 
 
 Dos estacionamientos
 


Amenidades del residencial:


 
 Garita de seguridad 24/7
 
 
 Dos piscinas
 
 
 Gimnasio totalmente equipado
 
 
 Parque infantil
 
 
 Sala para reuniones
 
 
 Cancha de tenis
 


Una excelente oportunidad para adquirir un hogar que combina comodidad, seguridad y contacto con la naturaleza, en un ambiente exclusivo y tranquilo, ideal tanto para vivir como para inversión.

_________________________________________________

FURNISHED APARTMENT FOR SALE – ALTAMIRA GARDENS

Live surrounded by nature and tranquility in the exclusive private residential community Altamira Gardens, located on a high hill with spectacular panoramic mountain views and a privileged setting, just minutes from the city.

Size: 125 m²
Condition: Fully furnished
Includes: Storage unit

Apartment Layout:


 
 Spacious living and dining area
 
 
 Open-concept kitchen with functional design
 
 
 Entrance foyer
 
 
 Large balcony with green views
 
 
 Master bedroom with private bathroom and walk-in closet
 
 
 Second bedroom with private balcony and linear closet
 
 
 Third bedroom with linear closet
 
 
 Two full bathrooms
 
 
 Two parking spaces
 


Residential Amenities:


 
 24/7 security gate
 
 
 Two swimming pools
 
 
 Fully equipped gym
 
 
 Children’s playground
 
 
 Meeting / social room
 
 
 Tennis court
 


An excellent opportunity to acquire a home that combines comfort, security, and connection with nature in an exclusive and peaceful environment, ideal for both living and investment.",175000,USD,,,,,Panama City,Ancón,¡Pregunta al anunciante!,,9.044087251076,-79.546881000398,3,2,2,125,,,2017,,1,,,250,,"[""https://photos.encuentra24.com/t_or_fh_l/f_auto/v1/pa/31/76/95/79/31769579_20ed0c"",""https://photos.encuentra24.com/t_or_fh_l/f_auto/v1/pa/31/76/95/79/31769579_5b1592"",""https://photos.encuentra24.com/t_or_fh_l/f_auto/v1/pa/31/76/95/79/31769579_d5043c"",""https://photos.encuentra24.com/t_or_fh_l/f_auto/v1/pa/31/76/95/79/31769579_40c400"",""https://photos.encuentra24.com/t_or_fh_l/f_auto/v1/pa/31/76/95/79/31769579_07d1c5"",""https://photos.encuentra24.com/t_or_fh_l/f_auto/v1/pa/31/76/95/79/31769579_7dcc7b"",""https://photos.encuentra24.com/t_or_fh_l/f_auto/v1/pa/31/76/95/79/31769579_a7e04a"",""https://photos.encuentra24.com/t_or_fh_l/f_auto/v1/pa/31/76/95/79/31769579_4462fa"",""https://photos.encuentra24.com/t_or_fh_l/f_auto/v1/pa/31/76/95/79/31769579_aaeba9"",""https://photos.encuentra24.com/t_or_fh_l/f_auto/v1/pa/31/76/95/79/31769579_bcd3c1"",""https://photos.encuentra24.com/t_or_fh_l/f_auto/v1/pa/31/76/95/79/31769579_2595ee"",""https://photos.encuentra24.com/t_or_fh_l/f_auto/v1/pa/31/76/95/79/31769579_b4b80e"",""https://photos.encuentra24.com/t_or_fh_l/f_auto/v1/pa/31/76/95/79/31769579_ef3c58"",""https://photos.encuentra24.com/t_or_fh_l/f_auto/v1/pa/31/76/95/79/31769579_162d50"",""https://photos.encuentra24.com/t_or_fh_l/f_auto/v1/pa/31/76/95/79/31769579_231789"",""https://photos.encuentra24.com/t_or_fh_l/f_auto/v1/pa/31/76/95/79/31769579_6fb2e0"",""https://photos.encuentra24.com/t_or_fh_l/f_auto/v1/pa/31/76/95/79/31769579_945213"",""https://photos.encuentra24.com/t_or_fh_l/f_auto/v1/pa/31/76/95/79/31769579_833b36"",""https://photos.encuentra24.com/t_or_fh_l/f_auto/v1/pa/31/76/95/79/31769579_4286b0"",""https://photos.encuentra24.com/t_or_fh_l/f_auto/v1/pa/31/76/95/79/31769579_eda65b""]",20,false,false,1050,PREIC CORP by Grupo PREIC,Meibilin G Castellanos,,false,basic,,1,,2025-12-19,2026-02-09T04:47:08.854Z,2026-02-20T06:21:17.869Z,2026-02-20T06:21:17.869Z,2026-03-20T05:24:57.090Z,2026-03-20T05:24:57.090Z,true,1,,,
false,inactive,25009,31954953,se-renta-apartamento-amoblado-altamira-gardens-mc,https://www.encuentra24.com/panama-es/bienes-raices-alquiler-apartamentos-amueblados/se-renta-apartamento-amoblado-altamira-gardens-mc/31954953,rental,apartamentos-amueblados,Furnished Apartments & Houses,"SE RENTA APARTAMENTO AMOBLADO, ALTAMIRA GARDENS (MC)","Detalles
            
  SE ALQUILA APARTAMENTO AMOBLADO – ALTAMIRA GARDENS

Viva rodeado de naturaleza y tranquilidad en el exclusivo residencial privado Altamira Gardens, ubicado sobre una loma alta con espectaculares vistas panorámicas a las montañas y un entorno privilegiado, a pocos minutos de la ciudad.

Área: 75 m²
Estado: Totalmente amoblado

Incluido: Un (1) depósito

 

Distribución del apartamento:

Amplia sala – comedor

Cocina integrada de diseño funcional

Vestíbulo de entrada

Espacioso balcón con vista verde

Recámara principal con baño privado y walk-in closet

Segunda recámara con balcón privado y clóset lineal



Dos baños completos

Dos estacionamientos


Amenidades del residencial:

Garita de seguridad 24/7

Dos piscinas

Gimnasio totalmente equipado

Parque infantil

Sala para reuniones

Cancha de tenis

Una excelente oportunidad para adquirir un hogar que combina comodidad, seguridad y contacto con la naturaleza, en un ambiente exclusivo y tranquilo, ideal tanto para vivir como para inversión.",850,USD,,,,,Panama City,Albrook,ALTAMIRA GARDENS,,9.044080729902616,-79.54904079437301,2,2,2,75,,,,1,1,,2.8,,,"[""https://photos.encuentra24.com/t_or_fh_l/f_auto/v1/pa/31/95/49/53/31954953_ef79b1d9fa562e90ddc6db7a7c2be091-d483878"",""https://photos.encuentra24.com/t_or_fh_l/f_auto/v1/pa/31/95/49/53/31954953_ef79b1d9fa562e90ddc6db7a7c2be091-364f396"",""https://photos.encuentra24.com/t_or_fh_l/f_auto/v1/pa/31/95/49/53/31954953_ef79b1d9fa562e90ddc6db7a7c2be091-711ff5c"",""https://photos.encuentra24.com/t_or_fh_l/f_auto/v1/pa/31/95/49/53/31954953_ef79b1d9fa562e90ddc6db7a7c2be091-3d48644"",""https://photos.encuentra24.com/t_or_fh_l/f_auto/v1/pa/31/95/49/53/31954953_ef79b1d9fa562e90ddc6db7a7c2be091-8f6c139"",""https://photos.encuentra24.com/t_or_fh_l/f_auto/v1/pa/31/95/49/53/31954953_ef79b1d9fa562e90ddc6db7a7c2be091-413f5f9"",""https://photos.encuentra24.com/t_or_fh_l/f_auto/v1/pa/31/95/49/53/31954953_ef79b1d9fa562e90ddc6db7a7c2be091-dccf358"",""https://photos.encuentra24.com/t_or_fh_l/f_auto/v1/pa/31/95/49/53/31954953_ef79b1d9fa562e90ddc6db7a7c2be091-55737cc"",""https://photos.encuentra24.com/t_or_fh_l/f_auto/v1/pa/31/95/49/53/31954953_ef79b1d9fa562e90ddc6db7a7c2be091-9a47d48"",""https://photos.encuentra24.com/t_or_fh_l/f_auto/v1/pa/31/95/49/53/31954953_ef79b1d9fa562e90ddc6db7a7c2be091-97e65d3"",""https://photos.encuentra24.com/t_or_fh_l/f_auto/v1/pa/31/95/49/53/31954953_ef79b1d9fa562e90ddc6db7a7c2be091-dc744a3"",""https://photos.encuentra24.com/t_or_fh_l/f_auto/v1/pa/31/95/49/53/31954953_ef79b1d9fa562e90ddc6db7a7c2be091-eb60fee"",""https://photos.encuentra24.com/t_or_fh_l/f_auto/v1/pa/31/95/49/53/31954953_ef79b1d9fa562e90ddc6db7a7c2be091-c961fd8"",""https://photos.encuentra24.com/t_or_fh_l/f_auto/v1/pa/31/95/49/53/31954953_ef79b1d9fa562e90ddc6db7a7c2be091-b248e1a"",""https://photos.encuentra24.com/t_or_fh_l/f_auto/v1/pa/31/95/49/53/31954953_ef79b1d9fa562e90ddc6db7a7c2be091-a1857be"",""https://photos.encuentra24.com/t_or_fh_l/f_auto/v1/pa/31/95/49/53/31954953_ef79b1d9fa562e90ddc6db7a7c2be091-0da0da2"",""https://photos.encuentra24.com/t_or_fh_l/f_auto/v1/pa/31/95/49/53/31954953_ef79b1d9fa562e90ddc6db7a7c2be091-8eb4dae"",""https://photos.encuentra24.com/t_or_fh_l/f_auto/v1/pa/31/95/49/53/31954953_ef79b1d9fa562e90ddc6db7a7c2be091-756654f"",""https://photos.encuentra24.com/t_or_fh_l/f_auto/v1/pa/31/95/49/53/31954953_ef79b1d9fa562e90ddc6db7a7c2be091-3c38deb""]",19,false,false,,Grupo PREIC,Grupo PREIC -,,false,basic,,4,,2026-02-04,2026-02-10T03:35:36.816Z,2026-02-23T18:10:43.823Z,2026-02-23T18:10:43.823Z,2026-03-20T06:21:29.724Z,2026-03-20T06:21:29.724Z,true,1,,,
false,inactive,33799,31984773,se-renta-apartamento-amoblado-en-altamira-gardens-mc,https://www.encuentra24.com/panama-es/bienes-raices-alquiler-apartamentos-amueblados/se-renta-apartamento-amoblado-en-altamira-gardens-mc/31984773,rental,apartamentos-amueblados,Furnished Apartments & Houses,SE RENTA APARTAMENTO AMOBLADO EN ALTAMIRA GARDENS (MC),"Detalles
            
  SE ALQUILA APARTAMENTO AMOBLADO – ALTAMIRA GARDENS

Viva rodeado de naturaleza y tranquilidad en el exclusivo residencial privado Altamira Gardens, ubicado sobre una loma alta con espectaculares vistas panorámicas a las montañas y un entorno privilegiado, a pocos minutos de la ciudad.

Área: 75 m²
Estado: Totalmente amoblado

Incluido: Un (1) depósito



Distribución del apartamento:

Amplia sala – comedor

Cocina integrada de diseño funcional

Vestíbulo de entrada

Den familiar o estudio

Recámara principal con baño privado y walk-in closet

Segunda recámara con balcón privado y clóset lineal



Dos baños completos

Dos estacionamientos


Amenidades del residencial:

Garita de seguridad 24/7

Dos piscinas

Gimnasio totalmente equipado

Parque infantil

Sala para reuniones

Cancha de tenis

Una excelente oportunidad para adquirir un hogar que combina comodidad, seguridad y contacto con la naturaleza, en un ambiente exclusivo y tranquilo.",850,USD,,,,,Panama City,Ancón,¡Pregunta al anunciante!,,9.0435992532623,-79.547849964743,2,2,2,75,,,,,,,,,,"[""https://photos.encuentra24.com/t_or_fh_l/f_auto/v1/pa/31/98/47/73/31984773_3d48f8"",""https://photos.encuentra24.com/t_or_fh_l/f_auto/v1/pa/31/98/47/73/31984773_98a9aa"",""https://photos.encuentra24.com/t_or_fh_l/f_auto/v1/pa/31/98/47/73/31984773_10214b"",""https://photos.encuentra24.com/t_or_fh_l/f_auto/v1/pa/31/98/47/73/31984773_978b0f"",""https://photos.encuentra24.com/t_or_fh_l/f_auto/v1/pa/31/98/47/73/31984773_e98589"",""https://photos.encuentra24.com/t_or_fh_l/f_auto/v1/pa/31/98/47/73/31984773_7b305e"",""https://photos.encuentra24.com/t_or_fh_l/f_auto/v1/pa/31/98/47/73/31984773_67efcb"",""https://photos.encuentra24.com/t_or_fh_l/f_auto/v1/pa/31/98/47/73/31984773_1c56f4"",""https://photos.encuentra24.com/t_or_fh_l/f_auto/v1/pa/31/98/47/73/31984773_41be76"",""https://photos.encuentra24.com/t_or_fh_l/f_auto/v1/pa/31/98/47/73/31984773_769365"",""https://photos.encuentra24.com/t_or_fh_l/f_auto/v1/pa/31/98/47/73/31984773_cfbee7"",""https://photos.encuentra24.com/t_or_fh_l/f_auto/v1/pa/31/98/47/73/31984773_e4e292"",""https://photos.encuentra24.com/t_or_fh_l/f_auto/v1/pa/31/98/47/73/31984773_8492d4"",""https://photos.encuentra24.com/t_or_fh_l/f_auto/v1/pa/31/98/47/73/31984773_5fac16"",""https://photos.encuentra24.com/t_or_fh_l/f_auto/v1/pa/31/98/47/73/31984773_8c553e"",""https://photos.encuentra24.com/t_or_fh_l/f_auto/v1/pa/31/98/47/73/31984773_97813b"",""https://photos.encuentra24.com/t_or_fh_l/f_auto/v1/pa/31/98/47/73/31984773_556305"",""https://photos.encuentra24.com/t_or_fh_l/f_auto/v1/pa/31/98/47/73/31984773_ab6b89"",""https://photos.encuentra24.com/t_or_fh_l/f_auto/v1/pa/31/98/47/73/31984773_0797b4"",""https://photos.encuentra24.com/t_or_fh_l/f_auto/v1/pa/31/98/47/73/31984773_d1dfbd""]",20,false,false,,PREIC CORP by Grupo PREIC,Meibilin G Castellanos,,false,basic,,0,,2026-02-11,2026-02-11T10:01:23.571Z,2026-02-25T09:06:34.440Z,2026-02-25T09:06:34.440Z,2026-03-20T06:49:53.959Z,2026-03-20T06:49:53.959Z,true,1,,,
false,inactive,43482,32027826,venta-apartamento-altamira-gardens-con-patio-reposeido,https://www.encuentra24.com/panama-es/bienes-raices-venta-de-propiedades-apartamentos/venta-apartamento-altamira-gardens-con-patio-reposeido/32027826,sale,apartamentos,Apartments,Venta Apartamento Altamira Gardens con Patio / Reposeido,"Detalles
            
  ***** SE VENDE TAL COMO ESTÁ/PRECIO DE OPORTUNIDAD****

Apartamento de 2 habitaciones con ventilación cruzada, 1 puesto de estacionamiento, 1 depósito, terraza y amplio patio. Necesita arreglos menores.
Altamira Gardens le ofrece a usted y a los suyos un relajante estilo de vida rodeado por naturaleza tropical.   Muy cerca está Altaplaza Mall, uno de los centros comerciales más grande de Panamá, donde encontrará: Supermercados, restaurantes, cine, almacenes, bancos y muchos puntos más de interés. Adicional a esto cuenta con fácil acceso al corredor norte y autopista Panamá–Colón, Ciudad Hospitalaria y Merca Panamá.

El edificio le brinda el placer de disfrutar del aire fresco y relajante  mientras da un paseo por las extensas áreas verdes que esta comunidad ofrece. Cuenta con  amenidades para grandes y chicos, amplios y cómodos estacionamientos y seguridad las 24 horas.

Descripción del Apartamento:
- 80 mt2 
- 2 Habitaciones (Hab.principal con baño y closet)
- 2 Baños completos
- Sala-Comedor 
- Cocina abierta con desayunador
- 1 Estacionamientos 
- 1 depósito 
- Mantenimiento: 250.00 $/mes 

Equipamiento del Apartamento:
- 3 aires acondicionados Split como están

Descripción del Edificio:
- 6 pisos
- 2 Elevador 
- Todos los estacionamientos en planta baja
- Seguridad 24 horas
- Tanque de reserva de agua
- Áreas verdes

Moderna Área social con:
- Piscina de Adultos y Niños
- Área de BBQ
- Parque Infantil
- Gimnasio
- Sala de Fiestas 
- Cancha de tenis
- Cancha de baloncesto 
- Área verdes y zonas para hacer caminatas o correr",165000,USD,,,,,Panama City,Ancón,¡Pregunta al anunciante!,,9.043699293432498,-79.55195903778076,2,2,1,80,,,2011,6,1,Porcelanato,,250,,"[""https://photos.encuentra24.com/t_or_fh_l/f_auto/v1/pa/32/02/78/26/32027826_4bb73159b0b0a9ad137846ed8ad11c30-33a8e7a"",""https://photos.encuentra24.com/t_or_fh_l/f_auto/v1/pa/32/02/78/26/32027826_4bb73159b0b0a9ad137846ed8ad11c30-aca1517"",""https://photos.encuentra24.com/t_or_fh_l/f_auto/v1/pa/32/02/78/26/32027826_4bb73159b0b0a9ad137846ed8ad11c30-b387904"",""https://photos.encuentra24.com/t_or_fh_l/f_auto/v1/pa/32/02/78/26/32027826_4bb73159b0b0a9ad137846ed8ad11c30-105c309"",""https://photos.encuentra24.com/t_or_fh_l/f_auto/v1/pa/32/02/78/26/32027826_4bb73159b0b0a9ad137846ed8ad11c30-c0a2ee8"",""https://photos.encuentra24.com/t_or_fh_l/f_auto/v1/pa/32/02/78/26/32027826_4bb73159b0b0a9ad137846ed8ad11c30-6907282"",""https://photos.encuentra24.com/t_or_fh_l/f_auto/v1/pa/32/02/78/26/32027826_4bb73159b0b0a9ad137846ed8ad11c30-11f1b62"",""https://photos.encuentra24.com/t_or_fh_l/f_auto/v1/pa/32/02/78/26/32027826_4bb73159b0b0a9ad137846ed8ad11c30-7471200"",""https://photos.encuentra24.com/t_or_fh_l/f_auto/v1/pa/32/02/78/26/32027826_4bb73159b0b0a9ad137846ed8ad11c30-1d4201a"",""https://photos.encuentra24.com/t_or_fh_l/f_auto/v1/pa/32/02/78/26/32027826_4bb73159b0b0a9ad137846ed8ad11c30-b67cb09"",""https://photos.encuentra24.com/t_or_fh_l/f_auto/v1/pa/32/02/78/26/32027826_4bb73159b0b0a9ad137846ed8ad11c30-609ef75"",""https://photos.encuentra24.com/t_or_fh_l/f_auto/v1/pa/32/02/78/26/32027826_4bb73159b0b0a9ad137846ed8ad11c30-e781896"",""https://photos.encuentra24.com/t_or_fh_l/f_auto/v1/pa/32/02/78/26/32027826_4bb73159b0b0a9ad137846ed8ad11c30-d0bc480"",""https://photos.encuentra24.com/t_or_fh_l/f_auto/v1/pa/32/02/78/26/32027826_4bb73159b0b0a9ad137846ed8ad11c30-21fbafd"",""https://photos.encuentra24.com/t_or_fh_l/f_auto/v1/pa/32/02/78/26/32027826_4bb73159b0b0a9ad137846ed8ad11c30-cf38dc8""]",15,false,false,,"Global Inmuebles Panamá, S.A.",Global Inmuebles,,true,basic,,0,,2026-02-21,2026-02-21T21:01:17.690Z,2026-02-25T20:15:07.752Z,2026-02-25T20:15:07.752Z,2026-03-20T06:43:48.086Z,2026-03-20T06:43:48.086Z,true,1,,,
false,inactive,18481,31971669,venta-de-apartamento-en-ph-altamira-gardens-haga-una-oferta,https://www.encuentra24.com/panama-es/bienes-raices-venta-de-propiedades-apartamentos/venta-de-apartamento-en-ph-altamira-gardens-haga-una-oferta/31971669,sale,apartamentos,Apartments,Venta de Apartamento en PH Altamira Gardens. Haga una oferta,"Detalles
            
  ***Haga una oferta*** 

Magnifico Apartamento de 3 habitaciones, cuenta con una excelente ventilación cruzada lo que asegura un ambiente fresco y agradable durante todo el día. Además, dispone de 2 puestos de estacionamiento para su mayor comodidad y un depósito adicional para almacenamiento extra. 

Imagínese viviendo en un lugar donde puede disfrutar los mejores atardeceres rodeado de la belleza natural y el aire puro que caracteriza a la zona. Altamira Gardens le ofrece a usted y a los suyos un estilo de vida relajante, en medio de una exuberante naturaleza tropical, convirtiéndose en un refugio perfecto para aquellos que buscan tranquilidad y bienestar. 

Descripción del apartamento: 
• 112 mt2 
• Sala/comedor 
• Cocina abierta con desayunador 
• Balcón con vistas panorámicas 
• 3 habitaciones 
• 2 baños completos 
• 2 estacionamientos 
• 1 depósito 
• Lavandería 
• Mantenimiento: 224.00 $/mes (Incluye gas, agua y aseo). 

Descripción del Edificio: 
5 pisos 
1 Elevador 
Todos los estacionamientos en planta baja 
Seguridad 24 horas 
Tanque de reserva de agua 
Áreas verdes 
Moderna Área social con: 
o Piscina de Adultos y Niños 
o Área de BBQ 
o Parque Infantil 
o Gimnasio 
o Sala de Fiestas 
o Cancha de tenis 
o Cancha de baloncesto 
o Área verdes y zonas para hacer caminatas o correr

La ubicación es igualmente privilegiada. Muy cerca se encuentra Altaplaza Mall, uno de los centros comerciales más grandes de Panamá, que cuenta con una amplia variedad de servicios y entretenimiento. Además, la propiedad tiene un acceso conveniente a importantes vías de comunicación como el corredor norte y la autopista Panamá–Colón, lo que le permitirá desplazarse fácilmente a diferentes partes de la ciudad y sus alrededores. También se encuentra cerca de la Ciudad Hospitalaria, uno de los centros médicos más importantes del país, y Merca Panamá, el mercado más grande de productos frescos, asegurando que todas sus necesidades de salud y alimentación estén cubiertas.",121800,USD,,,,,San Miguelito,Altos de Panamá,"P.H. Altamira Gardens, Corregimiento de Ancón, Vía Centenario.",,9.042025206365942,-79.54783916473389,3,2,2,112,,,2015,1,4,Porcelanato,3,224,,"[""https://photos.encuentra24.com/t_or_fh_l/f_auto/v1/pa/31/97/16/69/31971669_84aa6a835423a016b54d0e4148304ad0-32f58af"",""https://photos.encuentra24.com/t_or_fh_l/f_auto/v1/pa/31/97/16/69/31971669_84aa6a835423a016b54d0e4148304ad0-72e12bb"",""https://photos.encuentra24.com/t_or_fh_l/f_auto/v1/pa/31/97/16/69/31971669_84aa6a835423a016b54d0e4148304ad0-ba6c8c6"",""https://photos.encuentra24.com/t_or_fh_l/f_auto/v1/pa/31/97/16/69/31971669_84aa6a835423a016b54d0e4148304ad0-3110535"",""https://photos.encuentra24.com/t_or_fh_l/f_auto/v1/pa/31/97/16/69/31971669_84aa6a835423a016b54d0e4148304ad0-47dcced"",""https://photos.encuentra24.com/t_or_fh_l/f_auto/v1/pa/31/97/16/69/31971669_84aa6a835423a016b54d0e4148304ad0-2a021aa"",""https://photos.encuentra24.com/t_or_fh_l/f_auto/v1/pa/31/97/16/69/31971669_84aa6a835423a016b54d0e4148304ad0-0e51af0"",""https://photos.encuentra24.com/t_or_fh_l/f_auto/v1/pa/31/97/16/69/31971669_84aa6a835423a016b54d0e4148304ad0-c65d5e0"",""https://photos.encuentra24.com/t_or_fh_l/f_auto/v1/pa/31/97/16/69/31971669_84aa6a835423a016b54d0e4148304ad0-8a10ae9"",""https://photos.encuentra24.com/t_or_fh_l/f_auto/v1/pa/31/97/16/69/31971669_84aa6a835423a016b54d0e4148304ad0-ceacf70"",""https://photos.encuentra24.com/t_or_fh_l/f_auto/v1/pa/31/97/16/69/31971669_84aa6a835423a016b54d0e4148304ad0-5576d56"",""https://photos.encuentra24.com/t_or_fh_l/f_auto/v1/pa/31/97/16/69/31971669_84aa6a835423a016b54d0e4148304ad0-76d0bce"",""https://photos.encuentra24.com/t_or_fh_l/f_auto/v1/pa/31/97/16/69/31971669_84aa6a835423a016b54d0e4148304ad0-6b79a9a"",""https://photos.encuentra24.com/t_or_fh_l/f_auto/v1/pa/31/97/16/69/31971669_84aa6a835423a016b54d0e4148304ad0-422e5ef"",""https://photos.encuentra24.com/t_or_fh_l/f_auto/v1/pa/31/97/16/69/31971669_84aa6a835423a016b54d0e4148304ad0-385ab17"",""https://photos.encuentra24.com/t_or_fh_l/f_auto/v1/pa/31/97/16/69/31971669_84aa6a835423a016b54d0e4148304ad0-f5d9029"",""https://photos.encuentra24.com/t_or_fh_l/f_auto/v1/pa/31/97/16/69/31971669_84aa6a835423a016b54d0e4148304ad0-6b3def6"",""https://photos.encuentra24.com/t_or_fh_l/f_auto/v1/pa/31/97/16/69/31971669_84aa6a835423a016b54d0e4148304ad0-23124b5"",""https://photos.encuentra24.com/t_or_fh_l/f_auto/v1/pa/31/97/16/69/31971669_84aa6a835423a016b54d0e4148304ad0-ce36f1d""]",19,false,false,798,Laurent Antonio Lezcano,Laurent Antonio Lezcano,,false,basic,,0,,2026-02-08,2026-02-09T04:53:38.242Z,2026-03-02T03:27:29.916Z,2026-03-02T03:27:29.916Z,2026-03-20T06:04:28.551Z,2026-03-20T06:04:28.551Z,true,1,,,
false,inactive,15693,31760401,se-alquila-apartamento-amoblado-en-altamira-gardens,https://www.encuentra24.com/panama-es/bienes-raices-alquiler-apartamentos/se-alquila-apartamento-amoblado-en-altamira-gardens/31760401,rental,apartamentos,Apartments,SE ALQUILA APARTAMENTO AMOBLADO EN ALTAMIRA GARDENS,"Detalles
            
  Apartamento completamente amoblado y listo para ocupar, ubicado en Altamira Gardens, sobre la carretera hacia el Puente Centenario, a un costado del Estadio Nacional Rod Carew, Corregimiento de Ancón.

Precio de alquiler: $800 mensuales

Distribución del apartamento:
2 recámaras
2 baños completos
Cocina equipada
Sala y comedor amoblados
Un estacionamiento al frente del edificio

Área social y amenidades del residencial:
Piscina con jacuzzi
Gimnasio
Sala de juegos
Parque infantil
Estacionamientos para visitantes
Área administrativa
Sistema de vigilancia con cámaras y acceso controlado

Excelente ubicación, con fácil acceso a vías principales y zonas céntricas.
Para mayor información, contáctanos por mensaje privado.",800,USD,,,,,San Miguelito,Condado del Rey,¡Pregunta al anunciante!,,,,2,2,1,75,,,,,,,,,,"[""https://photos.encuentra24.com/t_or_fh_l/f_auto/v1/pa/31/76/04/01/31760401_2aee4d"",""https://photos.encuentra24.com/t_or_fh_l/f_auto/v1/pa/31/76/04/01/31760401_e42193"",""https://photos.encuentra24.com/t_or_fh_l/f_auto/v1/pa/31/76/04/01/31760401_36ee0b"",""https://photos.encuentra24.com/t_or_fh_l/f_auto/v1/pa/31/76/04/01/31760401_578938"",""https://photos.encuentra24.com/t_or_fh_l/f_auto/v1/pa/31/76/04/01/31760401_2694c3"",""https://photos.encuentra24.com/t_or_fh_l/f_auto/v1/pa/31/76/04/01/31760401_490e02""]",6,false,false,1129,Propiedades 507 Lic. 4555,Nelfa Ospitia,agent,false,basic,,1,,2025-12-17,2026-02-09T04:43:19.686Z,2026-03-02T14:38:46.508Z,2026-03-02T14:38:46.508Z,2026-03-20T06:04:43.638Z,2026-03-20T06:04:43.638Z,true,1,,,
false,inactive,24592,31971688,venta-de-apartamento-ph-altamira-gardens-haga-una-oferta,https://www.encuentra24.com/panama-es/bienes-raices-venta-de-propiedades-apartamentos/venta-de-apartamento-ph-altamira-gardens-haga-una-oferta/31971688,sale,apartamentos,Apartments,Venta de Apartamento PH Altamira Gardens - Haga una oferta,"Detalles
            
  ***Haga una oferta*** 

Magnifico Apartamento de 3 habitaciones, cuenta con una excelente ventilación cruzada lo que asegura un ambiente fresco y agradable durante todo el día. Además, dispone de 2 puestos de estacionamiento para su mayor comodidad y un depósito adicional para almacenamiento extra. 

Imagínese viviendo en un lugar donde puede disfrutar los mejores atardeceres rodeado de la belleza natural y el aire puro que caracteriza a la zona. Altamira Gardens le ofrece a usted y a los suyos un estilo de vida relajante, en medio de una exuberante naturaleza tropical, convirtiéndose en un refugio perfecto para aquellos que buscan tranquilidad y bienestar. 

Descripción del apartamento: 
• 112 mt2 
• Vista panorámica a la montaña 
• Sala/comedor 
• Cocina abierta con desayunador 
• Balcón 
• 3 habitaciones 
• 2 baños completos 
• 2 estacionamientos 
• 1 depósito en el mismo piso del apartamento 
• Lavandería a gas
• Mantenimiento: 224.00 $/mes (Incluye gas, agua, aseo, seguridad, conserjes). 

Descripción del Edificio: 
5 pisos 
1 Elevador 
Todos los estacionamientos en planta baja 
Seguridad 24 horas 
Tanque de reserva de agua 
Áreas verdes 
Moderna Área social con: 
o Piscina de Adultos y Niños 
o Área de BBQ 
o Parque Infantil 
o Gimnasio 
o Sala de Fiestas 
o Cancha de tenis 
o Cancha de baloncesto 
o Área verdes y zonas para hacer caminatas o correr

La ubicación es igualmente privilegiada. Muy cerca se encuentra Altaplaza Mall, uno de los centros comerciales más grandes de Panamá, que cuenta con una amplia variedad de servicios y entretenimiento. Además, la propiedad tiene un acceso conveniente a importantes vías de comunicación como el corredor norte y la autopista Panamá–Colón, lo que le permitirá desplazarse fácilmente a diferentes partes de la ciudad y sus alrededores. También se encuentra cerca de la Ciudad Hospitalaria, uno de los centros médicos más importantes del país, y Merca Panamá, el mercado más grande de productos frescos, asegurando que todas sus necesidades de salud y alimentación estén cubiertas.",131950,USD,,,,,San Miguelito,Altos de Panamá,"P.H. Altamira Gardens, Corregimiento de Ancón, Vía Centenario.",,9.0420252063659,-79.547839164734,3,2,2,112,,,2018,1,2,Porcelanato,3,224,,"[""https://photos.encuentra24.com/t_or_fh_l/f_auto/v1/pa/31/97/16/88/31971688_e8d822046b2ff78002c4857b985d32a6-80770e4"",""https://photos.encuentra24.com/t_or_fh_l/f_auto/v1/pa/31/97/16/88/31971688_e8d822046b2ff78002c4857b985d32a6-889cf18"",""https://photos.encuentra24.com/t_or_fh_l/f_auto/v1/pa/31/97/16/88/31971688_e8d822046b2ff78002c4857b985d32a6-c96abc0"",""https://photos.encuentra24.com/t_or_fh_l/f_auto/v1/pa/31/97/16/88/31971688_e8d822046b2ff78002c4857b985d32a6-ba7685d"",""https://photos.encuentra24.com/t_or_fh_l/f_auto/v1/pa/31/97/16/88/31971688_e8d822046b2ff78002c4857b985d32a6-de4166b"",""https://photos.encuentra24.com/t_or_fh_l/f_auto/v1/pa/31/97/16/88/31971688_e8d822046b2ff78002c4857b985d32a6-cb38efc"",""https://photos.encuentra24.com/t_or_fh_l/f_auto/v1/pa/31/97/16/88/31971688_e8d822046b2ff78002c4857b985d32a6-1ff010f"",""https://photos.encuentra24.com/t_or_fh_l/f_auto/v1/pa/31/97/16/88/31971688_e8d822046b2ff78002c4857b985d32a6-7d82ad8"",""https://photos.encuentra24.com/t_or_fh_l/f_auto/v1/pa/31/97/16/88/31971688_e8d822046b2ff78002c4857b985d32a6-4d338ed"",""https://photos.encuentra24.com/t_or_fh_l/f_auto/v1/pa/31/97/16/88/31971688_e8d822046b2ff78002c4857b985d32a6-51b00fd"",""https://photos.encuentra24.com/t_or_fh_l/f_auto/v1/pa/31/97/16/88/31971688_e8d822046b2ff78002c4857b985d32a6-f8b9c7e"",""https://photos.encuentra24.com/t_or_fh_l/f_auto/v1/pa/31/97/16/88/31971688_e8d822046b2ff78002c4857b985d32a6-19a5872"",""https://photos.encuentra24.com/t_or_fh_l/f_auto/v1/pa/31/97/16/88/31971688_e8d822046b2ff78002c4857b985d32a6-f4252d6"",""https://photos.encuentra24.com/t_or_fh_l/f_auto/v1/pa/31/97/16/88/31971688_e8d822046b2ff78002c4857b985d32a6-b9b18a2"",""https://photos.encuentra24.com/t_or_fh_l/f_auto/v1/pa/31/97/16/88/31971688_e8d822046b2ff78002c4857b985d32a6-42bfc9f"",""https://photos.encuentra24.com/t_or_fh_l/f_auto/v1/pa/31/97/16/88/31971688_e8d822046b2ff78002c4857b985d32a6-c30e33f"",""https://photos.encuentra24.com/t_or_fh_l/f_auto/v1/pa/31/97/16/88/31971688_e8d822046b2ff78002c4857b985d32a6-147723b"",""https://photos.encuentra24.com/t_or_fh_l/f_auto/v1/pa/31/97/16/88/31971688_e8d822046b2ff78002c4857b985d32a6-cf9219c"",""https://photos.encuentra24.com/t_or_fh_l/f_auto/v1/pa/31/97/16/88/31971688_e8d822046b2ff78002c4857b985d32a6-cb1aaaa""]",19,false,false,,Laurent Antonio Lezcano,Laurent Antonio Lezcano,,false,basic,,0,,2026-02-08,2026-02-10T03:33:59.747Z,2026-03-03T02:22:58.902Z,2026-03-03T02:22:58.902Z,2026-03-20T06:24:56.326Z,2026-03-20T06:24:56.326Z,true,1,,,
false,inactive,45816,32040936,se-renta-apartamento-amoblado-en-altamira-gardens-ancon-mc,https://www.encuentra24.com/panama-es/bienes-raices-alquiler-apartamentos-amueblados/se-renta-apartamento-amoblado-en-altamira-gardens-ancon-mc/32040936,rental,apartamentos-amueblados,Furnished Apartments & Houses,"SE RENTA  APARTAMENTO AMOBLADO EN ALTAMIRA GARDENS, ANCÓN (MC)","Detalles
            
  Vive rodeado de naturaleza sin alejarte de la ciudad – Altamira Gardens

Descubre el equilibrio perfecto entre tranquilidad, comodidad y ubicación estratégica en Altamira Gardens. Un exclusivo residencial privado ubicado en una loma alta, que te permite disfrutar de un entorno natural,  y vistas privilegiadas, sin renunciar a la cercanía de todo lo que necesitas.

A pocos minutos de colegios, universidades, plazas comerciales, Altaplaza Mall, supermercados y con rápido acceso al Corredor Norte, esta ubicación combina privacidad y conectividad de manera excepcional.

El residencial ofrece:

• Garita de seguridad 24/7
• Amplias plazas de estacionamiento para visitas
• Dos áreas sociales ubicadas en diferentes niveles
• Piscinas
• Parque infantil
• Cancha multiusos
• Cancha de tenis
• Gimnasio totalmente equipado

El apartamento se ofrece completamente amoblado o con línea blanca, según tu preferencia.

Incluye:
• 2 estacionamientos
• 1 depósito

Una oportunidad ideal para quienes desean vivir rodeados de naturaleza, en un ambiente seguro, exclusivo y perfectamente conectado con la ciudad.

________________________________________________

Live Surrounded by Nature Without Leaving the City – Altamira Gardens

Experience the perfect balance between tranquility, comfort, and strategic location at Altamira Gardens. This exclusive private residential community is set on an elevated hillside, allowing you to enjoy a natural environment, and beautiful views—while staying close to everything you need.

Just minutes from top schools, universities, shopping centers, Altaplaza Mall, supermarkets, and with quick access to the North Corridor, this location offers the ideal combination of privacy and connectivity.

Community features include:

• 24/7 gated security
• Ample visitor parking
• Two social areas located on different levels
• Swimming pools
• Children’s playground
• Multi-purpose court
• Tennis court
• Fully equipped gym

The apartment is offered fully furnished or with appliances only, according to your preference.

Includes:
• 2 parking spaces
• 1 storage unit

An excellent opportunity for those seeking a home surrounded by nature, in a secure, exclusive, and well-connected community.",850,USD,,,,,Panama City,Ancón,¡Pregunta al anunciante!,,9.0433158113161,-79.548218760404,2,2,2,75,,,,,1,,,,,"[""https://photos.encuentra24.com/t_or_fh_l/f_auto/v1/pa/32/04/09/36/32040936_91a29e"",""https://photos.encuentra24.com/t_or_fh_l/f_auto/v1/pa/32/04/09/36/32040936_8311d1"",""https://photos.encuentra24.com/t_or_fh_l/f_auto/v1/pa/32/04/09/36/32040936_a92086"",""https://photos.encuentra24.com/t_or_fh_l/f_auto/v1/pa/32/04/09/36/32040936_523d7f"",""https://photos.encuentra24.com/t_or_fh_l/f_auto/v1/pa/32/04/09/36/32040936_3fbc79"",""https://photos.encuentra24.com/t_or_fh_l/f_auto/v1/pa/32/04/09/36/32040936_ba7668"",""https://photos.encuentra24.com/t_or_fh_l/f_auto/v1/pa/32/04/09/36/32040936_04fd05"",""https://photos.encuentra24.com/t_or_fh_l/f_auto/v1/pa/32/04/09/36/32040936_22521d"",""https://photos.encuentra24.com/t_or_fh_l/f_auto/v1/pa/32/04/09/36/32040936_7020b8"",""https://photos.encuentra24.com/t_or_fh_l/f_auto/v1/pa/32/04/09/36/32040936_349d0d"",""https://photos.encuentra24.com/t_or_fh_l/f_auto/v1/pa/32/04/09/36/32040936_2d5683"",""https://photos.encuentra24.com/t_or_fh_l/f_auto/v1/pa/32/04/09/36/32040936_b1afa4"",""https://photos.encuentra24.com/t_or_fh_l/f_auto/v1/pa/32/04/09/36/32040936_ddb904"",""https://photos.encuentra24.com/t_or_fh_l/f_auto/v1/pa/32/04/09/36/32040936_e25022"",""https://photos.encuentra24.com/t_or_fh_l/f_auto/v1/pa/32/04/09/36/32040936_07f5fd"",""https://photos.encuentra24.com/t_or_fh_l/f_auto/v1/pa/32/04/09/36/32040936_7250f5"",""https://photos.encuentra24.com/t_or_fh_l/f_auto/v1/pa/32/04/09/36/32040936_ef374e"",""https://photos.encuentra24.com/t_or_fh_l/f_auto/v1/pa/32/04/09/36/32040936_b920f7"",""https://photos.encuentra24.com/t_or_fh_l/f_auto/v1/pa/32/04/09/36/32040936_53cf85"",""https://photos.encuentra24.com/t_or_fh_l/f_auto/v1/pa/32/04/09/36/32040936_335f27""]",20,false,false,,PREIC CORP by Grupo PREIC,Meibilin G Castellanos,,false,basic,,0,,2026-02-25,2026-02-25T10:01:16.308Z,2026-03-03T11:06:11.301Z,2026-03-03T11:06:11.301Z,2026-03-20T05:35:28.122Z,2026-03-20T05:35:28.122Z,true,1,,,
false,inactive,45801,32040933,se-renta-apartamento-con-linea-blanca-altamira-gardens-mc,https://www.encuentra24.com/panama-es/bienes-raices-alquiler-apartamentos/se-renta-apartamento-con-linea-blanca-altamira-gardens-mc/32040933,rental,apartamentos,Apartments,"SE RENTA APARTAMENTO CON LÍNEA BLANCA , ALTAMIRA GARDENS (MC)","Detalles
            
  Vive rodeado de naturaleza sin alejarte de la ciudad – Altamira Gardens

Descubre el equilibrio perfecto entre tranquilidad, comodidad y ubicación estratégica en Altamira Gardens. Un exclusivo residencial privado ubicado en una loma alta, que te permite disfrutar de un entorno natural, aire fresco y vistas privilegiadas, sin renunciar a la cercanía de todo lo que necesitas.

A pocos minutos de colegios, universidades, plazas comerciales, Altaplaza Mall, supermercados y con rápido acceso al Corredor Norte, esta ubicación combina privacidad y conectividad de manera excepcional.

 

El residencial ofrece:

• Garita de seguridad 24/7
• Amplias plazas de estacionamiento para visitas
• Dos áreas sociales ubicadas en diferentes niveles
• Piscinas
• Parque infantil
• Cancha multiusos
• Cancha de tenis
• Gimnasio totalmente equipado

El apartamento se ofrece con línea blanca.

Incluye:
• 2 estacionamientos
• 1 depósito

Una oportunidad ideal para quienes desean vivir rodeados de naturaleza, en un ambiente seguro, exclusivo y perfectamente conectado con la ciudad.

____________________________________________________

Live Surrounded by Nature Without Leaving the City – Altamira Gardens

Experience the perfect balance between tranquility, comfort, and strategic location at Altamira Gardens. This exclusive private residential community is set on an elevated hillside, allowing you to enjoy a natural environment, fresh air, and beautiful views—while staying close to everything you need.

Just minutes from top schools, universities, shopping centers, Altaplaza Mall, supermarkets, and with quick access to the North Corridor, this location offers the ideal combination of privacy and connectivity.

 

Community features include:

• 24/7 gated security
• Ample visitor parking
• Two social areas located on different levels
• Swimming pools
• Children’s playground
• Multi-purpose court
• Tennis court
• Fully equipped gym

The apartment is offered with appliances only.

 

Includes:
• 2 parking spaces
• 1 storage unit

An excellent opportunity for those seeking a home surrounded by nature, in a secure, exclusive, and well-connected community.",800,USD,,,,,Panama City,Ancón,¡Pregunta al anunciante!,,9.0432129078969,-79.547686319844,2,2,2,75,,,,,1,,,,,"[""https://photos.encuentra24.com/t_or_fh_l/f_auto/v1/pa/32/04/09/33/32040933_48e112"",""https://photos.encuentra24.com/t_or_fh_l/f_auto/v1/pa/32/04/09/33/32040933_ee7f67"",""https://photos.encuentra24.com/t_or_fh_l/f_auto/v1/pa/32/04/09/33/32040933_b7b1fd"",""https://photos.encuentra24.com/t_or_fh_l/f_auto/v1/pa/32/04/09/33/32040933_03ea01"",""https://photos.encuentra24.com/t_or_fh_l/f_auto/v1/pa/32/04/09/33/32040933_d1fcc2"",""https://photos.encuentra24.com/t_or_fh_l/f_auto/v1/pa/32/04/09/33/32040933_d526f1"",""https://photos.encuentra24.com/t_or_fh_l/f_auto/v1/pa/32/04/09/33/32040933_562541"",""https://photos.encuentra24.com/t_or_fh_l/f_auto/v1/pa/32/04/09/33/32040933_9d56f6"",""https://photos.encuentra24.com/t_or_fh_l/f_auto/v1/pa/32/04/09/33/32040933_ae10a9"",""https://photos.encuentra24.com/t_or_fh_l/f_auto/v1/pa/32/04/09/33/32040933_968340"",""https://photos.encuentra24.com/t_or_fh_l/f_auto/v1/pa/32/04/09/33/32040933_2faeaf"",""https://photos.encuentra24.com/t_or_fh_l/f_auto/v1/pa/32/04/09/33/32040933_1f504c"",""https://photos.encuentra24.com/t_or_fh_l/f_auto/v1/pa/32/04/09/33/32040933_3fc094"",""https://photos.encuentra24.com/t_or_fh_l/f_auto/v1/pa/32/04/09/33/32040933_03de98"",""https://photos.encuentra24.com/t_or_fh_l/f_auto/v1/pa/32/04/09/33/32040933_77b535"",""https://photos.encuentra24.com/t_or_fh_l/f_auto/v1/pa/32/04/09/33/32040933_10fa34"",""https://photos.encuentra24.com/t_or_fh_l/f_auto/v1/pa/32/04/09/33/32040933_093820"",""https://photos.encuentra24.com/t_or_fh_l/f_auto/v1/pa/32/04/09/33/32040933_c4439d"",""https://photos.encuentra24.com/t_or_fh_l/f_auto/v1/pa/32/04/09/33/32040933_2ea05a"",""https://photos.encuentra24.com/t_or_fh_l/f_auto/v1/pa/32/04/09/33/32040933_e8f5cb""]",20,false,false,,PREIC CORP by Grupo PREIC,Meibilin G Castellanos,,false,basic,,0,,2026-02-25,2026-02-25T10:01:15.152Z,2026-03-03T11:08:18.475Z,2026-03-03T11:08:18.475Z,2026-03-20T05:35:28.422Z,2026-03-20T05:35:28.422Z,true,1,,,
false,inactive,19697,31382458,venta-apartamento-ph-altamira-gardens-en-ancon-of,https://www.encuentra24.com/panama-es/bienes-raices-venta-de-propiedades-apartamentos/venta-apartamento-ph-altamira-gardens-en-ancon-of/31382458,sale,apartamentos,Apartments,VENTA APARTAMENTO PH ALTAMIRA GARDENS EN ANCON (OF),"Detalles
            
  Apartamento – P.H. Altamira Gardens, corregimiento Ancón

Un apartamento diseñado para brindar comodidad y funcionalidad, en un entorno tranquilo con amenidades ideales para toda la familia.

Área de construcción: 112.00 m²

Distribución del inmueble:

Sala
Comedor
Cocina
3 recámaras
2 baños
1 balcón
Lavandería
1 estacionamiento
1 depósito

Amenidades y características:

Elevadores
Parque infantil
Área social

Precio de venta: $192,500.00
Asalariados: Mensualidad aprox.: $1,098.30
Ingreso familiar mínimo: $3,665.00

Una excelente opción para quienes buscan un hogar moderno, seguro y rodeado de espacios que complementan el estilo de vida familiar.

Nota: Cada oficina es de propiedad y operación independiente.",192500,USD,,,,,Panama City,Ancón,Ancón,,,,3,2,1,112,,,2017,1,,Porcelanato,1,1,,"[""https://photos.encuentra24.com/t_or_fh_l/f_auto/v1/pa/31/38/24/58/31382458_26a330"",""https://photos.encuentra24.com/t_or_fh_l/f_auto/v1/pa/31/38/24/58/31382458_f7acb1"",""https://photos.encuentra24.com/t_or_fh_l/f_auto/v1/pa/31/38/24/58/31382458_16638f"",""https://photos.encuentra24.com/t_or_fh_l/f_auto/v1/pa/31/38/24/58/31382458_f53d5b"",""https://photos.encuentra24.com/t_or_fh_l/f_auto/v1/pa/31/38/24/58/31382458_c463de"",""https://photos.encuentra24.com/t_or_fh_l/f_auto/v1/pa/31/38/24/58/31382458_740420"",""https://photos.encuentra24.com/t_or_fh_l/f_auto/v1/pa/31/38/24/58/31382458_ca3781"",""https://photos.encuentra24.com/t_or_fh_l/f_auto/v1/pa/31/38/24/58/31382458_de5d6d"",""https://photos.encuentra24.com/t_or_fh_l/f_auto/v1/pa/31/38/24/58/31382458_702ec2"",""https://photos.encuentra24.com/t_or_fh_l/f_auto/v1/pa/31/38/24/58/31382458_18887c""]",10,false,false,489,GOLDEN DESTINY CORPORATION SA,REMAX DESTINY,,true,basic,,0,,2025-09-26,2026-02-09T05:00:46.949Z,2026-03-04T19:46:14.186Z,2026-03-04T19:46:14.186Z,2026-03-20T06:07:45.523Z,2026-03-20T06:07:45.523Z,true,1,,,
false,inactive,14479,31382241,venta-apartamento-ph-altamira-gardens-en-ancon-of,https://www.encuentra24.com/panama-es/bienes-raices-venta-de-propiedades-apartamentos/venta-apartamento-ph-altamira-gardens-en-ancon-of/31382241,sale,apartamentos,Apartments,VENTA APARTAMENTO PH ALTAMIRA GARDENS EN ANCON (OF),"Detalles
            
  Apartamento – P.H. Altamira Gardens, corregimiento Ancón

Una excelente oportunidad para quienes desean vivir rodeados de naturaleza, en un residencial moderno y tranquilo, con espacios diseñados para el confort familiar.

Área de construcción: 112.00 m²

Distribución del inmueble:

Sala
Comedor
Balcón
Cocina
Lavandería
3 recámaras
2 baños
1 estacionamiento
1 depósito
Amenidades y características:

Parque infantil

Precio de venta: $165,500.00
Asalariados: Mensualidad aprox.: $944.26
Ingreso familiar mínimo: $3,150.00

Ideal para familias que buscan comodidad, amplitud y un entorno residencial seguro y acogedor.

Nota: Cada oficina es de propiedad y operación independiente.",165500,USD,,,,,Panama City,Ancón,Ancón,,,,3,2,1,112,,,2015,1,,Porcelanato,1,1,,"[""https://photos.encuentra24.com/t_or_fh_l/f_auto/v1/pa/31/38/22/41/31382241_e378a4"",""https://photos.encuentra24.com/t_or_fh_l/f_auto/v1/pa/31/38/22/41/31382241_f2e07a"",""https://photos.encuentra24.com/t_or_fh_l/f_auto/v1/pa/31/38/22/41/31382241_30b52f"",""https://photos.encuentra24.com/t_or_fh_l/f_auto/v1/pa/31/38/22/41/31382241_da2d27"",""https://photos.encuentra24.com/t_or_fh_l/f_auto/v1/pa/31/38/22/41/31382241_d73417"",""https://photos.encuentra24.com/t_or_fh_l/f_auto/v1/pa/31/38/22/41/31382241_1a6c1b"",""https://photos.encuentra24.com/t_or_fh_l/f_auto/v1/pa/31/38/22/41/31382241_9f38d1"",""https://photos.encuentra24.com/t_or_fh_l/f_auto/v1/pa/31/38/22/41/31382241_f01de7"",""https://photos.encuentra24.com/t_or_fh_l/f_auto/v1/pa/31/38/22/41/31382241_e5ffde"",""https://photos.encuentra24.com/t_or_fh_l/f_auto/v1/pa/31/38/22/41/31382241_ad5d06""]",10,false,false,489,GOLDEN DESTINY CORPORATION SA,REMAX DESTINY,,true,basic,,0,,2025-09-26,2026-02-09T04:39:38.218Z,2026-03-04T19:46:14.186Z,2026-03-04T19:46:14.186Z,2026-03-20T06:07:45.558Z,2026-03-20T06:07:45.558Z,true,1,,,
false,inactive,17522,31309435,venta-apartamento-ph-altamira-gardens-en-ancon-of,https://www.encuentra24.com/panama-es/bienes-raices-venta-de-propiedades-apartamentos/venta-apartamento-ph-altamira-gardens-en-ancon-of/31309435,sale,apartamentos,Apartments,VENTA APARTAMENTO PH ALTAMIRA GARDENS EN ANCON (OF),"Detalles
            
  Apartamento en P.H. Altamira Gardens – Ancón

Un proyecto residencial rodeado de naturaleza y con espacios diseñados para el confort, ideal para quienes buscan tranquilidad y fácil acceso a la ciudad.

Área de construcción: 63.49 m²

Distribución del apartamento:

Vestíbulo
Sala y comedor
Terraza cerrada
Terraza abierta
Patio
Cocina
Lavandería
2 recámaras
2 baños
1 estacionamiento doble fondo
1 depósito

Amenidades del PH:

Área social
Parque infantil
Depósito

Precio de venta: $165,000.00

Asalariados:

Cuota mensual aproximada: $941.40
Ingreso familiar mínimo requerido: $3,140.00

Una excelente oportunidad de inversión en un residencial completo, que combina naturaleza, seguridad y comodidad. Contáctanos para más información y coordina tu visita.

Nota: Cada oficina es de propiedad y operación independiente.",165000,USD,,,,,Panama City,Ancón,Ancón,,,,2,2,1,63.49,,,2011,1,,Cerámica,1,1,,"[""https://photos.encuentra24.com/t_or_fh_l/f_auto/v1/pa/31/30/94/35/31309435_54b324"",""https://photos.encuentra24.com/t_or_fh_l/f_auto/v1/pa/31/30/94/35/31309435_b1ffaf"",""https://photos.encuentra24.com/t_or_fh_l/f_auto/v1/pa/31/30/94/35/31309435_5f02c8"",""https://photos.encuentra24.com/t_or_fh_l/f_auto/v1/pa/31/30/94/35/31309435_920ac4"",""https://photos.encuentra24.com/t_or_fh_l/f_auto/v1/pa/31/30/94/35/31309435_afdf9f"",""https://photos.encuentra24.com/t_or_fh_l/f_auto/v1/pa/31/30/94/35/31309435_535cb7"",""https://photos.encuentra24.com/t_or_fh_l/f_auto/v1/pa/31/30/94/35/31309435_f990a9"",""https://photos.encuentra24.com/t_or_fh_l/f_auto/v1/pa/31/30/94/35/31309435_e05ac8"",""https://photos.encuentra24.com/t_or_fh_l/f_auto/v1/pa/31/30/94/35/31309435_761e38"",""https://photos.encuentra24.com/t_or_fh_l/f_auto/v1/pa/31/30/94/35/31309435_1e394b""]",10,false,false,489,GOLDEN DESTINY CORPORATION SA,REMAX DESTINY,,true,basic,,0,,2025-09-10,2026-02-09T04:49:27.179Z,2026-03-04T19:47:59.808Z,2026-03-04T19:47:59.808Z,2026-03-20T06:07:46.619Z,2026-03-20T06:07:46.619Z,true,1,,,
false,inactive,17595,31280616,venta-apartamento-ph-altamira-gardens-en-ancon-of,https://www.encuentra24.com/panama-es/bienes-raices-venta-de-propiedades-apartamentos/venta-apartamento-ph-altamira-gardens-en-ancon-of/31280616,sale,apartamentos,Apartments,VENTA APARTAMENTO PH ALTAMIRA GARDENS EN ANCON (OF),"Detalles
            
  Apartamento en P.H. Altamira Gardens – Ancón

Un proyecto residencial rodeado de naturaleza, ideal para quienes buscan tranquilidad, comodidad y fácil acceso a la ciudad.

Área de construcción: 112.00 m²

Distribución del apartamento:

Sala y comedor
Balcón
Cocina
3 recámaras
2 baños
1 estacionamiento doble fondo
1 depósito

Amenidades del PH:

Área social
Parque infantil

Precio de venta: $149,850.00

Financiamiento para asalariados:

Asalariados: Mensualidad aprox.: $944.26
Ingreso familiar mínimo: $3,150.00

Una excelente opción para vivir en familia o invertir, en un entorno que combina modernidad y naturaleza. Contáctanos para más información y agenda tu visita.",149850,USD,164670,,,,Panama City,Ancón,Ancón,,,,3,2,2,112,,,2015,1,,Cerámica,1,1,,"[""https://photos.encuentra24.com/t_or_fh_l/f_auto/v1/pa/31/28/06/16/31280616_f7db7f"",""https://photos.encuentra24.com/t_or_fh_l/f_auto/v1/pa/31/28/06/16/31280616_45aa58"",""https://photos.encuentra24.com/t_or_fh_l/f_auto/v1/pa/31/28/06/16/31280616_289038"",""https://photos.encuentra24.com/t_or_fh_l/f_auto/v1/pa/31/28/06/16/31280616_263234"",""https://photos.encuentra24.com/t_or_fh_l/f_auto/v1/pa/31/28/06/16/31280616_2b42c4"",""https://photos.encuentra24.com/t_or_fh_l/f_auto/v1/pa/31/28/06/16/31280616_b7ddec"",""https://photos.encuentra24.com/t_or_fh_l/f_auto/v1/pa/31/28/06/16/31280616_7c58c9"",""https://photos.encuentra24.com/t_or_fh_l/f_auto/v1/pa/31/28/06/16/31280616_aee8bd"",""https://photos.encuentra24.com/t_or_fh_l/f_auto/v1/pa/31/28/06/16/31280616_e4e675"",""https://photos.encuentra24.com/t_or_fh_l/f_auto/v1/pa/31/28/06/16/31280616_e93c36""]",10,false,false,489,GOLDEN DESTINY CORPORATION SA,REMAX DESTINY,,true,basic,,2,,2025-09-04,2026-02-09T04:49:42.322Z,2026-03-04T19:48:20.002Z,2026-03-04T19:48:20.002Z,2026-03-20T06:07:47.278Z,2026-03-20T06:07:47.278Z,true,1,,,
false,inactive,49353,32059310,venta-de-apartamento-en-ph-altamira-gardens-haga-una-oferta,https://www.encuentra24.com/panama-es/bienes-raices-venta-de-propiedades-apartamentos/venta-de-apartamento-en-ph-altamira-gardens-haga-una-oferta/32059310,sale,apartamentos,Apartments,Venta de Apartamento en PH Altamira Gardens. Haga una oferta,"Detalles
            
  ***Haga una oferta***

Magnifico Apartamento de 3 habitaciones, cuenta con una excelente ventilación cruzada lo que asegura un ambiente fresco y agradable durante todo el día. Además, dispone de 2 puestos de estacionamiento para su mayor comodidad y un depósito adicional para almacenamiento extra.

Imagínese viviendo en un lugar donde puede disfrutar los mejores atardeceres rodeado de la belleza natural y el aire puro que caracteriza a la zona. Altamira Gardens le ofrece a usted y a los suyos un estilo de vida relajante, en medio de una exuberante naturaleza tropical, convirtiéndose en un refugio perfecto para aquellos que buscan tranquilidad y bienestar.

Descripción del apartamento:
• 112 mt2
• Sala/comedor
• Cocina abierta con desayunador
• Balcón con vistas panorámicas
• 3 habitaciones
• 2 baños completos
• 2 estacionamientos
• 1 depósito
• Lavandería
• Mantenimiento: 224.00 $/mes (Incluye gas, agua y aseo).

Descripción del Edificio:
5 pisos
1 Elevador
Todos los estacionamientos en planta baja
Seguridad 24 horas
Tanque de reserva de agua
Áreas verdes
Moderna Área social con:
o Piscina de Adultos y Niños
o Área de BBQ
o Parque Infantil
o Gimnasio
o Sala de Fiestas
o Cancha de tenis
o Cancha de baloncesto
o Área verdes y zonas para hacer caminatas o correr

La ubicación es igualmente privilegiada. Muy cerca se encuentra Altaplaza Mall, uno de los centros comerciales más grandes de Panamá, que cuenta con una amplia variedad de servicios y entretenimiento. Además, la propiedad tiene un acceso conveniente a importantes vías de comunicación como el corredor norte y la autopista Panamá–Colón, lo que le permitirá desplazarse fácilmente a diferentes partes de la ciudad y sus alrededores. También se encuentra cerca de la Ciudad Hospitalaria, uno de los centros médicos más importantes del país, y Merca Panamá, el mercado más grande de productos frescos, asegurando que todas sus necesidades de salud y alimentación estén cubiertas.",121800,USD,,,,,Panama City,Ancón,"P.H. Altamira Gardens, Corregimiento de Ancón, Vía Centenario.",,9.04115637330155,-79.55019950866699,3,2,2,112,,,2015,1,4,Porcelanato,3,224,,"[""https://photos.encuentra24.com/t_or_fh_l/f_auto/v1/pa/32/05/93/10/32059310_dc906055ea328fd17d0e8fce1af95071-8a777dc"",""https://photos.encuentra24.com/t_or_fh_l/f_auto/v1/pa/32/05/93/10/32059310_dc906055ea328fd17d0e8fce1af95071-2176624"",""https://photos.encuentra24.com/t_or_fh_l/f_auto/v1/pa/32/05/93/10/32059310_dc906055ea328fd17d0e8fce1af95071-9056929"",""https://photos.encuentra24.com/t_or_fh_l/f_auto/v1/pa/32/05/93/10/32059310_dc906055ea328fd17d0e8fce1af95071-17ec231"",""https://photos.encuentra24.com/t_or_fh_l/f_auto/v1/pa/32/05/93/10/32059310_dc906055ea328fd17d0e8fce1af95071-8e65016"",""https://photos.encuentra24.com/t_or_fh_l/f_auto/v1/pa/32/05/93/10/32059310_dc906055ea328fd17d0e8fce1af95071-786371e"",""https://photos.encuentra24.com/t_or_fh_l/f_auto/v1/pa/32/05/93/10/32059310_dc906055ea328fd17d0e8fce1af95071-d56ace7"",""https://photos.encuentra24.com/t_or_fh_l/f_auto/v1/pa/32/05/93/10/32059310_dc906055ea328fd17d0e8fce1af95071-989f6ec"",""https://photos.encuentra24.com/t_or_fh_l/f_auto/v1/pa/32/05/93/10/32059310_dc906055ea328fd17d0e8fce1af95071-e409052"",""https://photos.encuentra24.com/t_or_fh_l/f_auto/v1/pa/32/05/93/10/32059310_dc906055ea328fd17d0e8fce1af95071-6137aaa"",""https://photos.encuentra24.com/t_or_fh_l/f_auto/v1/pa/32/05/93/10/32059310_dc906055ea328fd17d0e8fce1af95071-24d55c8"",""https://photos.encuentra24.com/t_or_fh_l/f_auto/v1/pa/32/05/93/10/32059310_dc906055ea328fd17d0e8fce1af95071-d127536"",""https://photos.encuentra24.com/t_or_fh_l/f_auto/v1/pa/32/05/93/10/32059310_dc906055ea328fd17d0e8fce1af95071-4ae3b04"",""https://photos.encuentra24.com/t_or_fh_l/f_auto/v1/pa/32/05/93/10/32059310_dc906055ea328fd17d0e8fce1af95071-033ddd8"",""https://photos.encuentra24.com/t_or_fh_l/f_auto/v1/pa/32/05/93/10/32059310_dc906055ea328fd17d0e8fce1af95071-71a5bfc"",""https://photos.encuentra24.com/t_or_fh_l/f_auto/v1/pa/32/05/93/10/32059310_dc906055ea328fd17d0e8fce1af95071-cb40c78"",""https://photos.encuentra24.com/t_or_fh_l/f_auto/v1/pa/32/05/93/10/32059310_dc906055ea328fd17d0e8fce1af95071-1336a41"",""https://photos.encuentra24.com/t_or_fh_l/f_auto/v1/pa/32/05/93/10/32059310_dc906055ea328fd17d0e8fce1af95071-b90048c"",""https://photos.encuentra24.com/t_or_fh_l/f_auto/v1/pa/32/05/93/10/32059310_dc906055ea328fd17d0e8fce1af95071-7c5b256""]",19,false,false,,Laurent Antonio Lezcano,Laurent Antonio Lezcano,,false,basic,,0,,2026-03-01,2026-03-02T03:01:16.969Z,2026-03-04T21:17:55.710Z,2026-03-04T21:17:55.710Z,2026-03-20T05:39:42.786Z,2026-03-20T05:39:42.786Z,true,1,,,
false,inactive,21542,31954739,se-vende-apartamento-ph-altamira-gardens-en-ancon-215-000-negociable,https://www.encuentra24.com/panama-es/bienes-raices-venta-de-propiedades-apartamentos/se-vende-apartamento-ph-altamira-gardens-en-ancon-215-000-negociable/31954739,sale,apartamentos,Apartments,"SE VENDE APARTAMENTO PH ALTAMIRA GARDENS EN ANCON $215,000(negociable)","Detalles
            
   ¡Vive en una de las zonas más exclusivas y verdes de la ciudad! 

Se vende amplio y cómodo apartamento en PH Altamira Gardens, Ancón, ideal para quienes buscan tranquilidad, buena ubicación y calidad de vida.

 Características del apartamento:

•  Precio: USD $215,000

•  125 m²

•  3 habitaciones

•  2 baños

•  1 estacionamiento

•  1 depósito

Ubicado en un área residencial privilegiada, rodeada de naturaleza, con fácil acceso al centro de la ciudad, Albrook, Clayton y vías principales.

 Contáctame al   para más información o agendar tu visita.

¡Una excelente oportunidad para vivir o invertir!

#VentaApartamento #AltamiraGardens #Ancón #BienesRaícesPanamá #ApartamentoEnVenta #InversiónInmobiliaria #HogarIdeal",215000,USD,,,,,Panama City,Ancón,¡Pregunta al anunciante!,,8.9596764,-79.5505094,3,2,1,125,,,,,,,,250,,"[""https://photos.encuentra24.com/t_or_fh_l/f_auto/v1/pa/31/95/47/39/31954739_8e3398"",""https://photos.encuentra24.com/t_or_fh_l/f_auto/v1/pa/31/95/47/39/31954739_21f367"",""https://photos.encuentra24.com/t_or_fh_l/f_auto/v1/pa/31/95/47/39/31954739_cfae1d""]",3,false,false,308,DG PROPERTIES INC.,DG PROPERTIES INC,,false,basic,,0,,2026-02-04,2026-02-09T05:11:09.241Z,2026-03-05T08:35:44.740Z,2026-03-05T08:35:44.740Z,2026-03-20T06:08:31.755Z,2026-03-20T06:08:31.755Z,true,1,,,
false,inactive,44507,32033223,se-renta-apartamento-con-linea-blanca-altamira-gardens,https://www.encuentra24.com/panama-es/bienes-raices-alquiler-apartamentos-amueblados/se-renta-apartamento-con-linea-blanca-altamira-gardens/32033223,rental,apartamentos-amueblados,Furnished Apartments & Houses,"SE RENTA APARTAMENTO CON LÍNEA BLANCA, ALTAMIRA GARDENS","Detalles
            
  Vive rodeado de naturaleza sin alejarte de la ciudad – Altamira Gardens

Descubre el equilibrio perfecto entre tranquilidad, comodidad y ubicación estratégica en Altamira Gardens. Un exclusivo residencial privado ubicado en una loma alta, que te permite disfrutar de un entorno natural,  y vistas privilegiadas, sin renunciar a la cercanía de todo lo que necesitas.

A pocos minutos de colegios, universidades, plazas comerciales, Altaplaza Mall, supermercados y con rápido acceso al Corredor Norte, esta ubicación combina privacidad y conectividad de manera excepcional.

El residencial ofrece:

• Garita de seguridad 24/7
• Amplias plazas de estacionamiento para visitas
• Dos áreas sociales ubicadas en diferentes niveles
• Piscinas
• Parque infantil
• Cancha multiusos
• Cancha de tenis
• Gimnasio totalmente equipado

El apartamento se ofrece con línea blanca.


Incluye:
• 2 estacionamientos
• 1 depósito

Una oportunidad ideal para quienes desean vivir rodeados de naturaleza, en un ambiente seguro, exclusivo y perfectamente conectado con la ciudad.",800,USD,,,,,Panama City,Ancón,ALTAMIRA GARDENS,,9.043317856557378,-79.55281734466553,2,2,2,75,,,,1,1,,2.8,,,"[""https://photos.encuentra24.com/t_or_fh_l/f_auto/v1/pa/32/03/32/23/32033223_886238cca5b668378bfe03f7a2c9b2a2-9d40c50"",""https://photos.encuentra24.com/t_or_fh_l/f_auto/v1/pa/32/03/32/23/32033223_886238cca5b668378bfe03f7a2c9b2a2-bef58ad"",""https://photos.encuentra24.com/t_or_fh_l/f_auto/v1/pa/32/03/32/23/32033223_886238cca5b668378bfe03f7a2c9b2a2-d01a35d"",""https://photos.encuentra24.com/t_or_fh_l/f_auto/v1/pa/32/03/32/23/32033223_886238cca5b668378bfe03f7a2c9b2a2-42aedfd"",""https://photos.encuentra24.com/t_or_fh_l/f_auto/v1/pa/32/03/32/23/32033223_886238cca5b668378bfe03f7a2c9b2a2-93e8b9d"",""https://photos.encuentra24.com/t_or_fh_l/f_auto/v1/pa/32/03/32/23/32033223_886238cca5b668378bfe03f7a2c9b2a2-3e66eba"",""https://photos.encuentra24.com/t_or_fh_l/f_auto/v1/pa/32/03/32/23/32033223_886238cca5b668378bfe03f7a2c9b2a2-4bdb58b"",""https://photos.encuentra24.com/t_or_fh_l/f_auto/v1/pa/32/03/32/23/32033223_886238cca5b668378bfe03f7a2c9b2a2-1f5f975"",""https://photos.encuentra24.com/t_or_fh_l/f_auto/v1/pa/32/03/32/23/32033223_886238cca5b668378bfe03f7a2c9b2a2-cb0d91c"",""https://photos.encuentra24.com/t_or_fh_l/f_auto/v1/pa/32/03/32/23/32033223_886238cca5b668378bfe03f7a2c9b2a2-a3c9a19"",""https://photos.encuentra24.com/t_or_fh_l/f_auto/v1/pa/32/03/32/23/32033223_886238cca5b668378bfe03f7a2c9b2a2-8f3a363"",""https://photos.encuentra24.com/t_or_fh_l/f_auto/v1/pa/32/03/32/23/32033223_886238cca5b668378bfe03f7a2c9b2a2-8e66169"",""https://photos.encuentra24.com/t_or_fh_l/f_auto/v1/pa/32/03/32/23/32033223_886238cca5b668378bfe03f7a2c9b2a2-497e9c1"",""https://photos.encuentra24.com/t_or_fh_l/f_auto/v1/pa/32/03/32/23/32033223_886238cca5b668378bfe03f7a2c9b2a2-db614ee"",""https://photos.encuentra24.com/t_or_fh_l/f_auto/v1/pa/32/03/32/23/32033223_886238cca5b668378bfe03f7a2c9b2a2-64d76cc"",""https://photos.encuentra24.com/t_or_fh_l/f_auto/v1/pa/32/03/32/23/32033223_886238cca5b668378bfe03f7a2c9b2a2-5e61b1b"",""https://photos.encuentra24.com/t_or_fh_l/f_auto/v1/pa/32/03/32/23/32033223_886238cca5b668378bfe03f7a2c9b2a2-f99bcbb"",""https://photos.encuentra24.com/t_or_fh_l/f_auto/v1/pa/32/03/32/23/32033223_886238cca5b668378bfe03f7a2c9b2a2-cd6ea5d"",""https://photos.encuentra24.com/t_or_fh_l/f_auto/v1/pa/32/03/32/23/32033223_886238cca5b668378bfe03f7a2c9b2a2-08f0821""]",19,false,false,,Grupo PREIC,Grupo PREIC -,,false,basic,,0,,2026-02-23,2026-02-23T20:01:22.359Z,2026-03-10T15:27:44.582Z,2026-03-10T15:27:44.582Z,2026-03-20T07:16:32.165Z,2026-03-20T07:16:32.165Z,true,1,,,
false,inactive,56207,32098398,apartamento-en-venta-en-altos-de-panama-26jack5781,https://www.encuentra24.com/panama-es/bienes-raices-venta-de-propiedades-apartamentos/apartamento-en-venta-en-altos-de-panama-26jack5781/32098398,sale,apartamentos,Apartments,Apartamento en Venta en Altos de Panama 26jack5781,"Detalles
            
  Este amplio y encantador apartamento en Altamira Gardens es la oportunidad que estabas esperando para vivir en uno de los desarrollos residenciales rodeado de hermosa naturaleza. Con su ubicación privilegiada y comodidades excepcionales, esta propiedad es perfecta para aquellos que buscan comodidad y relajante estilo de vida.",110000,USD,,,,,San Miguelito,Altos de Panamá,Altos De Panama,,,,3,2,2,125,,,2011,1,,Porcelanato,,1,,"[""https://photos.encuentra24.com/t_or_fh_l/f_auto/v1/pa/32/09/83/98/32098398_a80e41a3397d17280edee188c1d3ef67-4f5a704"",""https://photos.encuentra24.com/t_or_fh_l/f_auto/v1/pa/32/09/83/98/32098398_a80e41a3397d17280edee188c1d3ef67-a5c54dc"",""https://photos.encuentra24.com/t_or_fh_l/f_auto/v1/pa/32/09/83/98/32098398_a80e41a3397d17280edee188c1d3ef67-66e7712"",""https://photos.encuentra24.com/t_or_fh_l/f_auto/v1/pa/32/09/83/98/32098398_a80e41a3397d17280edee188c1d3ef67-a8b2297"",""https://photos.encuentra24.com/t_or_fh_l/f_auto/v1/pa/32/09/83/98/32098398_a80e41a3397d17280edee188c1d3ef67-28c6930"",""https://photos.encuentra24.com/t_or_fh_l/f_auto/v1/pa/32/09/83/98/32098398_a80e41a3397d17280edee188c1d3ef67-dac564e"",""https://photos.encuentra24.com/t_or_fh_l/f_auto/v1/pa/32/09/83/98/32098398_a80e41a3397d17280edee188c1d3ef67-d26f89f"",""https://photos.encuentra24.com/t_or_fh_l/f_auto/v1/pa/32/09/83/98/32098398_a80e41a3397d17280edee188c1d3ef67-7dece01"",""https://photos.encuentra24.com/t_or_fh_l/f_auto/v1/pa/32/09/83/98/32098398_a80e41a3397d17280edee188c1d3ef67-e5b3bb2"",""https://photos.encuentra24.com/t_or_fh_l/f_auto/v1/pa/32/09/83/98/32098398_a80e41a3397d17280edee188c1d3ef67-6d8f879"",""https://photos.encuentra24.com/t_or_fh_l/f_auto/v1/pa/32/09/83/98/32098398_a80e41a3397d17280edee188c1d3ef67-7329df0"",""https://photos.encuentra24.com/t_or_fh_l/f_auto/v1/pa/32/09/83/98/32098398_a80e41a3397d17280edee188c1d3ef67-472c2fd"",""https://photos.encuentra24.com/t_or_fh_l/f_auto/v1/pa/32/09/83/98/32098398_a80e41a3397d17280edee188c1d3ef67-4cdc837"",""https://img.youtube.com/vi/iIrK7GPvISQ/mqdefault.jpg""]",14,true,false,,"Corpoinmuebles Realty Panama, S.A.",RAH Corpoinmuebles Realty Panama S.A.,agent,true,basic,,0,,2026-03-09,2026-03-10T02:01:10.961Z,2026-03-11T12:12:29.563Z,2026-03-11T12:12:29.563Z,2026-03-20T07:38:30.162Z,2026-03-20T07:38:30.162Z,true,1,,,
false,inactive,14687,31879873,venta-apartamento-ph-altamira-gardens-3-habitaciones-haga-una-oferta,https://www.encuentra24.com/panama-es/bienes-raices-venta-de-propiedades-apartamentos/venta-apartamento-ph-altamira-gardens-3-habitaciones-haga-una-oferta/31879873,sale,apartamentos,Apartments,Venta Apartamento PH Altamira Gardens. 3 habitaciones. Haga una oferta,"Detalles
            
  ***Haga una oferta***

***Financiamiento con tasa de interés especial desde 4.50% garantizada por 18 meses, abono inicial desde 3%***

Magnifico Apartamento de 3 habitaciones, cuenta con una excelente ventilación cruzada lo que asegura un ambiente fresco y agradable durante todo el día. Además, dispone de 2 puestos de estacionamiento para su mayor comodidad y un depósito adicional para almacenamiento extra.

Imagínese viviendo en un lugar donde puede disfrutar los mejores atardeceres rodeado de la belleza natural y el aire puro que caracteriza a la zona. Altamira Gardens le ofrece a usted y a los suyos un estilo de vida relajante, en medio de una exuberante naturaleza tropical, convirtiéndose en un refugio perfecto para aquellos que buscan tranquilidad y bienestar.

La ubicación es igualmente privilegiada. Muy cerca se encuentra Altaplaza Mall, uno de los centros comerciales más grandes de Panamá, que cuenta con una amplia variedad de servicios y entretenimiento. Además, la propiedad tiene un acceso conveniente a importantes vías de comunicación como el corredor norte y la autopista Panamá–Colón, lo que le permitirá desplazarse fácilmente a diferentes partes de la ciudad y sus alrededores. También se encuentra cerca de la Ciudad Hospitalaria, uno de los centros médicos más importantes del país, y Merca Panamá, el mercado más grande de productos frescos, asegurando que todas sus necesidades de salud y alimentación estén cubiertas.

En resumen, este apartamento en Altamira Gardens combina la comodidad de una ubicación estratégica con la tranquilidad de un entorno natural, brindándole un estilo de vida equilibrado y saludable.

Descripción del apartamento:
• 112 mt2
• Vista panorámica a la montaña
• Sala/comedor
• Cocina abierta con desayunador
• Balcón
• 3 habitaciones
• 2 baños completos
• 2 estacionamientos
• 1 depósito
• Lavandería
• Mantenimiento: 224.00 $/mes (Incluye gas, agua y aseo).

Descripción del Edificio:
5 pisos
1 Elevador
Todos los estacionamientos en planta baja
Seguridad 24 horas
Tanque de reserva de agua
Áreas verdes
Moderna Área social con:
o Piscina de Adultos y Niños
o Área de BBQ
o Parque Infantil
o Gimnasio
o Sala de Fiestas
o Cancha de tenis
o Cancha de baloncesto
o Área verdes y zonas para hacer caminatas o correr",149000,USD,,,,,San Miguelito,Altos de Panamá,"P.H. Altamira Gardens, Corregimiento de Ancón, Vía Centenario.",,9.0421523524923,-79.547882080078,3,2,2,112,,,2015,1,5,Porcelanato,3,224,,"[""https://photos.encuentra24.com/t_or_fh_l/f_auto/v1/pa/31/87/98/73/31879873_88f56d"",""https://photos.encuentra24.com/t_or_fh_l/f_auto/v1/pa/31/87/98/73/31879873_553ca1"",""https://photos.encuentra24.com/t_or_fh_l/f_auto/v1/pa/31/87/98/73/31879873_36c177"",""https://photos.encuentra24.com/t_or_fh_l/f_auto/v1/pa/31/87/98/73/31879873_dc5189"",""https://photos.encuentra24.com/t_or_fh_l/f_auto/v1/pa/31/87/98/73/31879873_f1a487"",""https://photos.encuentra24.com/t_or_fh_l/f_auto/v1/pa/31/87/98/73/31879873_b1ccd6"",""https://photos.encuentra24.com/t_or_fh_l/f_auto/v1/pa/31/87/98/73/31879873_a58d33"",""https://photos.encuentra24.com/t_or_fh_l/f_auto/v1/pa/31/87/98/73/31879873_7039d8"",""https://photos.encuentra24.com/t_or_fh_l/f_auto/v1/pa/31/87/98/73/31879873_77cc62"",""https://photos.encuentra24.com/t_or_fh_l/f_auto/v1/pa/31/87/98/73/31879873_9bb516"",""https://photos.encuentra24.com/t_or_fh_l/f_auto/v1/pa/31/87/98/73/31879873_4e562a"",""https://photos.encuentra24.com/t_or_fh_l/f_auto/v1/pa/31/87/98/73/31879873_369cee"",""https://photos.encuentra24.com/t_or_fh_l/f_auto/v1/pa/31/87/98/73/31879873_c0576d"",""https://photos.encuentra24.com/t_or_fh_l/f_auto/v1/pa/31/87/98/73/31879873_ea14cc"",""https://photos.encuentra24.com/t_or_fh_l/f_auto/v1/pa/31/87/98/73/31879873_17da44"",""https://photos.encuentra24.com/t_or_fh_l/f_auto/v1/pa/31/87/98/73/31879873_d5f771"",""https://photos.encuentra24.com/t_or_fh_l/f_auto/v1/pa/31/87/98/73/31879873_006d8d"",""https://photos.encuentra24.com/t_or_fh_l/f_auto/v1/pa/31/87/98/73/31879873_883d8b"",""https://photos.encuentra24.com/t_or_fh_l/f_auto/v1/pa/31/87/98/73/31879873_05b07d"",""https://photos.encuentra24.com/t_or_fh_l/f_auto/v1/pa/31/87/98/73/31879873_d40902""]",20,false,false,798,Laurent Antonio Lezcano,Laurent Antonio Lezcano,,false,basic,,0,,2026-01-18,2026-02-09T04:40:11.512Z,2026-03-11T20:39:58.246Z,2026-03-11T20:39:58.246Z,2026-03-20T06:13:35.023Z,2026-03-20T06:13:35.023Z,true,1,,,
false,inactive,53070,32079615,alquilo-apartamento-altamira-gardens-panama-norte-ciudad-de-la-salud,https://www.encuentra24.com/panama-es/bienes-raices-alquiler-apartamentos/alquilo-apartamento-altamira-gardens-panama-norte-ciudad-de-la-salud/32079615,rental,apartamentos,Apartments,ALQUILO APARTAMENTO. ALTAMIRA GARDENS. PANAMA NORTE CIUDAD DE LA SALUD.,"Detalles
            
  Para los que trabajan en la Ciudad de la Salud, Merca Panamá, en Colón, o en la zona del Canal de Panamá y están en la búsqueda de un buen lugar para vivir, esta es la mejor opción; un Conjunto Residencial muy bien ubicado, con amenidades para toda la familia y desde donde se puede dirigir a su trabajo sin perder tiempo en los tranques.

En efecto, Altamira Gardens es la comunidad residencial que se encuentra más cerca de esos lugares, ya que tiene acceso directo a la vía Centenario y también al Corredor Norte; el sueño de trasladarse sin pasar muchas horas en el tráfico, es posible.

En la Torre G, la más tranquila de Altamira Gardens, con vista a la Zona de Protección del Canal de Panamá, un apartamento de 112 metros cuadrados, con 3 recámaras, 2 baños, sala, comedor, cocina abierta, centro de lavado, balcón, depósito, 2 puestos lineales de estacionamiento techados y a un excelente precio, es una alternativa que vale la pena considerar. Se alquila con la linea blanca, aires acondicionados, lámparas, cortinas; ha tenido un excelente mantenimiento, por lo que no hay que hacer ninguna reparación. Listo para ocupar.

El apartamento se alquila por solo $920 al mes, lo que es una gran oportunidad, e incluye el gas y agua. Disponible a partir del 1 de abril.

Al lado del estadio de béisbol Rod Carew, sobre la Avenida Centenario, se encuentra el PH Altamira Gardens, que no solo por su ubicación, sino particularmente por el diseño del conjunto, lo convierten en la mejor opción para aquellas personas que están buscando vivir en la Zona de Panamá Norte, pero fuera de las áreas congestionadas.

Es de destacar, que es el Conjunto Residencial más cercano a la Ciudad de la Salud, el Mercado de Mayoristas y muy conveniente para los que trabajan en Colón o en el Canal de Panamá, por su acceso directo a la autopista.

Además de su ubicación, Altamira Gardens tiene la ventaja de ofrecer unas amplias y equipadas áreas sociales, que incluyen Casa Club con gimnasio, vestidor, sala de juegos, sala de billar y piscina para niños, así como otras áreas comunes como piscina para adultos, cancha de tenis, cancha múltiple, parque infantil y estacionamientos para visitantes; todo ello con un paisajismo de calidad, amplias caminerías y dentro de un área completamente cerrada, con control de acceso, cámaras de seguridad y vigilancia las 24 horas, todas las semanas y meses del año.

También se puede destacar su cercanía a todos los servicios: supermercados, clínicas, bancos, restaurantes, colegios y tiendas en general, así como grandes y variadas plazas comerciales entre las que se pueden destacar el Centenial y Alta Plaza Mall.

Podríamos decir, en resumen, que ofrece dos ventajas muy difíciles de conseguir: un ambiente y clima agradable por estar rodeado del Parque Metropolitano y de la Zona de Protección del Canal, pero con todos los servicios que ofrece la ciudad.",920,USD,,,,,Panama City,Las Cumbres,¡Pregunta al anunciante!,,9.040433187922048,-79.54585696044921,3,2,2,112,,,,4,,,,,,"[""https://photos.encuentra24.com/t_or_fh_l/f_auto/v1/pa/32/07/96/15/32079615_1298b3b3174d8aed694874dff530160c-5837103"",""https://photos.encuentra24.com/t_or_fh_l/f_auto/v1/pa/32/07/96/15/32079615_1298b3b3174d8aed694874dff530160c-dbfa08b"",""https://photos.encuentra24.com/t_or_fh_l/f_auto/v1/pa/32/07/96/15/32079615_1298b3b3174d8aed694874dff530160c-0012628"",""https://photos.encuentra24.com/t_or_fh_l/f_auto/v1/pa/32/07/96/15/32079615_1298b3b3174d8aed694874dff530160c-9d04e41"",""https://photos.encuentra24.com/t_or_fh_l/f_auto/v1/pa/32/07/96/15/32079615_1298b3b3174d8aed694874dff530160c-7c529d2"",""https://photos.encuentra24.com/t_or_fh_l/f_auto/v1/pa/32/07/96/15/32079615_1298b3b3174d8aed694874dff530160c-75f1321"",""https://photos.encuentra24.com/t_or_fh_l/f_auto/v1/pa/32/07/96/15/32079615_1298b3b3174d8aed694874dff530160c-c7d3de6"",""https://photos.encuentra24.com/t_or_fh_l/f_auto/v1/pa/32/07/96/15/32079615_1298b3b3174d8aed694874dff530160c-2b39415"",""https://photos.encuentra24.com/t_or_fh_l/f_auto/v1/pa/32/07/96/15/32079615_1298b3b3174d8aed694874dff530160c-2e3ade4"",""https://photos.encuentra24.com/t_or_fh_l/f_auto/v1/pa/32/07/96/15/32079615_1298b3b3174d8aed694874dff530160c-638c4a8"",""https://photos.encuentra24.com/t_or_fh_l/f_auto/v1/pa/32/07/96/15/32079615_1298b3b3174d8aed694874dff530160c-9663180"",""https://photos.encuentra24.com/t_or_fh_l/f_auto/v1/pa/32/07/96/15/32079615_1298b3b3174d8aed694874dff530160c-13f05a3"",""https://photos.encuentra24.com/t_or_fh_l/f_auto/v1/pa/32/07/96/15/32079615_1298b3b3174d8aed694874dff530160c-637c4e9"",""https://photos.encuentra24.com/t_or_fh_l/f_auto/v1/pa/32/07/96/15/32079615_1298b3b3174d8aed694874dff530160c-7886cba"",""https://photos.encuentra24.com/t_or_fh_l/f_auto/v1/pa/32/07/96/15/32079615_1298b3b3174d8aed694874dff530160c-800964b"",""https://photos.encuentra24.com/t_or_fh_l/f_auto/v1/pa/32/07/96/15/32079615_1298b3b3174d8aed694874dff530160c-d733e8d"",""https://photos.encuentra24.com/t_or_fh_l/f_auto/v1/pa/32/07/96/15/32079615_1298b3b3174d8aed694874dff530160c-74f8614"",""https://photos.encuentra24.com/t_or_fh_l/f_auto/v1/pa/32/07/96/15/32079615_1298b3b3174d8aed694874dff530160c-9ebe0e0"",""https://photos.encuentra24.com/t_or_fh_l/f_auto/v1/pa/32/07/96/15/32079615_1298b3b3174d8aed694874dff530160c-0c18ca7""]",19,false,false,,Maria Luisa Sanchez,Maria Luisa Sanchez,agent,true,basic,,0,,2026-03-05,2026-03-05T22:01:43.425Z,2026-03-12T18:31:58.891Z,2026-03-12T18:31:58.891Z,2026-03-20T07:32:53.909Z,2026-03-20T07:32:53.909Z,true,1,,,
false,inactive,22215,30153319,via-centenario-p-h-altamira-gardens,https://www.encuentra24.com/panama-es/bienes-raices-venta-de-propiedades-apartamentos/via-centenario-p-h-altamira-gardens/30153319,sale,apartamentos,Apartments,"Vía Centenario, P.H. Altamira Gardens","Detalles
            
  Apartamento de 3 recámaras, 2 baños, sala, comedor, cocina, área de lavandería, balcón, 1 estacionamiento doble fondo, área social, piscina, parque infantil, seguridad 24 horas.",149850,USD,,,,,Panama City,Ancón,¡Pregunta al anunciante!,,,,3,2,1,112,,,,4,,,,,,"[""https://photos.encuentra24.com/t_or_fh_l/f_auto/v1/pa/30/15/33/19/30153319_af7392"",""https://photos.encuentra24.com/t_or_fh_l/f_auto/v1/pa/30/15/33/19/30153319_7bf48e"",""https://photos.encuentra24.com/t_or_fh_l/f_auto/v1/pa/30/15/33/19/30153319_8f60d3"",""https://photos.encuentra24.com/t_or_fh_l/f_auto/v1/pa/30/15/33/19/30153319_973ad6"",""https://photos.encuentra24.com/t_or_fh_l/f_auto/v1/pa/30/15/33/19/30153319_458d3f"",""https://photos.encuentra24.com/t_or_fh_l/f_auto/v1/pa/30/15/33/19/30153319_475e03"",""https://photos.encuentra24.com/t_or_fh_l/f_auto/v1/pa/30/15/33/19/30153319_bce451""]",7,false,false,991,NICHOLSON BIENES RAICES,ROBERTO/EMILIA NICHOLSON,agent,true,basic,,0,,2025-02-14,2026-02-09T05:15:34.641Z,2026-03-13T16:08:30.947Z,2026-03-13T16:08:30.947Z,2026-03-20T06:17:37.528Z,2026-03-20T06:17:37.528Z,true,1,,,
false,inactive,22401,31750142,se-vende-apartamento-via-centenario,https://www.encuentra24.com/panama-es/bienes-raices-venta-de-propiedades-apartamentos/se-vende-apartamento-via-centenario/31750142,sale,apartamentos,Apartments,"Se vende apartamento, Vía Centenario","Detalles
            
  Bien reposeído en venta en PH Altamira Gardens",120700,USD,,,,,Panama City,Dorado Lake,¡Pregunta al anunciante!,,,,3,2,2,112,,,,,,,,,,"[""https://photos.encuentra24.com/t_or_fh_l/f_auto/v1/pa/31/75/01/42/31750142_daec13""]",1,false,false,177,Bac Credomatic,Bac Panamá,agent,true,basic,,3,,2025-12-15,2026-02-09T05:16:45.469Z,2026-03-17T14:02:01.288Z,2026-03-17T14:02:01.288Z,2026-03-20T06:17:53.190Z,2026-03-20T06:17:53.190Z,true,1,,,
false,inactive,49146,32057351,se-vende-oportunidad-apto-con-jardin-en-altamira-gardens-mc,https://www.encuentra24.com/panama-es/bienes-raices-venta-de-propiedades-apartamentos/se-vende-oportunidad-apto-con-jardin-en-altamira-gardens-mc/32057351,sale,apartamentos,Apartments,SE VENDE OPORTUNIDAD APTO CON JARDÍN EN ALTAMIRA GARDENS (MC),"Detalles
            
  Descubre el privilegio de vivir en un apartamento con concepto de casa, rodeado de naturaleza y total privacidad.

Este exclusivo apartamento en planta baja ofrece una amplia terraza con hermoso jardín privado, colindante con área verde de montaña, creando un ambiente natural, fresco y relajante todos los días. Además, cuenta con un balcón adicional que aporta aún más iluminación y ventilación natural.

Aquí disfrutarás lo mejor de dos mundos: la comodidad de un apartamento y la sensación de vivir en una casa, dentro de un residencial privado con garita de seguridad.

Amenidades del residencial:


 
 Dos piscinas en diferentes niveles
 
 
 Parque infantil
 
 
 Gimnasio equipado
 
 
 Cancha de tenis
 
 
 Cancha multiuso (baloncesto y fútbol)
 
 
 Múltiples estacionamientos para visitas
 
 
 Seguridad 24/7
 


Ubicado en Altamira Gardens, un residencial privado que se eleva en lo alto de una loma, rodeado de naturaleza y tranquilidad.

Su estratégica ubicación permite rápido acceso al Corredor Norte, prestigiosos colegios y universidades, diversas plazas comerciales y al reconocido Altaplaza Mall.

Una propiedad ideal para familias, amantes de la naturaleza o quienes buscan privacidad, amplitud y una excelente inversión en una de las zonas con mayor conectividad de la ciudad.

_____________________________________________

Discover the privilege of living in an apartment with a home-style concept, surrounded by nature and complete privacy.

This exclusive ground-floor apartment features a spacious terrace with a beautiful private garden, bordering a lush green mountain area, creating a fresh, serene, and relaxing atmosphere every day. It also offers an additional balcony that enhances natural light and cross ventilation.

Here, you will enjoy the best of both worlds: the comfort of an apartment with the feeling of living in a house, within a private gated community with security checkpoint.

Residential Amenities:


 
 Two swimming pools on different levels
 
 
 Children’s playground
 
 
 Fully equipped gym
 
 
 Tennis court
 
 
 Multi-use court (basketball and soccer)
 
 
 Multiple visitor parking spaces
 
 
 24/7 security
 


Located in Altamira Gardens, a private residential community perched atop a hill, surrounded by nature and tranquility.

Its strategic location provides quick access to Corredor Norte, top schools and universities, a wide variety of shopping plazas, and the renowned Altaplaza Mall.

An ideal property for families, nature lovers, or anyone seeking privacy, spacious living, and a solid investment opportunity in one of the city’s most well-connected areas.",215000,USD,,,,,Panama City,Ancón,¡Pregunta al anunciante!,,9.0425125996061,-79.54779624939,3,2,2,230,,,2017,,1,,,260,,"[""https://photos.encuentra24.com/t_or_fh_l/f_auto/v1/pa/32/05/73/51/32057351_5a64c9"",""https://photos.encuentra24.com/t_or_fh_l/f_auto/v1/pa/32/05/73/51/32057351_8f9b80"",""https://photos.encuentra24.com/t_or_fh_l/f_auto/v1/pa/32/05/73/51/32057351_47b41e"",""https://photos.encuentra24.com/t_or_fh_l/f_auto/v1/pa/32/05/73/51/32057351_405851"",""https://photos.encuentra24.com/t_or_fh_l/f_auto/v1/pa/32/05/73/51/32057351_5892ba"",""https://photos.encuentra24.com/t_or_fh_l/f_auto/v1/pa/32/05/73/51/32057351_6ea29d"",""https://photos.encuentra24.com/t_or_fh_l/f_auto/v1/pa/32/05/73/51/32057351_556de0"",""https://photos.encuentra24.com/t_or_fh_l/f_auto/v1/pa/32/05/73/51/32057351_aa368d"",""https://photos.encuentra24.com/t_or_fh_l/f_auto/v1/pa/32/05/73/51/32057351_8e9ca1"",""https://photos.encuentra24.com/t_or_fh_l/f_auto/v1/pa/32/05/73/51/32057351_4842c8"",""https://photos.encuentra24.com/t_or_fh_l/f_auto/v1/pa/32/05/73/51/32057351_9a3aa0"",""https://photos.encuentra24.com/t_or_fh_l/f_auto/v1/pa/32/05/73/51/32057351_b3d049"",""https://photos.encuentra24.com/t_or_fh_l/f_auto/v1/pa/32/05/73/51/32057351_47f1fc"",""https://photos.encuentra24.com/t_or_fh_l/f_auto/v1/pa/32/05/73/51/32057351_6f2e3f"",""https://photos.encuentra24.com/t_or_fh_l/f_auto/v1/pa/32/05/73/51/32057351_abd1cf"",""https://photos.encuentra24.com/t_or_fh_l/f_auto/v1/pa/32/05/73/51/32057351_cd6e2a"",""https://photos.encuentra24.com/t_or_fh_l/f_auto/v1/pa/32/05/73/51/32057351_09adbf"",""https://photos.encuentra24.com/t_or_fh_l/f_auto/v1/pa/32/05/73/51/32057351_ab899c"",""https://photos.encuentra24.com/t_or_fh_l/f_auto/v1/pa/32/05/73/51/32057351_fc41de"",""https://photos.encuentra24.com/t_or_fh_l/f_auto/v1/pa/32/05/73/51/32057351_9e0db6""]",20,false,false,,PREIC CORP by Grupo PREIC,Meibilin G Castellanos,agent,false,basic,,0,,2026-03-01,2026-03-01T09:01:12.882Z,2026-03-16T06:23:23.766Z,2026-03-20T16:01:09.742Z,2026-03-01T09:01:46.965Z,2026-03-20T16:43:15.536Z,true,1,,,
false,inactive,52009,32074249,venta-de-apartamento-en-ph-altamira-gardens-haga-una-oferta,https://www.encuentra24.com/panama-es/bienes-raices-venta-de-propiedades-apartamentos/venta-de-apartamento-en-ph-altamira-gardens-haga-una-oferta/32074249,sale,apartamentos,Apartments,Venta de Apartamento en PH Altamira Gardens. Haga una oferta,"Detalles
            
  ***Haga una oferta***

Magnifico Apartamento de 3 habitaciones, cuenta con una excelente ventilación cruzada lo que asegura un ambiente fresco y agradable durante todo el día. Además, dispone de 2 puestos de estacionamiento para su mayor comodidad y un depósito adicional para almacenamiento extra.

Imagínese viviendo en un lugar donde puede disfrutar los mejores atardeceres rodeado de la belleza natural y el aire puro que caracteriza a la zona. Altamira Gardens le ofrece a usted y a los suyos un estilo de vida relajante, en medio de una exuberante naturaleza tropical, convirtiéndose en un refugio perfecto para aquellos que buscan tranquilidad y bienestar.

Descripción del apartamento:
• 112 mt2
• Sala/comedor
• Cocina abierta con desayunador
• Balcón con vistas panorámicas
• 3 habitaciones
• 2 baños completos
• 2 estacionamientos
• 1 depósito
• Lavandería
• Mantenimiento: 224.00 $/mes (Incluye gas, agua y aseo).

Descripción del Edificio:
5 pisos
1 Elevador
Todos los estacionamientos en planta baja
Seguridad 24 horas
Tanque de reserva de agua
Áreas verdes
Moderna Área social con:
o Piscina de Adultos y Niños
o Área de BBQ
o Parque Infantil
o Gimnasio
o Sala de Fiestas
o Cancha de tenis
o Cancha de baloncesto
o Área verdes y zonas para hacer caminatas o correr

La ubicación es igualmente privilegiada. Muy cerca se encuentra Altaplaza Mall, uno de los centros comerciales más grandes de Panamá, que cuenta con una amplia variedad de servicios y entretenimiento. Además, la propiedad tiene un acceso conveniente a importantes vías de comunicación como el corredor norte y la autopista Panamá–Colón, lo que le permitirá desplazarse fácilmente a diferentes partes de la ciudad y sus alrededores. También se encuentra cerca de la Ciudad Hospitalaria, uno de los centros médicos más importantes del país, y Merca Panamá, el mercado más grande de productos frescos, asegurando que todas sus necesidades de salud y alimentación estén cubiertas.",120000,USD,,,,,San Miguelito,Altos de Panamá,"P.H. Altamira Gardens, Corregimiento de Ancón, Vía Centenario.",,9.041601385620773,-79.5479679107666,3,2,2,112,,,2014,1,3,Porcelanato,3,224,,"[""https://photos.encuentra24.com/t_or_fh_l/f_auto/v1/pa/32/07/42/49/32074249_e38710a4503927704af5e84679ac784b-aa595e5"",""https://photos.encuentra24.com/t_or_fh_l/f_auto/v1/pa/32/07/42/49/32074249_e38710a4503927704af5e84679ac784b-cb7be6b"",""https://photos.encuentra24.com/t_or_fh_l/f_auto/v1/pa/32/07/42/49/32074249_e38710a4503927704af5e84679ac784b-105c347"",""https://photos.encuentra24.com/t_or_fh_l/f_auto/v1/pa/32/07/42/49/32074249_e38710a4503927704af5e84679ac784b-442b8dc"",""https://photos.encuentra24.com/t_or_fh_l/f_auto/v1/pa/32/07/42/49/32074249_e38710a4503927704af5e84679ac784b-f8b8939"",""https://photos.encuentra24.com/t_or_fh_l/f_auto/v1/pa/32/07/42/49/32074249_e38710a4503927704af5e84679ac784b-8447f4d"",""https://photos.encuentra24.com/t_or_fh_l/f_auto/v1/pa/32/07/42/49/32074249_e38710a4503927704af5e84679ac784b-6cc203c"",""https://photos.encuentra24.com/t_or_fh_l/f_auto/v1/pa/32/07/42/49/32074249_e38710a4503927704af5e84679ac784b-c18efa4"",""https://photos.encuentra24.com/t_or_fh_l/f_auto/v1/pa/32/07/42/49/32074249_e38710a4503927704af5e84679ac784b-11cbcec"",""https://photos.encuentra24.com/t_or_fh_l/f_auto/v1/pa/32/07/42/49/32074249_e38710a4503927704af5e84679ac784b-1d6ec34"",""https://photos.encuentra24.com/t_or_fh_l/f_auto/v1/pa/32/07/42/49/32074249_e38710a4503927704af5e84679ac784b-e48fad7"",""https://photos.encuentra24.com/t_or_fh_l/f_auto/v1/pa/32/07/42/49/32074249_e38710a4503927704af5e84679ac784b-c502310"",""https://photos.encuentra24.com/t_or_fh_l/f_auto/v1/pa/32/07/42/49/32074249_e38710a4503927704af5e84679ac784b-b81df85"",""https://photos.encuentra24.com/t_or_fh_l/f_auto/v1/pa/32/07/42/49/32074249_e38710a4503927704af5e84679ac784b-2c5e199"",""https://photos.encuentra24.com/t_or_fh_l/f_auto/v1/pa/32/07/42/49/32074249_e38710a4503927704af5e84679ac784b-4d95375"",""https://photos.encuentra24.com/t_or_fh_l/f_auto/v1/pa/32/07/42/49/32074249_e38710a4503927704af5e84679ac784b-2acccc7"",""https://photos.encuentra24.com/t_or_fh_l/f_auto/v1/pa/32/07/42/49/32074249_e38710a4503927704af5e84679ac784b-04efcf0"",""https://photos.encuentra24.com/t_or_fh_l/f_auto/v1/pa/32/07/42/49/32074249_e38710a4503927704af5e84679ac784b-e7cc0bc"",""https://photos.encuentra24.com/t_or_fh_l/f_auto/v1/pa/32/07/42/49/32074249_e38710a4503927704af5e84679ac784b-d6e8cc8""]",19,false,false,,Laurent Antonio Lezcano,Laurent Antonio Lezcano,,false,basic,,0,,2026-03-04,2026-03-04T23:01:12.098Z,2026-03-21T23:15:00.659Z,2026-03-22T00:01:19.483Z,2026-03-04T23:02:03.178Z,2026-03-22T00:40:33.599Z,true,1,,,
false,inactive,50147,32064238,venta-de-apartamento-ph-altamira-gardens-ancon-haga-una-oferta,https://www.encuentra24.com/panama-es/bienes-raices-venta-de-propiedades-apartamentos/venta-de-apartamento-ph-altamira-gardens-ancon-haga-una-oferta/32064238,sale,apartamentos,Apartments,Venta de Apartamento PH Altamira Gardens - Ancon. Haga una oferta,"Detalles
            
  ***Haga una oferta***

Magnifico Apartamento de 3 habitaciones, cuenta con una excelente ventilación cruzada lo que asegura un ambiente fresco y agradable durante todo el día. Además, dispone de 2 puestos de estacionamiento para su mayor comodidad y un depósito adicional para almacenamiento extra.

Imagínese viviendo en un lugar donde puede disfrutar los mejores atardeceres rodeado de la belleza natural y el aire puro que caracteriza a la zona. Altamira Gardens le ofrece a usted y a los suyos un estilo de vida relajante, en medio de una exuberante naturaleza tropical, convirtiéndose en un refugio perfecto para aquellos que buscan tranquilidad y bienestar.

Descripción del apartamento:
• 112 mt2
• Vista panorámica a la montaña
• Sala/comedor
• Cocina abierta con desayunador
• Balcón
• 3 habitaciones
• 2 baños completos
• 2 estacionamientos
• 1 depósito en el mismo piso del apartamento
• Lavandería a gas
• Mantenimiento: 224.00 $/mes (Incluye gas, agua, aseo, seguridad, conserjes).

Descripción del Edificio:
5 pisos
1 Elevador
Todos los estacionamientos en planta baja
Seguridad 24 horas
Tanque de reserva de agua
Áreas verdes
Moderna Área social con:
o Piscina de Adultos y Niños
o Área de BBQ
o Parque Infantil
o Gimnasio
o Sala de Fiestas
o Cancha de tenis
o Cancha de baloncesto
o Área verdes y zonas para hacer caminatas o correr

La ubicación es igualmente privilegiada. Muy cerca se encuentra Altaplaza Mall, uno de los centros comerciales más grandes de Panamá, que cuenta con una amplia variedad de servicios y entretenimiento. Además, la propiedad tiene un acceso conveniente a importantes vías de comunicación como el corredor norte y la autopista Panamá–Colón, lo que le permitirá desplazarse fácilmente a diferentes partes de la ciudad y sus alrededores. También se encuentra cerca de la Ciudad Hospitalaria, uno de los centros médicos más importantes del país, y Merca Panamá, el mercado más grande de productos frescos, asegurando que todas sus necesidades de salud y alimentación estén cubiertas.",131950,USD,,,,,Panama City,Ancón,"P.H. Altamira Gardens, Corregimiento de Ancón, Vía Centenario.",,9.04098684465416,-79.54865455627441,3,2,2,112,,,2015,1,6,Porcelanato,3,224,,"[""https://photos.encuentra24.com/t_or_fh_l/f_auto/v1/pa/32/06/42/38/32064238_65719707f63d065d1a0d344269228e67-e476f99"",""https://photos.encuentra24.com/t_or_fh_l/f_auto/v1/pa/32/06/42/38/32064238_65719707f63d065d1a0d344269228e67-0b43885"",""https://photos.encuentra24.com/t_or_fh_l/f_auto/v1/pa/32/06/42/38/32064238_65719707f63d065d1a0d344269228e67-8cb8aec"",""https://photos.encuentra24.com/t_or_fh_l/f_auto/v1/pa/32/06/42/38/32064238_65719707f63d065d1a0d344269228e67-c10d6fa"",""https://photos.encuentra24.com/t_or_fh_l/f_auto/v1/pa/32/06/42/38/32064238_65719707f63d065d1a0d344269228e67-84e2840"",""https://photos.encuentra24.com/t_or_fh_l/f_auto/v1/pa/32/06/42/38/32064238_65719707f63d065d1a0d344269228e67-7f8e2bc"",""https://photos.encuentra24.com/t_or_fh_l/f_auto/v1/pa/32/06/42/38/32064238_65719707f63d065d1a0d344269228e67-4d6f461"",""https://photos.encuentra24.com/t_or_fh_l/f_auto/v1/pa/32/06/42/38/32064238_65719707f63d065d1a0d344269228e67-77e7b08"",""https://photos.encuentra24.com/t_or_fh_l/f_auto/v1/pa/32/06/42/38/32064238_65719707f63d065d1a0d344269228e67-5447973"",""https://photos.encuentra24.com/t_or_fh_l/f_auto/v1/pa/32/06/42/38/32064238_65719707f63d065d1a0d344269228e67-aef805a"",""https://photos.encuentra24.com/t_or_fh_l/f_auto/v1/pa/32/06/42/38/32064238_65719707f63d065d1a0d344269228e67-76fd37a"",""https://photos.encuentra24.com/t_or_fh_l/f_auto/v1/pa/32/06/42/38/32064238_65719707f63d065d1a0d344269228e67-455b2c4"",""https://photos.encuentra24.com/t_or_fh_l/f_auto/v1/pa/32/06/42/38/32064238_65719707f63d065d1a0d344269228e67-b05373b"",""https://photos.encuentra24.com/t_or_fh_l/f_auto/v1/pa/32/06/42/38/32064238_65719707f63d065d1a0d344269228e67-b122d71"",""https://photos.encuentra24.com/t_or_fh_l/f_auto/v1/pa/32/06/42/38/32064238_65719707f63d065d1a0d344269228e67-7571717"",""https://photos.encuentra24.com/t_or_fh_l/f_auto/v1/pa/32/06/42/38/32064238_65719707f63d065d1a0d344269228e67-f382fbf"",""https://photos.encuentra24.com/t_or_fh_l/f_auto/v1/pa/32/06/42/38/32064238_65719707f63d065d1a0d344269228e67-a763438"",""https://photos.encuentra24.com/t_or_fh_l/f_auto/v1/pa/32/06/42/38/32064238_65719707f63d065d1a0d344269228e67-7266191"",""https://photos.encuentra24.com/t_or_fh_l/f_auto/v1/pa/32/06/42/38/32064238_65719707f63d065d1a0d344269228e67-5ab6424""]",19,false,false,,Laurent Antonio Lezcano,Laurent Antonio Lezcano,,false,basic,,0,,2026-03-02,2026-03-03T02:01:08.567Z,2026-03-22T15:16:43.245Z,2026-03-22T17:01:13.430Z,2026-03-03T02:01:33.491Z,2026-03-22T17:42:08.123Z,true,1,,,
false,inactive,34519,31988997,se-vende-apto-en-altamira-gardens-planta-baja-con-jardin,https://www.encuentra24.com/panama-es/bienes-raices-venta-de-propiedades-apartamentos/se-vende-apto-en-altamira-gardens-planta-baja-con-jardin/31988997,sale,apartamentos,Apartments,SE VENDE Apto en ALTAMIRA GARDENS – Planta baja con jardín,"Detalles
            
  Vive rodeado de naturaleza en la ciudad. 

Este apartamento en planta baja dentro de Altamira Gardens ofrece comodidad, seguridad y un jardín privado ideal para disfrutar al aire libre. 

Perfecto para familias, parejas o profesionales que buscan tranquilidad sin perder conexión con la ciudad.

Ubicación estratégica con acceso rápido a vías principales.


EXCELENTE PRECIO !!! REBAJADO

SE VENDE APTO 3 HABITACIONES  en planta baja con jardín en PH  ALTAMIRA GARDENS   125 mts2 

A SOLO 5 MINUTOS DE ALTAPLAZA MALL. cerca de Supermercados, Colegios, Universidades, Bancos, Ferreterías entre otros

Agradable clima de montaña

Cerca de los corredores

Apto 125 mts2  en excelentes condiciones

3 Hab 
2 baños
Cocina abierta 
Desayunador
Sobres de granitos en la cocina, 
Lavandería interna, 
Terraza
Jardín

2 estacionamientos (un puesto detrás del otro)
1 depósito
 
ÁREA SOCIAL

Gimnasio completo,
Piscinas,
Salón de fiesta, 
Cancha de tenis
Cancha de multiusos,
Salón de juegos
Parque infantil

Vigilancia 24 horas

Conserjes

Estacionamientos de visitantes
Estacionamiento para discapacitados


PRECIO DE VENDE:  $ 165.000 (negociable)

NO INCLUYE MUEBLES NI LINEA BLANCA",165000,USD,,,,,Panama City,Panama City,PH ALTAMIRA GARDENS  VIA CENTENARIO a  5 min de ALTAPLAZA MALL detrás del Estadio Rod Carew,,9.043148328928044,-79.54841852188106,3,2,2,1,,,,1,,Porcelanato,,,,"[""https://photos.encuentra24.com/t_or_fh_l/f_auto/v1/pa/31/98/89/97/31988997_726f10696e8744352c46f6b9cf980578-dd65fcf"",""https://photos.encuentra24.com/t_or_fh_l/f_auto/v1/pa/31/98/89/97/31988997_726f10696e8744352c46f6b9cf980578-18a58db"",""https://photos.encuentra24.com/t_or_fh_l/f_auto/v1/pa/31/98/89/97/31988997_726f10696e8744352c46f6b9cf980578-1d11b1d"",""https://photos.encuentra24.com/t_or_fh_l/f_auto/v1/pa/31/98/89/97/31988997_726f10696e8744352c46f6b9cf980578-a85e87c"",""https://photos.encuentra24.com/t_or_fh_l/f_auto/v1/pa/31/98/89/97/31988997_726f10696e8744352c46f6b9cf980578-96261ad"",""https://photos.encuentra24.com/t_or_fh_l/f_auto/v1/pa/31/98/89/97/31988997_726f10696e8744352c46f6b9cf980578-b3cf830"",""https://photos.encuentra24.com/t_or_fh_l/f_auto/v1/pa/31/98/89/97/31988997_726f10696e8744352c46f6b9cf980578-827e981"",""https://photos.encuentra24.com/t_or_fh_l/f_auto/v1/pa/31/98/89/97/31988997_726f10696e8744352c46f6b9cf980578-0bbaf5e"",""https://photos.encuentra24.com/t_or_fh_l/f_auto/v1/pa/31/98/89/97/31988997_726f10696e8744352c46f6b9cf980578-dd7f0dd"",""https://photos.encuentra24.com/t_or_fh_l/f_auto/v1/pa/31/98/89/97/31988997_726f10696e8744352c46f6b9cf980578-1628f17"",""https://photos.encuentra24.com/t_or_fh_l/f_auto/v1/pa/31/98/89/97/31988997_726f10696e8744352c46f6b9cf980578-0c2edb3"",""https://photos.encuentra24.com/t_or_fh_l/f_auto/v1/pa/31/98/89/97/31988997_726f10696e8744352c46f6b9cf980578-1e971fb"",""https://photos.encuentra24.com/t_or_fh_l/f_auto/v1/pa/31/98/89/97/31988997_726f10696e8744352c46f6b9cf980578-efcee43"",""https://photos.encuentra24.com/t_or_fh_l/f_auto/v1/pa/31/98/89/97/31988997_726f10696e8744352c46f6b9cf980578-e7f022d"",""https://photos.encuentra24.com/t_or_fh_l/f_auto/v1/pa/31/98/89/97/31988997_726f10696e8744352c46f6b9cf980578-ec11bb3"",""https://photos.encuentra24.com/t_or_fh_l/f_auto/v1/pa/31/98/89/97/31988997_726f10696e8744352c46f6b9cf980578-95527ed"",""https://photos.encuentra24.com/t_or_fh_l/f_auto/v1/pa/31/98/89/97/31988997_726f10696e8744352c46f6b9cf980578-861b422"",""https://photos.encuentra24.com/t_or_fh_l/f_auto/v1/pa/31/98/89/97/31988997_726f10696e8744352c46f6b9cf980578-f80c24f"",""https://photos.encuentra24.com/t_or_fh_l/f_auto/v1/pa/31/98/89/97/31988997_726f10696e8744352c46f6b9cf980578-91022b6""]",19,false,false,,Invierte .pa,LIVINGWELL REALTY INC,,false,basic,,0,,2026-02-11,2026-02-12T03:01:10.470Z,2026-03-22T15:20:26.059Z,2026-03-22T17:01:13.430Z,2026-02-12T03:01:30.410Z,2026-03-22T17:42:08.123Z,true,1,,,
false,inactive,10470,31948602,oportunidad-se-vende-altamira-gardens-98-000,https://www.encuentra24.com/panama-es/bienes-raices-venta-de-propiedades-apartamentos/oportunidad-se-vende-altamira-gardens-98-000/31948602,sale,apartamentos,Apartments,"OPORTUNIDAD  SE VENDE ALTAMIRA GARDENS    $98,000","Detalles
            
  Apartamento en venta – Precio de oportunidad real 
 $98,000 | Por debajo del mercado

Excelente ubicación, cerca de vías principales de acceso 
Cerca de colegios, centros comerciales, bancos, centros deportivos

Características del apartamento:

75 m²

2 habitaciones
2 baños
Sala comedor
Balcón
Buena iluminación natural
Listo para habitar
Línea blanca incluida
Aires acondicionados

1 depósito para almacenamiento
2 puestos de estacionamiento

estacionamiento de visitantes

AMENIDADES

Piscinas
Gimnasio 
Cancha de tenis
Parque infantil
Tanque de agua de reserva

Conjunto residencial tranquilo, silencioso y familiar

Un hogar donde se respira calma, y al mismo tiempo una compra inteligente para vivir o invertir, gracias a su excelente relación precio–valor y amenidades completas.

 Ideal para primera vivienda o inversión con potencial de renta.

PRECIO DE VENTA: $ 98.000

 Agenda tu visita y aprovecha esta oportunidad",98000,USD,,,,,Panama City,Panama City,"ALTAMIRA GARDENS, cerca del estadio Rod Carew",,9.042088779434955,-79.55062866210933,2,2,2,75,,,,1,,Porcelanato,,150,,"[""https://photos.encuentra24.com/t_or_fh_l/f_auto/v1/pa/31/94/86/02/31948602_b02b5fd"",""https://photos.encuentra24.com/t_or_fh_l/f_auto/v1/pa/31/94/86/02/31948602_ad571231168fc273f3797ebba106b7b0-60a8ea3"",""https://photos.encuentra24.com/t_or_fh_l/f_auto/v1/pa/31/94/86/02/31948602_ad571231168fc273f3797ebba106b7b0-2b6d503"",""https://photos.encuentra24.com/t_or_fh_l/f_auto/v1/pa/31/94/86/02/31948602_ad571231168fc273f3797ebba106b7b0-0aaa7cf"",""https://photos.encuentra24.com/t_or_fh_l/f_auto/v1/pa/31/94/86/02/31948602_ad571231168fc273f3797ebba106b7b0-54e0ba8"",""https://photos.encuentra24.com/t_or_fh_l/f_auto/v1/pa/31/94/86/02/31948602_ad571231168fc273f3797ebba106b7b0-4dd8f7f"",""https://photos.encuentra24.com/t_or_fh_l/f_auto/v1/pa/31/94/86/02/31948602_e7871b4"",""https://photos.encuentra24.com/t_or_fh_l/f_auto/v1/pa/31/94/86/02/31948602_7924c4b"",""https://photos.encuentra24.com/t_or_fh_l/f_auto/v1/pa/31/94/86/02/31948602_336e461"",""https://photos.encuentra24.com/t_or_fh_l/f_auto/v1/pa/31/94/86/02/31948602_ad571231168fc273f3797ebba106b7b0-fd6262c"",""https://photos.encuentra24.com/t_or_fh_l/f_auto/v1/pa/31/94/86/02/31948602_9f08cda"",""https://photos.encuentra24.com/t_or_fh_l/f_auto/v1/pa/31/94/86/02/31948602_9033a58""]",12,false,false,629,Invierte .pa,LIVINGWELL REALTY INC,,false,basic,,0,,2026-02-03,2026-02-09T04:28:07.305Z,2026-03-22T15:22:21.514Z,2026-03-22T17:01:13.430Z,2026-02-10T04:44:54.133Z,2026-03-22T17:42:08.123Z,true,1,,,
false,inactive,16852,31718869,apartamento-para-inversion-amoblado-en-altamira-gardens-centenario,https://www.encuentra24.com/panama-es/bienes-raices-venta-de-propiedades-apartamentos/apartamento-para-inversion-amoblado-en-altamira-gardens-centenario/31718869,sale,apartamentos,Apartments,"Apartamento para inversión amoblado en Altamira Gardens, Centenario","Detalles
            
  Una excelente oportunidad para vivir o invertir en un área con proyección y acceso rápido al centro de la ciudad. Este apartamento en Altamira Gardens combina comodidad, precio y ubicación.

Ubicado en la zona de Centenario, cerca del Corredor Norte, Altamira Gardens se encuentra a minutos de Brisas del Golf, plazas comerciales, supermercados y universidades. Es una zona tranquila con excelente conectividad.

El edificio cuenta con piscina, gimnasio, área social, salón de eventos y seguridad 24/7. Ideal para parejas, familias jóvenes o quienes desean una inversión rentable.

Características de la propiedad:
Tamaño: 80 m²
Recámaras: 2
Baños: 2
Amoblado
Estacionamiento: 2

Precio de venta: $112,500

Contáctanos hoy y agenda tu visita.",112500,USD,,,,,Panama City,Betania,¡Pregunta al anunciante!,,9.0429571,-79.5483712,2,2,2,80,,,2011,,,,,,,"[""https://photos.encuentra24.com/t_or_fh_l/f_auto/v1/pa/31/71/88/69/31718869_b8e0bf"",""https://photos.encuentra24.com/t_or_fh_l/f_auto/v1/pa/31/71/88/69/31718869_d4619e"",""https://photos.encuentra24.com/t_or_fh_l/f_auto/v1/pa/31/71/88/69/31718869_0755ac"",""https://photos.encuentra24.com/t_or_fh_l/f_auto/v1/pa/31/71/88/69/31718869_7be5fb"",""https://photos.encuentra24.com/t_or_fh_l/f_auto/v1/pa/31/71/88/69/31718869_ecfcdf"",""https://photos.encuentra24.com/t_or_fh_l/f_auto/v1/pa/31/71/88/69/31718869_103dbb"",""https://photos.encuentra24.com/t_or_fh_l/f_auto/v1/pa/31/71/88/69/31718869_6f8375"",""https://photos.encuentra24.com/t_or_fh_l/f_auto/v1/pa/31/71/88/69/31718869_e30caf"",""https://photos.encuentra24.com/t_or_fh_l/f_auto/v1/pa/31/71/88/69/31718869_8fbefb"",""https://photos.encuentra24.com/t_or_fh_l/f_auto/v1/pa/31/71/88/69/31718869_aea9b9"",""https://photos.encuentra24.com/t_or_fh_l/f_auto/v1/pa/31/71/88/69/31718869_876d66"",""https://photos.encuentra24.com/t_or_fh_l/f_auto/v1/pa/31/71/88/69/31718869_26ab6a"",""https://photos.encuentra24.com/t_or_fh_l/f_auto/v1/pa/31/71/88/69/31718869_6bb71b"",""https://photos.encuentra24.com/t_or_fh_l/f_auto/v1/pa/31/71/88/69/31718869_a90d4e"",""https://photos.encuentra24.com/t_or_fh_l/f_auto/v1/pa/31/71/88/69/31718869_bb7975"",""https://photos.encuentra24.com/t_or_fh_l/f_auto/v1/pa/31/71/88/69/31718869_a41a72""]",16,false,false,1088,Panamigos Realty,Panamigos Realty,agent,true,basic,,2,,2025-12-07,2026-02-09T04:47:08.854Z,2026-03-26T07:08:46.696Z,2026-03-26T09:01:26.815Z,2026-02-10T04:59:57.896Z,2026-03-26T09:42:00.437Z,true,1,,,
false,inactive,65478,32169781,se-alquila-apartamento-de-tres-recamaras-con-linea-blanca,https://www.encuentra24.com/panama-es/bienes-raices-alquiler-apartamentos/se-alquila-apartamento-de-tres-recamaras-con-linea-blanca/32169781,rental,apartamentos,Apartments,Se Alquila Apartamento de Tres Recámaras Con Línea Blanca.,"Detalles
            
  Se Alquila apartamento en el PH Altamira Gardens ubicado en la vía hacia el Puente Centenario, està ubicado  cerca del Estadio Rod Carew y Merca Panamá.
El Apto consta de lo siguiente:

3 Recámaras
2 Baños
Sala / Comedor
Cocina
Lavandería
2 Estacionamientos
Balcòn
Lìnea Blanca
112 M2
Seguridad 24 / 7
Piscina, Gimnasio y Canchas deportivas
Citas: Sr Alejandro
Aires Acondicionados
Aires Acondicionados",900,USD,,,,,Panama City,Ancón,¡Pregunta al anunciante!,,9.0429576102491,-79.548375606537,3,2,2,112,,,,,,,,,,"[""https://photos.encuentra24.com/t_or_fh_l/f_auto/v1/pa/32/16/97/81/32169781_2c8cd87"",""https://photos.encuentra24.com/t_or_fh_l/f_auto/v1/pa/32/16/97/81/32169781_f9ec7f8"",""https://photos.encuentra24.com/t_or_fh_l/f_auto/v1/pa/32/16/97/81/32169781_eb8b3a3"",""https://photos.encuentra24.com/t_or_fh_l/f_auto/v1/pa/32/16/97/81/32169781_e73c53d"",""https://photos.encuentra24.com/t_or_fh_l/f_auto/v1/pa/32/16/97/81/32169781_6548aed"",""https://photos.encuentra24.com/t_or_fh_l/f_auto/v1/pa/32/16/97/81/32169781_37e4ea3"",""https://photos.encuentra24.com/t_or_fh_l/f_auto/v1/pa/32/16/97/81/32169781_582df77"",""https://photos.encuentra24.com/t_or_fh_l/f_auto/v1/pa/32/16/97/81/32169781_d550304"",""https://photos.encuentra24.com/t_or_fh_l/f_auto/v1/pa/32/16/97/81/32169781_1e0c548"",""https://photos.encuentra24.com/t_or_fh_l/f_auto/v1/pa/32/16/97/81/32169781_415b112"",""https://photos.encuentra24.com/t_or_fh_l/f_auto/v1/pa/32/16/97/81/32169781_99e1e5f"",""https://photos.encuentra24.com/t_or_fh_l/f_auto/v1/pa/32/16/97/81/32169781_aff9972"",""https://photos.encuentra24.com/t_or_fh_l/f_auto/v1/pa/32/16/97/81/32169781_fd7ee12""]",13,false,false,,Rouse Real Estate,Rosario Piloto,agent,true,basic,,0,,2026-03-20,2026-03-21T03:01:30.050Z,2026-03-26T17:05:29.324Z,2026-03-26T19:01:40.981Z,2026-03-21T03:01:41.186Z,2026-03-26T19:42:16.108Z,true,1,"
{
  ""@context"":""http://schema.org"",
  ""@type"":""Product"",
  ""description"": ""Se Alquila apartamento en el PH Altamira Gardens ubicado en la vía hacia el Puente Centenario, ..."",
  ""offers"":{
    ""@type"":""Offer"",
    ""availability"": ""http://schema.org/InStock"",
    ""availableAtOrFrom"": {
      ""@type"": ""Place"",
      ""address"": {
        ""@type"": ""PostalAddress"",
        ""addressCountry"": ""Panamá"",
        ""streetAddress"": """",
        ""addressLocality"": ""Ancón"",
        ""postalCode"": """"
      }
    },
    ""price"":900.00,
    ""priceCurrency"":""USD"",
    ""url"": ""https://www.encuentra24.com/panama-es/bienes-raices-alquiler-apartamentos/se-alquila-apartamento-de-tres-recamaras-con-linea-blanca/32169781"",
    ""seller"":{
      ""@type"":""Organization"",
      ""name"":""Agente "",
      ""address"":{
        ""addressLocality"":"""",
        ""addressRegion"":""""
      }
    }
  },
  ""image"":{
    ""@type"":""ImageObject"",
    ""contentUrl"": ""https://photos.encuentra24.com/t_or_fh_l/f_auto/v1/pa/32/16/97/81/32169781_2c8cd87""
  },
  ""name"":""Se Alquila Apartamento de Tres Recámaras Con Línea Blanca.""
}
","{""ProductId"":""32169781"",""Price"":900,""Country"":""pa"",""Region"":""Anc\u00f3n"",""ParentRegion"":""Panama City"",""Bedrooms"":""3"",""Size"":""112"",""HousingType"":""Apartments"",""SaleType"":""RENT""}","{""id"":""32169781"",""name"":""Se Alquila Apartamento de Tres Rec\u00e1maras Con L\u00ednea Blanca."",""price"":900,""pictureUrl"":""https:\/\/photos.encuentra24.com\/t_or_fw_s\/f_auto\/v1\/pa\/32\/16\/97\/81\/32169781_2c8cd87"",""url"":""https:\/\/www.encuentra24.com\/panama-es\/bienes-raices-alquiler-apartamentos\/se-alquila-apartamento-de-tres-recamaras-con-linea-blanca\/32169781"",""isAvailable"":true,""categoryPaths"":[""Bienes Ra\u00edces\/Alquiler\/Apartamentos\/Panam\u00e1 Provincia\/Ciudad de Panam\u00e1\/Anc\u00f3n""],""description"":""Se Alquila Apartamento de Tres Rec\u00e1maras Con L\u00ednea Blanca."",""vendor"":""Rouse Real Estate"",""params"":{""region"":""Anc\u00f3n"",""printablePrice"":900,""Rec\u00e1maras"":""3"",""Ba\u00f1os"":""2"",""\u00c1rea construida (m\u00b2)"":""112"",""Parking"":""2""},""stockId"":""316""}"
false,inactive,32086,31885133,apartamento-en-venta-en-ph-altamira-gardens-ancon-pd,https://www.encuentra24.com/panama-es/bienes-raices-venta-de-propiedades-apartamentos/apartamento-en-venta-en-ph-altamira-gardens-ancon-pd/31885133,sale,apartamentos,Apartments,Apartamento en venta en PH Altamira Gardens - Ancón (PD),"Detalles
            
  Apartamento en Venta – P.H. Altamira Garden, Ancón

Excelente oportunidad para quienes buscan vivir en un entorno rodeado de naturaleza, dentro de un residencial moderno, seguro y con áreas diseñadas para la comodidad familiar.

Distribución del inmueble:

• Sala y comedor espaciosa.
• Balcón con buena ventilación y vista despejada a las montañas.
• Cocina de concepto abierto.
• Lavandería.
• 3 amplias recámaras.
• Recámara principal con privado y walk-in closet.
• 2 baños.
• 1 estacionamiento.
• 1 depósito.

Amenidades del residencial:

• Ambiente tranquilo y familiar.
• Área rodeada de naturaleza.
• Parque infantil.
• Dos áreas de piscinas.
• Salón para reuniones.
• Gimnasio equipado.

Ideal para familias que desean amplitud, comodidad y un entorno residencial seguro y acogedor. ¡Contáctanos para coordinar una visita!

PJ-1010-14

________________________________________________________________________________________________________

Apartment for sale in Ancon - PH Altamira Gardens (PD)

Apartment for Sale – Altamira Gardens, Ancón

Excellent opportunity for those seeking to live in a natural setting, within a modern, secure residential community with areas designed for family comfort.

Property Layout:

• Spacious living and dining room.
• Balcony with good ventilation and unobstructed mountain views.
• Open-concept kitchen.
• Laundry room.
• 3 spacious bedrooms.
• Master bedroom with private office and walk-in closet.
• 2 bathrooms.
• 1 parking space.
• 1 storage unit.

Community Amenities:

• Tranquil and family-friendly environment.
• Area surrounded by nature.
• Playground.
• Two swimming pool areas.
• Meeting room.
• Equipped gym.

Ideal for families who desire spaciousness, comfort, and a safe and welcoming residential environment. Contact us to schedule a visit!

PJ-1010-14",149000,USD,,,,,Panama City,Ancón,¡Pregunta al anunciante!,,,,3,2,2,125,,,2011,1,,Cerámica,,250,,"[""https://photos.encuentra24.com/t_or_fh_l/f_auto/v1/pa/31/88/51/33/31885133_d30f67"",""https://photos.encuentra24.com/t_or_fh_l/f_auto/v1/pa/31/88/51/33/31885133_2f86f4"",""https://photos.encuentra24.com/t_or_fh_l/f_auto/v1/pa/31/88/51/33/31885133_6b8cc8"",""https://photos.encuentra24.com/t_or_fh_l/f_auto/v1/pa/31/88/51/33/31885133_9e7e0a"",""https://photos.encuentra24.com/t_or_fh_l/f_auto/v1/pa/31/88/51/33/31885133_45e774"",""https://photos.encuentra24.com/t_or_fh_l/f_auto/v1/pa/31/88/51/33/31885133_b831e2"",""https://photos.encuentra24.com/t_or_fh_l/f_auto/v1/pa/31/88/51/33/31885133_4650ba"",""https://photos.encuentra24.com/t_or_fh_l/f_auto/v1/pa/31/88/51/33/31885133_7ce194"",""https://photos.encuentra24.com/t_or_fh_l/f_auto/v1/pa/31/88/51/33/31885133_3fba01"",""https://photos.encuentra24.com/t_or_fh_l/f_auto/v1/pa/31/88/51/33/31885133_d8ea7c"",""https://photos.encuentra24.com/t_or_fh_l/f_auto/v1/pa/31/88/51/33/31885133_a33591"",""https://photos.encuentra24.com/t_or_fh_l/f_auto/v1/pa/31/88/51/33/31885133_5a6d31"",""https://photos.encuentra24.com/t_or_fh_l/f_auto/v1/pa/31/88/51/33/31885133_0b0e02"",""https://photos.encuentra24.com/t_or_fh_l/f_auto/v1/pa/31/88/51/33/31885133_83942f"",""https://photos.encuentra24.com/t_or_fh_l/f_auto/v1/pa/31/88/51/33/31885133_734fbb"",""https://photos.encuentra24.com/t_or_fh_l/f_auto/v1/pa/31/88/51/33/31885133_8392c2"",""https://photos.encuentra24.com/t_or_fh_l/f_auto/v1/pa/31/88/51/33/31885133_9c56bc"",""https://photos.encuentra24.com/t_or_fh_l/f_auto/v1/pa/31/88/51/33/31885133_b49e70"",""https://photos.encuentra24.com/t_or_fh_l/f_auto/v1/pa/31/88/51/33/31885133_178c15"",""https://photos.encuentra24.com/t_or_fh_l/f_auto/v1/pa/31/88/51/33/31885133_554f59""]",20,false,false,,Corporación Veral S.A,Corporación Veral Real Estate,,false,basic,,1,,2026-01-19,2026-02-10T04:04:47.294Z,2026-03-30T20:27:45.091Z,2026-03-30T22:01:11.786Z,2026-02-10T04:04:54.680Z,2026-03-30T22:44:34.500Z,true,1,,,
false,inactive,66224,32174146,oportunidad-se-vende-altamira-gardens-98-000,https://www.encuentra24.com/panama-es/bienes-raices-venta-de-propiedades-apartamentos/oportunidad-se-vende-altamira-gardens-98-000/32174146,sale,apartamentos,Apartments,"OPORTUNIDAD  SE VENDE ALTAMIRA GARDENS    $98,000","Detalles
            
  Apartamento en venta – Precio de oportunidad real 
 $98,000 | Por debajo del mercado

Excelente ubicación, cerca de vías principales de acceso 
Cerca de colegios, centros comerciales, bancos, centros deportivos

Características del apartamento:

75 m²

2 habitaciones
2 baños
Sala comedor
Balcón
Buena iluminación natural
Listo para habitar
Línea blanca incluida
Aires acondicionados

1 depósito para almacenamiento
2 puestos de estacionamiento

estacionamiento de visitantes

AMENIDADES

Piscinas
Gimnasio 
Cancha de tenis
Parque infantil
Tanque de agua de reserva

Conjunto residencial tranquilo, silencioso y familiar

Un hogar donde se respira calma, y al mismo tiempo una compra inteligente para vivir o invertir, gracias a su excelente relación precio–valor y amenidades completas.

 Ideal para primera vivienda o inversión con potencial de renta.

PRECIO DE VENTA: $ 98.000

 Agenda tu visita y aprovecha esta oportunidad",98000,USD,,,,,Panama City,Panama City,"ALTAMIRA GARDENS, cerca del estadio Rod Carew",,9.041664958764544,-79.55071449279781,2,2,2,75,,,,1,,Porcelanato,,150,,"[""https://photos.encuentra24.com/t_or_fh_l/f_auto/v1/pa/32/17/41/46/32174146_c6dd8d979444bc008bc85e694bfec33c-115afb0"",""https://photos.encuentra24.com/t_or_fh_l/f_auto/v1/pa/32/17/41/46/32174146_c6dd8d979444bc008bc85e694bfec33c-21de8ec"",""https://photos.encuentra24.com/t_or_fh_l/f_auto/v1/pa/32/17/41/46/32174146_c6dd8d979444bc008bc85e694bfec33c-07d25e9"",""https://photos.encuentra24.com/t_or_fh_l/f_auto/v1/pa/32/17/41/46/32174146_c6dd8d979444bc008bc85e694bfec33c-cd38238"",""https://photos.encuentra24.com/t_or_fh_l/f_auto/v1/pa/32/17/41/46/32174146_c6dd8d979444bc008bc85e694bfec33c-1200fa0"",""https://photos.encuentra24.com/t_or_fh_l/f_auto/v1/pa/32/17/41/46/32174146_c6dd8d979444bc008bc85e694bfec33c-7a48fd2"",""https://photos.encuentra24.com/t_or_fh_l/f_auto/v1/pa/32/17/41/46/32174146_c6dd8d979444bc008bc85e694bfec33c-227fdd8"",""https://photos.encuentra24.com/t_or_fh_l/f_auto/v1/pa/32/17/41/46/32174146_c6dd8d979444bc008bc85e694bfec33c-7ddee90"",""https://photos.encuentra24.com/t_or_fh_l/f_auto/v1/pa/32/17/41/46/32174146_c6dd8d979444bc008bc85e694bfec33c-cedb608"",""https://photos.encuentra24.com/t_or_fh_l/f_auto/v1/pa/32/17/41/46/32174146_c6dd8d979444bc008bc85e694bfec33c-4aaf1b9"",""https://photos.encuentra24.com/t_or_fh_l/f_auto/v1/pa/32/17/41/46/32174146_c6dd8d979444bc008bc85e694bfec33c-a0d2740"",""https://photos.encuentra24.com/t_or_fh_l/f_auto/v1/pa/32/17/41/46/32174146_c6dd8d979444bc008bc85e694bfec33c-c023173"",""https://photos.encuentra24.com/t_or_fh_l/f_auto/v1/pa/32/17/41/46/32174146_c6dd8d979444bc008bc85e694bfec33c-343dc4a"",""https://photos.encuentra24.com/t_or_fh_l/f_auto/v1/pa/32/17/41/46/32174146_c6dd8d979444bc008bc85e694bfec33c-3bce1b1"",""https://photos.encuentra24.com/t_or_fh_l/f_auto/v1/pa/32/17/41/46/32174146_c6dd8d979444bc008bc85e694bfec33c-e45f3e2"",""https://photos.encuentra24.com/t_or_fh_l/f_auto/v1/pa/32/17/41/46/32174146_c6dd8d979444bc008bc85e694bfec33c-e67ebda"",""https://photos.encuentra24.com/t_or_fh_l/f_auto/v1/pa/32/17/41/46/32174146_c6dd8d979444bc008bc85e694bfec33c-438f6b0"",""https://photos.encuentra24.com/t_or_fh_l/f_auto/v1/pa/32/17/41/46/32174146_c6dd8d979444bc008bc85e694bfec33c-98cf018""]",18,false,false,,Invierte .pa,Livingwell Realty,,false,basic,,0,,2026-03-22,2026-03-22T17:01:17.157Z,2026-04-01T13:11:00.374Z,2026-04-01T15:01:27.507Z,2026-03-22T17:01:29.375Z,2026-04-01T15:03:10.245Z,true,1,,"{""ProductId"":""32174146"",""Price"":98000,""Country"":""pa"",""Region"":""Panama City"",""ParentRegion"":""Panama City"",""Bedrooms"":""2"",""Size"":""75"",""HousingType"":""Apartments"",""SaleType"":""SALE""}","{""id"":""32174146"",""name"":""OPORTUNIDAD  SE VENDE ALTAMIRA GARDENS    $98,000"",""price"":98000,""pictureUrl"":""https:\/\/photos.encuentra24.com\/t_or_fw_s\/f_auto\/v1\/pa\/32\/17\/41\/46\/32174146_c6dd8d979444bc008bc85e694bfec33c-115afb0"",""url"":""https:\/\/www.encuentra24.com\/panama-es\/bienes-raices-venta-de-propiedades-apartamentos\/oportunidad-se-vende-altamira-gardens-98-000\/32174146"",""isAvailable"":true,""categoryPaths"":[""Bienes Ra\u00edces\/Venta\/Apartamentos\/Panam\u00e1 Provincia\/Ciudad de Panam\u00e1""],""description"":""OPORTUNIDAD  SE VENDE ALTAMIRA GARDENS    $98,000"",""vendor"":""Invierte .pa"",""params"":{""region"":""Ciudad de Panam\u00e1"",""printablePrice"":98000,""Rec\u00e1maras"":""2"",""Ba\u00f1os"":""2"",""\u00c1rea construida (m\u00b2)"":""75"",""Parking"":""2""},""stockId"":""316""}"
false,inactive,74030,31712521,alquilo-condado-del-rey-amoblado-3-rec-2-banos-2-parking-ph-altamira-gardens-900,https://www.encuentra24.com/panama-es/bienes-raices-alquiler-apartamentos-amueblados/alquilo-condado-del-rey-amoblado-3-rec-2-banos-2-parking-ph-altamira-gardens-900/31712521,rental,apartamentos-amueblados,Furnished Apartments & Houses,"ALQUILO, CONDADO DEL REY AMOBLADO 3 REC 2 BAÑOS 2 PARKING PH ALTAMIRA GARDENS $900","Detalles
            
  Condado del Rey es una urbanización ubicada en Ciudad de Panamá, conocida por ser una zona residencial en crecimiento con una importante actividad comercial.

EL APARTAMENTO:

125 mts.
Amplia Sala Comedor
Cocina abierta
3 habitaciones
2 baños
2 estacionamientos
Balcón

AMENIDADES DEL EDIFICIO:
Piscina
Gimnasio
Cancha de Tenis

Vista a la montaña, zona tranquila, lejos del ruido.

Para citas contactanos Marta Tuñon Bienes Raices!!
6673
4905",900,USD,,,,,San Miguelito,Condado del Rey,PH ALTAMIRA GARDENS,,9.034332782216753,-79.52249765396114,3,2,2,125,,,,,,,,1,,"[""https://photos.encuentra24.com/t_or_fh_l/f_auto/v1/pa/31/71/25/21/31712521_d885f5"",""https://photos.encuentra24.com/t_or_fh_l/f_auto/v1/pa/31/71/25/21/31712521_45c796"",""https://photos.encuentra24.com/t_or_fh_l/f_auto/v1/pa/31/71/25/21/31712521_759f4e"",""https://photos.encuentra24.com/t_or_fh_l/f_auto/v1/pa/31/71/25/21/31712521_38a8ee"",""https://photos.encuentra24.com/t_or_fh_l/f_auto/v1/pa/31/71/25/21/31712521_cde0e2"",""https://photos.encuentra24.com/t_or_fh_l/f_auto/v1/pa/31/71/25/21/31712521_b9b46a"",""https://photos.encuentra24.com/t_or_fh_l/f_auto/v1/pa/31/71/25/21/31712521_ee8beb"",""https://photos.encuentra24.com/t_or_fh_l/f_auto/v1/pa/31/71/25/21/31712521_022d43"",""https://photos.encuentra24.com/t_or_fh_l/f_auto/v1/pa/31/71/25/21/31712521_cb9cb3"",""https://photos.encuentra24.com/t_or_fh_l/f_auto/v1/pa/31/71/25/21/31712521_951c0a"",""https://photos.encuentra24.com/t_or_fh_l/f_auto/v1/pa/31/71/25/21/31712521_87b2b5"",""https://photos.encuentra24.com/t_or_fh_l/f_auto/v1/pa/31/71/25/21/31712521_393613"",""https://photos.encuentra24.com/t_or_fh_l/f_auto/v1/pa/31/71/25/21/31712521_f6c549"",""https://photos.encuentra24.com/t_or_fh_l/f_auto/v1/pa/31/71/25/21/31712521_ab18a1""]",14,false,false,,Marta Tuñon Bienes Raices,Marta Tunon,agent,false,basic,,0,,2025-12-05,2026-03-31T23:07:36.214Z,2026-04-01T13:07:16.641Z,2026-04-01T15:01:27.507Z,2026-03-31T23:07:41.173Z,2026-04-01T15:03:10.245Z,true,1,"
{
  ""@context"":""http://schema.org"",
  ""@type"":""Product"",
  ""description"": ""Condado del Rey es una urbanización ubicada en Ciudad de Panamá, conocida por ser una zona ..."",
  ""offers"":{
    ""@type"":""Offer"",
    ""availability"": ""http://schema.org/InStock"",
    ""availableAtOrFrom"": {
      ""@type"": ""Place"",
      ""address"": {
        ""@type"": ""PostalAddress"",
        ""addressCountry"": ""Panamá"",
        ""streetAddress"": ""PH ALTAMIRA GARDENS"",
        ""addressLocality"": ""Condado del Rey"",
        ""postalCode"": """"
      }
    },
    ""price"":900.00,
    ""priceCurrency"":""USD"",
    ""url"": ""https://www.encuentra24.com/panama-es/bienes-raices-alquiler-apartamentos-amueblados/alquilo-condado-del-rey-amoblado-3-rec-2-banos-2-parking-ph-altamira-gardens-900/31712521"",
    ""seller"":{
      ""@type"":""Organization"",
      ""name"":""Agente Marta Tuñon Bienes Raices"",
      ""address"":{
        ""addressLocality"":""PANAMA"",
        ""addressRegion"":""PANAMA""
      }
    }
  },
  ""image"":{
    ""@type"":""ImageObject"",
    ""contentUrl"": ""https://photos.encuentra24.com/t_or_fh_l/f_auto/v1/pa/31/71/25/21/31712521_d885f5""
  },
  ""name"":""ALQUILO, CONDADO DEL REY AMOBLADO 3 REC 2 BAÑOS 2 PARKING PH ALTAMIRA GARDENS $900""
}
","{""ProductId"":""31712521"",""Price"":900,""Country"":""pa"",""Region"":""Condado del Rey"",""ParentRegion"":""San Miguelito"",""Bedrooms"":""3"",""Size"":""125"",""HousingType"":""Furnished Apartments & Houses"",""SaleType"":""RENT""}","{""id"":""31712521"",""name"":""ALQUILO, CONDADO DEL REY AMOBLADO 3 REC 2 BA\u00d1OS 2 PARKING PH ALTAMIRA GARDENS $900"",""price"":900,""pictureUrl"":""https:\/\/photos.encuentra24.com\/t_or_fw_s\/f_auto\/v1\/pa\/31\/71\/25\/21\/31712521_d885f5"",""url"":""https:\/\/www.encuentra24.com\/panama-es\/bienes-raices-alquiler-apartamentos-amueblados\/alquilo-condado-del-rey-amoblado-3-rec-2-banos-2-parking-ph-altamira-gardens-900\/31712521"",""isAvailable"":true,""categoryPaths"":[""Bienes Ra\u00edces\/Alquiler\/Alquileres Amueblados\/Panam\u00e1 Provincia\/San Miguelito\/Amelia Denis de Icaza\/Condado del Rey""],""description"":""ALQUILO, CONDADO DEL REY AMOBLADO 3 REC 2 BA\u00d1OS 2 PARKING PH ALTAMIRA GARDENS $900"",""vendor"":""Marta Tu\u00f1on Bienes Raices"",""params"":{""region"":""Condado del Rey"",""printablePrice"":900,""Rec\u00e1maras"":""3"",""Ba\u00f1os"":""2"",""\u00c1rea construida (m\u00b2)"":""125"",""Parking"":""2""},""stockId"":""316""}"
false,inactive,58093,32110669,venta-apartamento-ph-altamira-gardens-3-habitaciones-haga-una-oferta,https://www.encuentra24.com/panama-es/bienes-raices-venta-de-propiedades-apartamentos/venta-apartamento-ph-altamira-gardens-3-habitaciones-haga-una-oferta/32110669,sale,apartamentos,Apartments,Venta Apartamento PH Altamira Gardens. 3 habitaciones. Haga una oferta,"Detalles
            
  ***Haga una oferta***

***Financiamiento con tasa de interés especial desde 4.50% garantizada por 18 meses, abono inicial desde 3%***

Magnifico Apartamento de 3 habitaciones, cuenta con una excelente ventilación cruzada lo que asegura un ambiente fresco y agradable durante todo el día. Además, dispone de 2 puestos de estacionamiento para su mayor comodidad y un depósito adicional para almacenamiento extra.

Imagínese viviendo en un lugar donde puede disfrutar los mejores atardeceres rodeado de la belleza natural y el aire puro que caracteriza a la zona. Altamira Gardens le ofrece a usted y a los suyos un estilo de vida relajante, en medio de una exuberante naturaleza tropical, convirtiéndose en un refugio perfecto para aquellos que buscan tranquilidad y bienestar.

La ubicación es igualmente privilegiada. Muy cerca se encuentra Altaplaza Mall, uno de los centros comerciales más grandes de Panamá, que cuenta con una amplia variedad de servicios y entretenimiento. Además, la propiedad tiene un acceso conveniente a importantes vías de comunicación como el corredor norte y la autopista Panamá–Colón, lo que le permitirá desplazarse fácilmente a diferentes partes de la ciudad y sus alrededores. También se encuentra cerca de la Ciudad Hospitalaria, uno de los centros médicos más importantes del país, y Merca Panamá, el mercado más grande de productos frescos, asegurando que todas sus necesidades de salud y alimentación estén cubiertas.

En resumen, este apartamento en Altamira Gardens combina la comodidad de una ubicación estratégica con la tranquilidad de un entorno natural, brindándole un estilo de vida equilibrado y saludable.

Descripción del apartamento:
• 112 mt2
• Vista panorámica a la montaña
• Sala/comedor
• Cocina abierta con desayunador
• Balcón
• 3 habitaciones
• 2 baños completos
• 2 estacionamientos
• 1 depósito
• Lavandería
• Mantenimiento: 224.00 $/mes (Incluye gas, agua y aseo).

Descripción del Edificio:
5 pisos
1 Elevador
Todos los estacionamientos en planta baja
Seguridad 24 horas
Tanque de reserva de agua
Áreas verdes
Moderna Área social con:
o Piscina de Adultos y Niños
o Área de BBQ
o Parque Infantil
o Gimnasio
o Sala de Fiestas
o Cancha de tenis
o Cancha de baloncesto
o Área verdes y zonas para hacer caminatas o correr",149000,USD,,,,,San Miguelito,Altos de Panamá,"P.H. Altamira Gardens, Corregimiento de Ancón, Vía Centenario.",,9.041347092934108,-79.54865455627441,3,2,2,112,,,2015,1,5,Porcelanato,3,224,,"[""https://photos.encuentra24.com/t_or_fh_l/f_auto/v1/pa/32/11/06/69/32110669_5783e382443917eab4794ca52fa872d7-d31fd5e"",""https://photos.encuentra24.com/t_or_fh_l/f_auto/v1/pa/32/11/06/69/32110669_5783e382443917eab4794ca52fa872d7-773f2c3"",""https://photos.encuentra24.com/t_or_fh_l/f_auto/v1/pa/32/11/06/69/32110669_5783e382443917eab4794ca52fa872d7-b9d665b"",""https://photos.encuentra24.com/t_or_fh_l/f_auto/v1/pa/32/11/06/69/32110669_5783e382443917eab4794ca52fa872d7-b6ca1d4"",""https://photos.encuentra24.com/t_or_fh_l/f_auto/v1/pa/32/11/06/69/32110669_5783e382443917eab4794ca52fa872d7-9509edb"",""https://photos.encuentra24.com/t_or_fh_l/f_auto/v1/pa/32/11/06/69/32110669_5783e382443917eab4794ca52fa872d7-c788413"",""https://photos.encuentra24.com/t_or_fh_l/f_auto/v1/pa/32/11/06/69/32110669_5783e382443917eab4794ca52fa872d7-44e4e15"",""https://photos.encuentra24.com/t_or_fh_l/f_auto/v1/pa/32/11/06/69/32110669_5783e382443917eab4794ca52fa872d7-59f681e"",""https://photos.encuentra24.com/t_or_fh_l/f_auto/v1/pa/32/11/06/69/32110669_5783e382443917eab4794ca52fa872d7-1ffabf6"",""https://photos.encuentra24.com/t_or_fh_l/f_auto/v1/pa/32/11/06/69/32110669_5783e382443917eab4794ca52fa872d7-9754a3f"",""https://photos.encuentra24.com/t_or_fh_l/f_auto/v1/pa/32/11/06/69/32110669_5783e382443917eab4794ca52fa872d7-88c95ac"",""https://photos.encuentra24.com/t_or_fh_l/f_auto/v1/pa/32/11/06/69/32110669_5783e382443917eab4794ca52fa872d7-98900ab"",""https://photos.encuentra24.com/t_or_fh_l/f_auto/v1/pa/32/11/06/69/32110669_5783e382443917eab4794ca52fa872d7-ee21251"",""https://photos.encuentra24.com/t_or_fh_l/f_auto/v1/pa/32/11/06/69/32110669_5783e382443917eab4794ca52fa872d7-74fd5c6"",""https://photos.encuentra24.com/t_or_fh_l/f_auto/v1/pa/32/11/06/69/32110669_5783e382443917eab4794ca52fa872d7-e46d856"",""https://photos.encuentra24.com/t_or_fh_l/f_auto/v1/pa/32/11/06/69/32110669_5783e382443917eab4794ca52fa872d7-d0be287"",""https://photos.encuentra24.com/t_or_fh_l/f_auto/v1/pa/32/11/06/69/32110669_5783e382443917eab4794ca52fa872d7-1d34a30"",""https://photos.encuentra24.com/t_or_fh_l/f_auto/v1/pa/32/11/06/69/32110669_5783e382443917eab4794ca52fa872d7-7f30541"",""https://photos.encuentra24.com/t_or_fh_l/f_auto/v1/pa/32/11/06/69/32110669_5783e382443917eab4794ca52fa872d7-95db7ec""]",19,false,false,,Laurent Antonio Lezcano,Laurent Antonio Lezcano,,false,basic,,0,,2026-03-11,2026-03-12T02:01:11.324Z,2026-04-05T17:19:11.590Z,2026-04-05T19:01:23.894Z,2026-03-12T02:03:27.973Z,2026-04-05T19:44:51.596Z,true,1,,,
false,inactive,52462,32075554,alquiler-de-apartamento-en-centennial-ph-altamira-gardens-linea-blanca,https://www.encuentra24.com/panama-es/bienes-raices-alquiler-apartamentos/alquiler-de-apartamento-en-centennial-ph-altamira-gardens-linea-blanca/32075554,rental,apartamentos,Apartments,ALQUILER DE APARTAMENTO EN CENTENNIAL PH ALTAMIRA GARDENS LINEA BLANCA,"Detalles
            
  Se ALQUILA amplio y cómodo apartamento en Ancón, PH ALTAMIRA GARDENS, con vista a la montaña, zona tranquila, lejos del ruido CON LINEA BLANCA

Cuenta con:


 112 m2
 3 Habitaciones
 2 Baños
 2 Estacionamientos 
 Sala - Comedor
 Cocina 
 Área de lavado 
 Deposito
 Balcón
 Aires Acondicionados, lamparas y cortinas
 Linea Blanca


Amenidades:


 Área social 
 Piscina
 Terraza
 Gimnasio
 Cancha de Tenis
 Seguridad 24 horas 
 estacionamientos de visitas
 Cerca de restaurantes, farmacias, supermercados, parques, entre otros.


PRECIO DE ALQUILER: 900.00 (incluye el mantenimiento, gas y agua)

Para mas información llame o escriba con gusto le atenderemos.

Galceb Group, Bienes Raíces",900,USD,,,,,Panama City,Ancón,¡Pregunta al anunciante!,,,,3,2,2,112,,,,,3,,,,,"[""https://photos.encuentra24.com/t_or_fh_l/f_auto/v1/pa/32/07/55/54/32075554_a1068d"",""https://photos.encuentra24.com/t_or_fh_l/f_auto/v1/pa/32/07/55/54/32075554_f00865"",""https://photos.encuentra24.com/t_or_fh_l/f_auto/v1/pa/32/07/55/54/32075554_5362ff"",""https://photos.encuentra24.com/t_or_fh_l/f_auto/v1/pa/32/07/55/54/32075554_34b583"",""https://photos.encuentra24.com/t_or_fh_l/f_auto/v1/pa/32/07/55/54/32075554_cc580a"",""https://photos.encuentra24.com/t_or_fh_l/f_auto/v1/pa/32/07/55/54/32075554_6df4c2"",""https://photos.encuentra24.com/t_or_fh_l/f_auto/v1/pa/32/07/55/54/32075554_792ecb"",""https://photos.encuentra24.com/t_or_fh_l/f_auto/v1/pa/32/07/55/54/32075554_20ae05"",""https://photos.encuentra24.com/t_or_fh_l/f_auto/v1/pa/32/07/55/54/32075554_aeec3d"",""https://photos.encuentra24.com/t_or_fh_l/f_auto/v1/pa/32/07/55/54/32075554_bc69be"",""https://photos.encuentra24.com/t_or_fh_l/f_auto/v1/pa/32/07/55/54/32075554_771bd8"",""https://photos.encuentra24.com/t_or_fh_l/f_auto/v1/pa/32/07/55/54/32075554_e1b30f"",""https://photos.encuentra24.com/t_or_fh_l/f_auto/v1/pa/32/07/55/54/32075554_08e7db"",""https://photos.encuentra24.com/t_or_fh_l/f_auto/v1/pa/32/07/55/54/32075554_e53a8b"",""https://photos.encuentra24.com/t_or_fh_l/f_auto/v1/pa/32/07/55/54/32075554_3f61b1"",""https://photos.encuentra24.com/t_or_fh_l/f_auto/v1/pa/32/07/55/54/32075554_213188"",""https://photos.encuentra24.com/t_or_fh_l/f_auto/v1/pa/32/07/55/54/32075554_501863"",""https://photos.encuentra24.com/t_or_fh_l/f_auto/v1/pa/32/07/55/54/32075554_af3447"",""https://photos.encuentra24.com/t_or_fh_l/f_auto/v1/pa/32/07/55/54/32075554_0fc029"",""https://photos.encuentra24.com/t_or_fh_l/f_auto/v1/pa/32/07/55/54/32075554_8ebf9d""]",20,false,false,,GALCEB GROUP bienes raíces.,GALCEB GROUP.,agent,true,basic,,0,,2026-03-05,2026-03-05T10:01:35.334Z,2026-04-06T07:10:41.532Z,2026-04-06T08:01:23.971Z,2026-03-05T10:02:47.463Z,2026-04-06T08:46:59.699Z,true,1,,,
false,inactive,52460,32075558,centennial-altamira-gardens-3-habitacion-112m-linea-blanca,https://www.encuentra24.com/panama-es/bienes-raices-alquiler-apartamentos/centennial-altamira-gardens-3-habitacion-112m-linea-blanca/32075558,rental,apartamentos,Apartments,CENTENNIAL / ALTAMIRA GARDENS / 3 HABITACION / 112M / LINEA BLANCA,"Detalles
            
  Se ALQUILA amplio y cómodo apartamento en Ancón, PH ALTAMIRA GARDENS, con vista a la montaña, zona tranquila, lejos del ruido CON LINEA BLANCA

Cuenta con:


 112 m2
 3 Habitaciones
 2 Baños
 2 Estacionamientos 
 Sala - Comedor
 Cocina 
 Área de lavado 
 Deposito
 Balcón
 Linea Blanca


Amenidades:


 Área social 
 Piscina
 Terraza
 Gimnasio
 Cancha de Tenis
 Seguridad 24 horas 
 estacionamientos de visitas
 Cerca de restaurantes, farmacias, supermercados, parques, entre otros.


PRECIO DE ALQUILER: 900.00 (incluye el mantenimiento, gas y agua)

Para mas información llame o escriba con gusto le atenderemos.

Galceb Group, Bienes Raíces",900,USD,,,,,Panama City,Ancón,¡Pregunta al anunciante!,,,,3,2,2,112,,,,,3,,,,,"[""https://photos.encuentra24.com/t_or_fh_l/f_auto/v1/pa/32/07/55/58/32075558_9b2d33"",""https://photos.encuentra24.com/t_or_fh_l/f_auto/v1/pa/32/07/55/58/32075558_5f3f27"",""https://photos.encuentra24.com/t_or_fh_l/f_auto/v1/pa/32/07/55/58/32075558_173670"",""https://photos.encuentra24.com/t_or_fh_l/f_auto/v1/pa/32/07/55/58/32075558_6ab4e1"",""https://photos.encuentra24.com/t_or_fh_l/f_auto/v1/pa/32/07/55/58/32075558_75321e"",""https://photos.encuentra24.com/t_or_fh_l/f_auto/v1/pa/32/07/55/58/32075558_22ed15"",""https://photos.encuentra24.com/t_or_fh_l/f_auto/v1/pa/32/07/55/58/32075558_b5d778"",""https://photos.encuentra24.com/t_or_fh_l/f_auto/v1/pa/32/07/55/58/32075558_7f9075"",""https://photos.encuentra24.com/t_or_fh_l/f_auto/v1/pa/32/07/55/58/32075558_208dd0"",""https://photos.encuentra24.com/t_or_fh_l/f_auto/v1/pa/32/07/55/58/32075558_ea87ba"",""https://photos.encuentra24.com/t_or_fh_l/f_auto/v1/pa/32/07/55/58/32075558_b6606b"",""https://photos.encuentra24.com/t_or_fh_l/f_auto/v1/pa/32/07/55/58/32075558_c5148e"",""https://photos.encuentra24.com/t_or_fh_l/f_auto/v1/pa/32/07/55/58/32075558_bc7d8c"",""https://photos.encuentra24.com/t_or_fh_l/f_auto/v1/pa/32/07/55/58/32075558_0ac69c"",""https://photos.encuentra24.com/t_or_fh_l/f_auto/v1/pa/32/07/55/58/32075558_92e2a4"",""https://photos.encuentra24.com/t_or_fh_l/f_auto/v1/pa/32/07/55/58/32075558_d13205"",""https://photos.encuentra24.com/t_or_fh_l/f_auto/v1/pa/32/07/55/58/32075558_5a420a"",""https://photos.encuentra24.com/t_or_fh_l/f_auto/v1/pa/32/07/55/58/32075558_2cf49b"",""https://photos.encuentra24.com/t_or_fh_l/f_auto/v1/pa/32/07/55/58/32075558_a81648"",""https://photos.encuentra24.com/t_or_fh_l/f_auto/v1/pa/32/07/55/58/32075558_bce6c1""]",20,false,false,,GALCEB GROUP bienes raíces.,GALCEB GROUP.,agent,true,basic,,0,,2026-03-05,2026-03-05T10:01:35.334Z,2026-04-06T07:10:41.532Z,2026-04-06T08:01:23.971Z,2026-03-05T10:02:47.196Z,2026-04-06T08:46:59.699Z,true,1,,,
false,inactive,58716,32117806,apartamento-en-venta-en-altos-de-panama-jg,https://www.encuentra24.com/panama-es/bienes-raices-venta-de-propiedades-apartamentos/apartamento-en-venta-en-altos-de-panama-jg/32117806,sale,apartamentos,Apartments,Apartamento en Venta en Altos de Panama JG,"Detalles
            
  RAH265781
Este amplio y encantador apartamento en Altamira Gardens es la oportunidad que estabas esperando para vivir en uno de los desarrollos residenciales rodeado de hermosa naturaleza. Con su ubicación privilegiada y comodidades excepcionales, esta propiedad es perfecta para aquellos que buscan comodidad y relajante estilo de vida.",110000,USD,,,,,San Miguelito,Altos de Panamá,Altos de Panama,,,,3,2,2,125,,,2011,1,,Porcelanato,3,1,,"[""https://photos.encuentra24.com/t_or_fh_l/f_auto/v1/pa/32/11/78/06/32117806_723e2ff682bcb5055c07366e42532ff2-072ccfa"",""https://photos.encuentra24.com/t_or_fh_l/f_auto/v1/pa/32/11/78/06/32117806_723e2ff682bcb5055c07366e42532ff2-eb61180"",""https://photos.encuentra24.com/t_or_fh_l/f_auto/v1/pa/32/11/78/06/32117806_723e2ff682bcb5055c07366e42532ff2-1bd1c86"",""https://photos.encuentra24.com/t_or_fh_l/f_auto/v1/pa/32/11/78/06/32117806_723e2ff682bcb5055c07366e42532ff2-84f4f3a"",""https://photos.encuentra24.com/t_or_fh_l/f_auto/v1/pa/32/11/78/06/32117806_723e2ff682bcb5055c07366e42532ff2-fd8d9a9"",""https://photos.encuentra24.com/t_or_fh_l/f_auto/v1/pa/32/11/78/06/32117806_723e2ff682bcb5055c07366e42532ff2-881c88d"",""https://photos.encuentra24.com/t_or_fh_l/f_auto/v1/pa/32/11/78/06/32117806_723e2ff682bcb5055c07366e42532ff2-0ca7b72"",""https://photos.encuentra24.com/t_or_fh_l/f_auto/v1/pa/32/11/78/06/32117806_723e2ff682bcb5055c07366e42532ff2-ecedc5d"",""https://photos.encuentra24.com/t_or_fh_l/f_auto/v1/pa/32/11/78/06/32117806_723e2ff682bcb5055c07366e42532ff2-1289777"",""https://photos.encuentra24.com/t_or_fh_l/f_auto/v1/pa/32/11/78/06/32117806_723e2ff682bcb5055c07366e42532ff2-9f0a4a8"",""https://photos.encuentra24.com/t_or_fh_l/f_auto/v1/pa/32/11/78/06/32117806_723e2ff682bcb5055c07366e42532ff2-87817e7"",""https://photos.encuentra24.com/t_or_fh_l/f_auto/v1/pa/32/11/78/06/32117806_723e2ff682bcb5055c07366e42532ff2-9a08082"",""https://photos.encuentra24.com/t_or_fh_l/f_auto/v1/pa/32/11/78/06/32117806_723e2ff682bcb5055c07366e42532ff2-bdf3a5f"",""https://img.youtube.com/vi/iIrK7GPvISQ/mqdefault.jpg""]",14,true,false,,"Real Business Brokers Panama, S. A",Brokers De Panamá Rent-A-House®,,false,basic,,0,,2026-03-12,2026-03-12T20:01:21.326Z,2026-04-06T17:20:16.029Z,2026-04-06T19:01:27.780Z,2026-03-12T20:03:40.355Z,2026-04-06T19:01:34.240Z,true,1,,,
false,inactive,34514,31989042,ph-altamira-gardens-centenario-128m2,https://www.encuentra24.com/panama-es/bienes-raices-venta-de-propiedades-apartamentos/ph-altamira-gardens-centenario-128m2/31989042,sale,apartamentos,Apartments,PH ALTAMIRA GARDENS - CENTENARIO - 128m2,"Detalles
            
  Vendo apartamento en PH ALTAMIRA GARDENS, ubicado en CENTENARIO, un complejo ideal para toda la familia.

El apartamento cuenta con:
128m2
3 recámaras
2 baños
2 estacionamientos
sala comedor, cocina abierta, lavandería, terraza 

El complejo cuenta con area social, piscina, seguridad 24 horas.

Mantenimiento $250
Precio de venta B/. 185.500",185500,USD,,,,,Panama City,Ancón,VIA CENTENARIO,,9.04158019457033,-79.5476245880127,3,2,2,128,,,2011,1,1,Cerámica,,250,,"[""https://photos.encuentra24.com/t_or_fh_l/f_auto/v1/pa/31/98/90/42/31989042_d9b1b6f4f22199b2da99a6a89c3de03e-8abc257"",""https://photos.encuentra24.com/t_or_fh_l/f_auto/v1/pa/31/98/90/42/31989042_d9b1b6f4f22199b2da99a6a89c3de03e-481f9cf"",""https://photos.encuentra24.com/t_or_fh_l/f_auto/v1/pa/31/98/90/42/31989042_d9b1b6f4f22199b2da99a6a89c3de03e-cd129cd"",""https://photos.encuentra24.com/t_or_fh_l/f_auto/v1/pa/31/98/90/42/31989042_d9b1b6f4f22199b2da99a6a89c3de03e-68310fb"",""https://photos.encuentra24.com/t_or_fh_l/f_auto/v1/pa/31/98/90/42/31989042_d9b1b6f4f22199b2da99a6a89c3de03e-65940a3"",""https://photos.encuentra24.com/t_or_fh_l/f_auto/v1/pa/31/98/90/42/31989042_d9b1b6f4f22199b2da99a6a89c3de03e-775ddee"",""https://photos.encuentra24.com/t_or_fh_l/f_auto/v1/pa/31/98/90/42/31989042_d9b1b6f4f22199b2da99a6a89c3de03e-c76330b"",""https://photos.encuentra24.com/t_or_fh_l/f_auto/v1/pa/31/98/90/42/31989042_d9b1b6f4f22199b2da99a6a89c3de03e-3da6339"",""https://photos.encuentra24.com/t_or_fh_l/f_auto/v1/pa/31/98/90/42/31989042_d9b1b6f4f22199b2da99a6a89c3de03e-b3f4844"",""https://photos.encuentra24.com/t_or_fh_l/f_auto/v1/pa/31/98/90/42/31989042_d9b1b6f4f22199b2da99a6a89c3de03e-66a12b7"",""https://photos.encuentra24.com/t_or_fh_l/f_auto/v1/pa/31/98/90/42/31989042_d9b1b6f4f22199b2da99a6a89c3de03e-6431db3"",""https://photos.encuentra24.com/t_or_fh_l/f_auto/v1/pa/31/98/90/42/31989042_d9b1b6f4f22199b2da99a6a89c3de03e-cb54fb9"",""https://photos.encuentra24.com/t_or_fh_l/f_auto/v1/pa/31/98/90/42/31989042_d9b1b6f4f22199b2da99a6a89c3de03e-4ae5cc5"",""https://photos.encuentra24.com/t_or_fh_l/f_auto/v1/pa/31/98/90/42/31989042_d9b1b6f4f22199b2da99a6a89c3de03e-66c3b03"",""https://photos.encuentra24.com/t_or_fh_l/f_auto/v1/pa/31/98/90/42/31989042_d9b1b6f4f22199b2da99a6a89c3de03e-08d883b"",""https://photos.encuentra24.com/t_or_fh_l/f_auto/v1/pa/31/98/90/42/31989042_d9b1b6f4f22199b2da99a6a89c3de03e-0253cd7"",""https://photos.encuentra24.com/t_or_fh_l/f_auto/v1/pa/31/98/90/42/31989042_d9b1b6f4f22199b2da99a6a89c3de03e-2a8a85f"",""https://photos.encuentra24.com/t_or_fh_l/f_auto/v1/pa/31/98/90/42/31989042_d9b1b6f4f22199b2da99a6a89c3de03e-9d3ef55""]",18,false,false,,ANGEL PROPERTIES,Michel Visval,agent,true,basic,,0,,2026-02-11,2026-02-12T03:01:10.470Z,2026-04-06T17:26:47.784Z,2026-04-06T19:01:27.780Z,2026-02-12T03:01:28.935Z,2026-04-06T19:01:34.240Z,true,1,,,
false,inactive,34509,31989074,apartamento-en-venta-en-ph-altamira-gardens-centenario-128m2,https://www.encuentra24.com/panama-es/bienes-raices-venta-de-propiedades-apartamentos/apartamento-en-venta-en-ph-altamira-gardens-centenario-128m2/31989074,sale,apartamentos,Apartments,APARTAMENTO EN VENTA EN PH ALTAMIRA GARDENS - CENTENARIO - 128m2,"Detalles
            
  Vendo apartamento en PH ALTAMIRA GARDENS, ubicado en CENTENARIO, un complejo ideal para toda la familia.

El apartamento cuenta con:
128m2
3 recámaras
2 baños
1 estacionamiento
sala comedor, cocina abierta, lavandería, balcón, deposito

El complejo cuenta con area social, piscina, seguridad 24 horas.

Mantenimiento $224
Precio de venta B/. 185.400",185400,USD,,,,,Panama City,Ancón,CENTENARIO,,9.0415801945703,-79.547624588013,3,2,1,128,,,2011,1,1,Cerámica,3,224,,"[""https://photos.encuentra24.com/t_or_fh_l/f_auto/v1/pa/31/98/90/74/31989074_f50ff96e515e6990dbdc279c6fe29ddd-19027fa"",""https://photos.encuentra24.com/t_or_fh_l/f_auto/v1/pa/31/98/90/74/31989074_f50ff96e515e6990dbdc279c6fe29ddd-8f1a62f"",""https://photos.encuentra24.com/t_or_fh_l/f_auto/v1/pa/31/98/90/74/31989074_f50ff96e515e6990dbdc279c6fe29ddd-f22a0b7"",""https://photos.encuentra24.com/t_or_fh_l/f_auto/v1/pa/31/98/90/74/31989074_f50ff96e515e6990dbdc279c6fe29ddd-13c1c6f"",""https://photos.encuentra24.com/t_or_fh_l/f_auto/v1/pa/31/98/90/74/31989074_f50ff96e515e6990dbdc279c6fe29ddd-0a9e535"",""https://photos.encuentra24.com/t_or_fh_l/f_auto/v1/pa/31/98/90/74/31989074_f50ff96e515e6990dbdc279c6fe29ddd-051e70b"",""https://photos.encuentra24.com/t_or_fh_l/f_auto/v1/pa/31/98/90/74/31989074_f50ff96e515e6990dbdc279c6fe29ddd-ee8bdf0"",""https://photos.encuentra24.com/t_or_fh_l/f_auto/v1/pa/31/98/90/74/31989074_f50ff96e515e6990dbdc279c6fe29ddd-621407c"",""https://photos.encuentra24.com/t_or_fh_l/f_auto/v1/pa/31/98/90/74/31989074_f50ff96e515e6990dbdc279c6fe29ddd-9215969"",""https://photos.encuentra24.com/t_or_fh_l/f_auto/v1/pa/31/98/90/74/31989074_f50ff96e515e6990dbdc279c6fe29ddd-d995306"",""https://photos.encuentra24.com/t_or_fh_l/f_auto/v1/pa/31/98/90/74/31989074_f50ff96e515e6990dbdc279c6fe29ddd-da028d4"",""https://photos.encuentra24.com/t_or_fh_l/f_auto/v1/pa/31/98/90/74/31989074_f50ff96e515e6990dbdc279c6fe29ddd-226f9d1"",""https://photos.encuentra24.com/t_or_fh_l/f_auto/v1/pa/31/98/90/74/31989074_f50ff96e515e6990dbdc279c6fe29ddd-e3ae420"",""https://photos.encuentra24.com/t_or_fh_l/f_auto/v1/pa/31/98/90/74/31989074_f50ff96e515e6990dbdc279c6fe29ddd-2cfe384"",""https://photos.encuentra24.com/t_or_fh_l/f_auto/v1/pa/31/98/90/74/31989074_f50ff96e515e6990dbdc279c6fe29ddd-2cb21e2"",""https://photos.encuentra24.com/t_or_fh_l/f_auto/v1/pa/31/98/90/74/31989074_f50ff96e515e6990dbdc279c6fe29ddd-2398e46"",""https://photos.encuentra24.com/t_or_fh_l/f_auto/v1/pa/31/98/90/74/31989074_f50ff96e515e6990dbdc279c6fe29ddd-55618eb"",""https://photos.encuentra24.com/t_or_fh_l/f_auto/v1/pa/31/98/90/74/31989074_f50ff96e515e6990dbdc279c6fe29ddd-146d34a"",""https://photos.encuentra24.com/t_or_fh_l/f_auto/v1/pa/31/98/90/74/31989074_f50ff96e515e6990dbdc279c6fe29ddd-379c0ff""]",19,false,false,,ANGEL PROPERTIES,Michel Visval,agent,true,basic,,0,,2026-02-11,2026-02-12T03:01:10.470Z,2026-04-06T17:26:47.784Z,2026-04-06T19:01:27.780Z,2026-02-12T03:01:27.536Z,2026-04-06T19:01:34.240Z,true,1,,,
false,inactive,13810,31799055,apartamento-en-venta-en-altos-de-panama-26jack2821,https://www.encuentra24.com/panama-es/bienes-raices-venta-de-propiedades-apartamentos/apartamento-en-venta-en-altos-de-panama-26jack2821/31799055,sale,apartamentos,Apartments,Apartamento en Venta en Altos de Panama 26jack2821,"Detalles
            
  Moderno apartamento en Altamira Gardens de 112 m², con 3 recámaras, 2 baños y 2 estacionamientos cubiertos. Espacios amplios, bien iluminados y ventilados, con acabados de calidad. Ubicado en un exclusivo complejo rodeado de naturaleza, con seguridad 24 h, piscina, gimnasio y áreas sociales. ¡Excelente oportunidad",120700,USD,,,,,San Miguelito,Altos de Panamá,a,,,,3,2,2,112,,,2012,1,,Porcelanato,,1,,"[""https://photos.encuentra24.com/t_or_fh_l/f_auto/v1/pa/31/79/90/55/31799055_2adc2a"",""https://photos.encuentra24.com/t_or_fh_l/f_auto/v1/pa/31/79/90/55/31799055_31b694"",""https://photos.encuentra24.com/t_or_fh_l/f_auto/v1/pa/31/79/90/55/31799055_b81821"",""https://photos.encuentra24.com/t_or_fh_l/f_auto/v1/pa/31/79/90/55/31799055_21151d"",""https://photos.encuentra24.com/t_or_fh_l/f_auto/v1/pa/31/79/90/55/31799055_4cda0c"",""https://photos.encuentra24.com/t_or_fh_l/f_auto/v1/pa/31/79/90/55/31799055_48b891"",""https://photos.encuentra24.com/t_or_fh_l/f_auto/v1/pa/31/79/90/55/31799055_919f66"",""https://photos.encuentra24.com/t_or_fh_l/f_auto/v1/pa/31/79/90/55/31799055_a217d8"",""https://photos.encuentra24.com/t_or_fh_l/f_auto/v1/pa/31/79/90/55/31799055_8b20ea"",""https://photos.encuentra24.com/t_or_fh_l/f_auto/v1/pa/31/79/90/55/31799055_1bcf57"",""https://photos.encuentra24.com/t_or_fh_l/f_auto/v1/pa/31/79/90/55/31799055_38f648"",""https://photos.encuentra24.com/t_or_fh_l/f_auto/v1/pa/31/79/90/55/31799055_09fe99"",""https://photos.encuentra24.com/t_or_fh_l/f_auto/v1/pa/31/79/90/55/31799055_9f1fdd"",""https://photos.encuentra24.com/t_or_fh_l/f_auto/v1/pa/31/79/90/55/31799055_e6b9c5"",""https://photos.encuentra24.com/t_or_fh_l/f_auto/v1/pa/31/79/90/55/31799055_387e0a""]",15,false,false,294,"Corpoinmuebles Realty Panama, S.A.",RAH Corpoinmuebles Realty Panama S.A.,agent,true,basic,,4,,2025-12-29,2026-02-09T04:37:35.948Z,2026-04-08T09:37:17.042Z,2026-04-08T11:01:26.568Z,2026-02-10T04:53:39.920Z,2026-04-08T11:26:56.167Z,true,1,,,
false,inactive,75722,32240321,alquiler-de-apartamento-en-altamira-gardens,https://www.encuentra24.com/panama-es/bienes-raices-alquiler-apartamentos/alquiler-de-apartamento-en-altamira-gardens/32240321,rental,apartamentos,Apartments,Alquiler de Apartamento en Altamira Gardens,"Detalles
            
  Conoce un poco más de la propiedad:

 

Impecable apartamento de 112 m² con ubicación estratégica en Vía Centenario. Dispone de 3 habitaciones, 2 baños, sala-comedor y balcón, complementado con 2 puestos de estacionamiento y depósito. El inmueble está dotado con aires acondicionados, línea blanca, lámparas y cortinas. 


Entérate de algunos detalles del edificio:

En este tranquilo edificio tendrás a tu disposición una amplia área social con 2 piscinas, un gimnasio grande, cancha de tenis, cancha múltiple, futbol sala, mesa de pimpón, sala de Pool, Parque infantil, sala de fiesta y cámaras de vigilancia en todos los accesos.

 

Descubre los beneficios de vivir en esta zona

El corregimiento de Ancón es una mezcla de áreas urbanas y naturales que aún coexisten en plena armonía,  Cuenta con el Aeropuerto Marcos A. Gelabert, la Gran Terminal Nacional de Transporte y el centro comercial Albrook Mall, el más grande y uno de los más modernos del país; todos ellos ubicados en la comunidad de Albrook. En esta última y en otras, como Altos de Curundu, Clayton y Condado del Rey, se han construido modernas áreas residenciales.

En el área también encontrarás conocidos centros comerciales como Alta Plaza y El Dorado, contarás además con acceso directo al corredor norte, una de las vías rápidas más importantes del país que te acercan al Canal de Panamá, ciudad del saber y puerto Balboa entre otros.

 

Precio de ALQUILER: $900.00 

 

Si te interesa visitar esta propiedad no dudes en contactarnos; y si quieres ver más opciones, déjanos saber que te gustaría encontrar y la buscaremos para ti.",900,USD,,,,,Panama City,Cardenas,¡Pregunta al anunciante!,,9.0429571,-79.5483712,3,2,2,112,,,,,,,,,,"[""https://photos.encuentra24.com/t_or_fh_l/f_auto/v1/pa/32/24/03/21/32240321_c0a609"",""https://photos.encuentra24.com/t_or_fh_l/f_auto/v1/pa/32/24/03/21/32240321_0a8796"",""https://photos.encuentra24.com/t_or_fh_l/f_auto/v1/pa/32/24/03/21/32240321_b402f6"",""https://photos.encuentra24.com/t_or_fh_l/f_auto/v1/pa/32/24/03/21/32240321_245e24"",""https://photos.encuentra24.com/t_or_fh_l/f_auto/v1/pa/32/24/03/21/32240321_debde1"",""https://photos.encuentra24.com/t_or_fh_l/f_auto/v1/pa/32/24/03/21/32240321_6ecedf"",""https://photos.encuentra24.com/t_or_fh_l/f_auto/v1/pa/32/24/03/21/32240321_11ceb1"",""https://photos.encuentra24.com/t_or_fh_l/f_auto/v1/pa/32/24/03/21/32240321_62f31b"",""https://photos.encuentra24.com/t_or_fh_l/f_auto/v1/pa/32/24/03/21/32240321_60d87e"",""https://photos.encuentra24.com/t_or_fh_l/f_auto/v1/pa/32/24/03/21/32240321_66462a"",""https://photos.encuentra24.com/t_or_fh_l/f_auto/v1/pa/32/24/03/21/32240321_e7fed6"",""https://photos.encuentra24.com/t_or_fh_l/f_auto/v1/pa/32/24/03/21/32240321_8daf2f"",""https://photos.encuentra24.com/t_or_fh_l/f_auto/v1/pa/32/24/03/21/32240321_9f6dbb"",""https://photos.encuentra24.com/t_or_fh_l/f_auto/v1/pa/32/24/03/21/32240321_2a31af"",""https://photos.encuentra24.com/t_or_fh_l/f_auto/v1/pa/32/24/03/21/32240321_a8015d"",""https://photos.encuentra24.com/t_or_fh_l/f_auto/v1/pa/32/24/03/21/32240321_8d76de"",""https://photos.encuentra24.com/t_or_fh_l/f_auto/v1/pa/32/24/03/21/32240321_4da8e3"",""https://photos.encuentra24.com/t_or_fh_l/f_auto/v1/pa/32/24/03/21/32240321_bf4b34"",""https://photos.encuentra24.com/t_or_fh_l/f_auto/v1/pa/32/24/03/21/32240321_8e4c71"",""https://photos.encuentra24.com/t_or_fh_l/f_auto/v1/pa/32/24/03/21/32240321_3ab0f4""]",20,false,false,,MiVivienda Group,Mivivienda Group Inc. S.A.,,false,basic,,0,,2026-04-03,2026-04-03T09:01:41.800Z,2026-04-09T06:05:08.622Z,2026-04-09T08:01:37.803Z,2026-04-03T09:01:54.621Z,2026-04-09T08:23:22.748Z,true,1,,"{""ProductId"":""32240321"",""Price"":900,""Country"":""pa"",""Region"":""Cardenas"",""ParentRegion"":""Panama City"",""Bedrooms"":""3"",""Size"":""112"",""HousingType"":""Apartments"",""SaleType"":""RENT""}","{""id"":""32240321"",""name"":""Alquiler de Apartamento en Altamira Gardens"",""price"":900,""pictureUrl"":""https:\/\/photos.encuentra24.com\/t_or_fw_s\/f_auto\/v1\/pa\/32\/24\/03\/21\/32240321_c0a609"",""url"":""https:\/\/www.encuentra24.com\/panama-es\/bienes-raices-alquiler-apartamentos\/alquiler-de-apartamento-en-altamira-gardens\/32240321"",""isAvailable"":true,""categoryPaths"":[""Bienes Ra\u00edces\/Alquiler\/Apartamentos\/Panam\u00e1 Provincia\/Ciudad de Panam\u00e1\/Anc\u00f3n\/Cardenas""],""description"":""Alquiler de Apartamento en Altamira Gardens"",""vendor"":""MiVivienda Group"",""params"":{""region"":""Cardenas"",""printablePrice"":900,""Rec\u00e1maras"":""3"",""Ba\u00f1os"":""2"",""\u00c1rea construida (m\u00b2)"":"""",""Parking"":""2""},""stockId"":""316""}"
false,inactive,33185,31953923,vendo-apartamento-amoblado-altamira-gardens,https://www.encuentra24.com/panama-es/bienes-raices-venta-de-propiedades-apartamentos/vendo-apartamento-amoblado-altamira-gardens/31953923,sale,apartamentos,Apartments,VENDO APARTAMENTO AMOBLADO ALTAMIRA GARDENS,"Detalles
            
  75 m2 - 2 habitaciones - 2 baños -cocina
Sala comedor - balcon – área de lavado
Aire acondicionado – amoblado
Balcon, pisos de ceramica,
2 piscinas – parque infantil - área social, gym, cancha de tenis
2 estacionamiento, deposito
Excelente temperatura, rodeada de vegetación, lugar tranquilo, libre de contaminación, lejos de ruido, cerca de centro comercial.

Pedro J. Gonzalez",135000,USD,,,,,Panama City,Bosques de Cibeles,¡Pregunta al anunciante!,,9.043122014178456,-79.54836693960877,2,2,2,75,,,,,,,,,,"[""https://photos.encuentra24.com/t_or_fh_l/f_auto/v1/pa/31/95/39/23/31953923_c7ee3b9b0d50e4cbb944507a73e72a93-6f01906"",""https://photos.encuentra24.com/t_or_fh_l/f_auto/v1/pa/31/95/39/23/31953923_c7ee3b9b0d50e4cbb944507a73e72a93-fb2540d"",""https://photos.encuentra24.com/t_or_fh_l/f_auto/v1/pa/31/95/39/23/31953923_c7ee3b9b0d50e4cbb944507a73e72a93-a77622b"",""https://photos.encuentra24.com/t_or_fh_l/f_auto/v1/pa/31/95/39/23/31953923_c7ee3b9b0d50e4cbb944507a73e72a93-99a4108"",""https://photos.encuentra24.com/t_or_fh_l/f_auto/v1/pa/31/95/39/23/31953923_c7ee3b9b0d50e4cbb944507a73e72a93-040f200"",""https://photos.encuentra24.com/t_or_fh_l/f_auto/v1/pa/31/95/39/23/31953923_c7ee3b9b0d50e4cbb944507a73e72a93-7a9ef2b"",""https://photos.encuentra24.com/t_or_fh_l/f_auto/v1/pa/31/95/39/23/31953923_c7ee3b9b0d50e4cbb944507a73e72a93-138ed0b"",""https://photos.encuentra24.com/t_or_fh_l/f_auto/v1/pa/31/95/39/23/31953923_c7ee3b9b0d50e4cbb944507a73e72a93-674e33e"",""https://photos.encuentra24.com/t_or_fh_l/f_auto/v1/pa/31/95/39/23/31953923_c7ee3b9b0d50e4cbb944507a73e72a93-e49937b"",""https://photos.encuentra24.com/t_or_fh_l/f_auto/v1/pa/31/95/39/23/31953923_c7ee3b9b0d50e4cbb944507a73e72a93-e4dd88b"",""https://photos.encuentra24.com/t_or_fh_l/f_auto/v1/pa/31/95/39/23/31953923_c7ee3b9b0d50e4cbb944507a73e72a93-d8a2111"",""https://photos.encuentra24.com/t_or_fh_l/f_auto/v1/pa/31/95/39/23/31953923_c7ee3b9b0d50e4cbb944507a73e72a93-783387a""]",12,false,false,,"Supli Central, S.A.","Supli Central, S.A. Supli Central, S.A.",,false,gold,,0,,2026-02-10,2026-02-10T17:01:42.234Z,2026-04-11T15:29:45.830Z,2026-04-11T17:01:14.300Z,2026-02-10T17:02:24.136Z,2026-04-11T17:33:32.876Z,true,1,,,
false,inactive,80648,32268846,alquiler-apartamento-linea-blanca-altamira-gardens,https://www.encuentra24.com/panama-es/bienes-raices-alquiler-apartamentos/alquiler-apartamento-linea-blanca-altamira-gardens/32268846,rental,apartamentos,Apartamento,Alquiler apartamento Linea blanca Altamira Gardens,"Alquiler de Apartamento – PH Altamira Gardens - Linea Blanca

Precio: $950

Metraje: 150 m²

Recámaras: 3 (cada una con baño interno)

Baños: 3.5

Baño y cuarto de servicio

Medio baño de visitas

Amplia sala y comedor

Balcón grande

Línea blanca incluida

2 estacionamientos doble fondo

Amenidades del PH:

Piscina

Gimnasio

Seguridad

Fácil acceso a vías principales

Para más información o agendar una visita, contáctame.",950,USD,,6.333333333333333,6.333333333333333,,Ciudad de Panamá,Ancón,ALTAMIRA GARDENS,,,,3,3.5,2,150,,150,,,,Cerámica,,,,"[""https://photos.encuentra24.com/t_or_fh_l/f_auto/v1/pa/32/26/88/46/32268846_53f3d22956fb36575bcacb0a277ba583-dcfafb8"",""https://photos.encuentra24.com/t_or_fh_l/f_auto/v1/pa/32/26/88/46/32268846_53f3d22956fb36575bcacb0a277ba583-61216c8"",""https://photos.encuentra24.com/t_or_fh_l/f_auto/v1/pa/32/26/88/46/32268846_53f3d22956fb36575bcacb0a277ba583-f3878de"",""https://photos.encuentra24.com/t_or_fh_l/f_auto/v1/pa/32/26/88/46/32268846_53f3d22956fb36575bcacb0a277ba583-d23e565"",""https://photos.encuentra24.com/t_or_fh_l/f_auto/v1/pa/32/26/88/46/32268846_53f3d22956fb36575bcacb0a277ba583-4f9f682"",""https://photos.encuentra24.com/t_or_fh_l/f_auto/v1/pa/32/26/88/46/32268846_53f3d22956fb36575bcacb0a277ba583-c96d452"",""https://photos.encuentra24.com/t_or_fh_l/f_auto/v1/pa/32/26/88/46/32268846_53f3d22956fb36575bcacb0a277ba583-0bdaab8"",""https://photos.encuentra24.com/t_or_fh_l/f_auto/v1/pa/32/26/88/46/32268846_53f3d22956fb36575bcacb0a277ba583-c2f111b"",""https://photos.encuentra24.com/t_or_fh_l/f_auto/v1/pa/32/26/88/46/32268846_53f3d22956fb36575bcacb0a277ba583-6e30616"",""https://photos.encuentra24.com/t_or_fh_l/f_auto/v1/pa/32/26/88/46/32268846_53f3d22956fb36575bcacb0a277ba583-af8f186"",""https://photos.encuentra24.com/t_or_fh_l/f_auto/v1/pa/32/26/88/46/32268846_53f3d22956fb36575bcacb0a277ba583-8e81620"",""https://photos.encuentra24.com/t_or_fh_l/f_auto/v1/pa/32/26/88/46/32268846_53f3d22956fb36575bcacb0a277ba583-72392de"",""https://photos.encuentra24.com/t_or_fh_l/f_auto/v1/pa/32/26/88/46/32268846_53f3d22956fb36575bcacb0a277ba583-e42be7b"",""https://photos.encuentra24.com/t_or_fh_l/f_auto/v1/pa/32/26/88/46/32268846_53f3d22956fb36575bcacb0a277ba583-882c3ab""]",14,false,false,,Grupo PREIC Corp.,Grupo Preic Corp,,false,basic,,,"[""Pet Friendly"",""Cerca del Tráfico"",""Vista a las Montañas"",""Parking de visitas"",""Cuarto y baño de empleada"",""Seguridad 24 Horas"",""Lavandería interna"",""Salón de fiestas"",""Parque Infantil"",""Gimnasio"",""Desayunador"",""A/C"",""Garaje techado"",""Sala y Comedor"",""Área Social"",""Baño visitas"",""Cocina amoblada"",""Nevera"",""Estufa"",""Lavaplatos"",""Calentador de agua"",""Lavadora"",""Secadora""]",2026-04-10T13:16:11.000Z,2026-04-10T22:03:25.883Z,2026-04-13T17:04:44.287Z,2026-04-13T20:01:13.932Z,2026-04-10T22:03:38.541Z,2026-04-13T20:53:32.288Z,true,1,,"{""allowContactByForm"":true,""biUrl"":""https://www.encuentra24.com/clickhouse_mvp.php/lists?t=A6tRhZ1kQIRSNpmFobmfOI2%2Fb4yYlKuNTh5wlY5%2F8tRTxJLgczKZVw9HMmf9dMOMYtMrdX6%2BycWeNsxMbJDqxQ%2Fgycp%2FfbDPfEA0uwQBggzaT1NflUX4Og1ecMWcXzBrv%2FJ9v7pPKxtEV2exzFAAchuwPmWWQfMvVClu%2FIcCYOA3ZUvidDEhH9JjQ%2F5%2FoSozMOBw70TAtAbz%2BuCBbSNtBQv7knLxUJmrvkC0WLXUBKs%3D&source_type=list"",""biUrls"":{""list"":""https://www.encuentra24.com/clickhouse_mvp.php/lists?t=A6tRhZ1kQIRSNpmFobmfOI2%2Fb4yYlKuNTh5wlY5%2F8tRTxJLgczKZVw9HMmf9dMOMYtMrdX6%2BycWeNsxMbJDqxQ%2Fgycp%2FfbDPfEA0uwQBggzaT1NflUX4Og1ecMWcXzBrv%2FJ9v7pPKxtEV2exzFAAchuwPmWWQfMvVClu%2FIcCYOA3ZUvidDEhH9JjQ%2F5%2FoSozMOBw70TAtAbz%2BuCBbSNtBQv7knLxUJmrvkC0WLXUBKs%3D&source_type=list"",""visits"":""https://www.encuentra24.com/clickhouse_mvp.php/visits?t=A6tRhZ1kQIRSNpmFobmfOI2%2Fb4yYlKuNTh5wlY5%2F8tRTxJLgczKZVw9HMmf9dMOMYtMrdX6%2BycWeNsxMbJDqxQ%2Fgycp%2FfbDPfEA0uwQBggzaT1NflUX4Og1ecMWcXzBrv%2FJ9v7pPKxtEV2exzFAAchuwPmWWQfMvVClu%2FIcCYOA3ZUvidDEhH9JjQ%2F5%2FoSozMOBw70TAtAbz%2BuCBbSNtBQv7knLxUJmrvkC0WLXUBKs%3D"",""favorites"":""https://www.encuentra24.com/clickhouse_mvp.php/favorites?t=A6tRhZ1kQIRSNpmFobmfOI2%2Fb4yYlKuNTh5wlY5%2F8tRTxJLgczKZVw9HMmf9dMOMYtMrdX6%2BycWeNsxMbJDqxQ%2Fgycp%2FfbDPfEA0uwQBggzaT1NflUX4Og1ecMWcXzBrv%2FJ9v7pPKxtEV2exzFAAchuwPmWWQfMvVClu%2FIcCYOA3ZUvidDEhH9JjQ%2F5%2FoSozMOBw70TAtAbz%2BuCBbSNtBbcBGMWeApPoghl3uxAXBEYAmJwiGJlpy5KJ0H3P1QTy2C7FfYVc8j8rG8tCe9bTKg%3D%3D&favorite=1""},""dateCreated"":""$D2026-04-10T13:16:11.000Z"",""dateUpdated"":""$D2026-04-10T18:12:19.000Z"",""description"":""Alquiler de Apartamento – PH Altamira Gardens - Linea Blanca\r<br />\n\r<br />\nPrecio: $950\r<br />\nMetraje: 150 m²\r<br />\nRecámaras: 3 (cada una con baño interno)\r<br />\nBaños: 3.5\r<br />\nBaño y cuarto de servicio\r<br />\nMedio baño de visitas\r<br />\nAmplia sala y comedor\r<br />\nBalcón grande\r<br />\nLínea blanca incluida\r<br />\n2 estacionamientos doble fondo\r<br />\n\r<br />\nAmenidades del PH:\r<br />\n\r<br />\nPiscina\r<br />\nGimnasio\r<br />\nSeguridad\r<br />\nFácil acceso a vías principales\r<br />\n\r<br />\nPara más información o agendar una visita, contáctame."",""featured"":null,""fieldset"":""rent"",""funding"":{""enabled"":false,""type"":""externalurl"",""url"":false},""id"":""32268846"",""images"":[""https://photos.encuentra24.com/t_or_fh_m/f_auto/v1/pa/32/26/88/46/32268846_53f3d22956fb36575bcacb0a277ba583-dcfafb8"",""https://photos.encuentra24.com/t_or_fh_m/f_auto/v1/pa/32/26/88/46/32268846_53f3d22956fb36575bcacb0a277ba583-61216c8"",""https://photos.encuentra24.com/t_or_fh_m/f_auto/v1/pa/32/26/88/46/32268846_53f3d22956fb36575bcacb0a277ba583-f3878de"",""https://photos.encuentra24.com/t_or_fh_m/f_auto/v1/pa/32/26/88/46/32268846_53f3d22956fb36575bcacb0a277ba583-d23e565"",""https://photos.encuentra24.com/t_or_fh_m/f_auto/v1/pa/32/26/88/46/32268846_53f3d22956fb36575bcacb0a277ba583-4f9f682"",""https://photos.encuentra24.com/t_or_fh_m/f_auto/v1/pa/32/26/88/46/32268846_53f3d22956fb36575bcacb0a277ba583-c96d452"",""https://photos.encuentra24.com/t_or_fh_m/f_auto/v1/pa/32/26/88/46/32268846_53f3d22956fb36575bcacb0a277ba583-0bdaab8"",""https://photos.encuentra24.com/t_or_fh_m/f_auto/v1/pa/32/26/88/46/32268846_53f3d22956fb36575bcacb0a277ba583-c2f111b"",""https://photos.encuentra24.com/t_or_fh_m/f_auto/v1/pa/32/26/88/46/32268846_53f3d22956fb36575bcacb0a277ba583-6e30616"",""https://photos.encuentra24.com/t_or_fh_m/f_auto/v1/pa/32/26/88/46/32268846_53f3d22956fb36575bcacb0a277ba583-af8f186"",""https://photos.encuentra24.com/t_or_fh_m/f_auto/v1/pa/32/26/88/46/32268846_53f3d22956fb36575bcacb0a277ba583-8e81620"",""https://photos.encuentra24.com/t_or_fh_m/f_auto/v1/pa/32/26/88/46/32268846_53f3d22956fb36575bcacb0a277ba583-72392de"",""https://photos.encuentra24.com/t_or_fh_m/f_auto/v1/pa/32/26/88/46/32268846_53f3d22956fb36575bcacb0a277ba583-e42be7b"",""https://photos.encuentra24.com/t_or_fh_m/f_auto/v1/pa/32/26/88/46/32268846_53f3d22956fb36575bcacb0a277ba583-882c3ab""],""link"":""/panama-es/bienes-raices-alquiler-apartamentos/alquiler-apartamento-linea-blanca-altamira-gardens/32268846"",""location"":{""address"":"""",""locality"":""Ancón"",""city"":""Ciudad de Panamá"",""lat"":0,""lon"":0,""zoom"":0},""mainCategory"":""Bienes Raíces"",""maintenanceCost"":""$undefined"",""price"":""$undefined"",""price_value"":950,""price_symbol"":""$$"",""price_discount"":null,""principalImage"":""https://photos.encuentra24.com/t_or_fh_m/f_auto/v1/pa/32/26/88/46/32268846_53f3d22956fb36575bcacb0a277ba583-dcfafb8"",""principalVideo"":"""",""rent"":{""currency"":{""countryISO"":""es-PA"",""symbol"":""PAB""},""discount"":{""value"":null,""formatted"":""""},""amount"":{""value"":950,""formatted"":""""},""amountFull"":{""value"":null,""formatted"":""""}},""showCall"":true,""showWhatsapp"":true,""title"":""Alquiler apartamento Linea blanca Altamira Gardens"",""active"":true,""user"":{""id"":""13498222"",""name"":""Grupo Preic Corp"",""verified"":false,""avatar"":""https://photos.encuentra24.com/t_user_photo/v1/users/photo/13/49/82/22/13498222_14c607"",""contact"":{""whatsapp"":""$$01284<<=<B==@="",""phone1"":{""isMobile"":true,""number"":""$$10173;;<;A<<?<""},""phone2"":{""isMobile"":false,""number"":""""},""company"":""Grupo PREIC Corp."",""license"":""""}},""youtubeVideo"":"""",""reposted"":false,""subCategoryType"":""Apartamento"",""square"":""150"",""rooms"":""3"",""bathrooms"":""3.5"",""parking"":""2"",""regionName"":""Ancón"",""propertyPrice"":null,""lotSize"":""150"",""exactAddress"":""ALTAMIRA GARDENS"",""pricePerM2Total"":{""amount"":{""value"":6.333333333333333,""formatted"":""""}},""pricePerM2Square"":{""amount"":{""value"":6.333333333333333,""formatted"":""""}},""units"":""$undefined"",""benefits"":[""Pet Friendly"",""Cerca del Tráfico"",""Vista a las Montañas"",""Parking de visitas"",""Cuarto y baño de empleada"",""Seguridad 24 Horas"",""Lavandería interna"",""Salón de fiestas"",""Parque Infantil"",""Gimnasio"",""Desayunador"",""A/C"",""Garaje techado"",""Sala y Comedor"",""Área Social"",""Baño visitas"",""Cocina amoblada"",""Nevera"",""Estufa"",""Lavaplatos"",""Calentador de agua"",""Lavadora"",""Secadora""],""roomHeight"":null,""age"":null,""stories"":null,""balcon"":null,""swimmingPool"":true,""floorType"":""Cerámica"",""floor"":null,""pdfPlan"":null,""status"":null,""hallmark"":{""text"":null,""color"":null},""projectStatus"":null,""projectModels"":{""square"":null,""rooms"":null,""bathrooms"":null,""price"":null},""known"":true}",
false,inactive,37298,31425229,venta-de-apartamento-en-ph-altamira-gardens-a-un-costado-del-rod-carew,https://www.encuentra24.com/panama-es/bienes-raices-venta-de-propiedades-apartamentos/venta-de-apartamento-en-ph-altamira-gardens-a-un-costado-del-rod-carew/31425229,sale,apartamentos,Apartments,Venta de Apartamento en PH Altamira Gardens – A un costado del Rod Carew,"Detalles
            
  Venta de Apartamento en PH Altamira Gardens – A un costado del Rod Carew

 Precio: $171,500

 125 m² | 3 Recámaras | 2 Baños | 2 Estacionamientos

Oportunidad de adquirir un amplio y cómodo apartamento en el PH Altamira Gardens, con excelente ubicación cerca del estadio Rod Carew y fácil acceso al Corredor Norte.

 Características del apartamento:

3 recámaras

2 baños completos

Sala comedor con excelente iluminación

2 balcones con agradables vistas

Área de lavandería

2 estacionamientos privados

 Amenidades del PH:
 Piscina
 Canchas deportivas
 Áreas verdes y senderos
 Seguridad 24 horas
 Estacionamientos para visitas

 Cuota de mantenimiento: $250 mensuales

Ideal para quienes buscan comodidad, seguridad y un entorno familiar.

 ¡Contáctanos para agendar tu visita o recibir más información!",171500,USD,,,,,Panama City,Ancón,ancon via centenario,,,,3,2,2,125,,,2012,1,4,Porcelanato,2.8,250,,"[""https://photos.encuentra24.com/t_or_fh_l/f_auto/v1/pa/31/42/52/29/31425229_59d93b"",""https://photos.encuentra24.com/t_or_fh_l/f_auto/v1/pa/31/42/52/29/31425229_52025f"",""https://photos.encuentra24.com/t_or_fh_l/f_auto/v1/pa/31/42/52/29/31425229_f83af6"",""https://photos.encuentra24.com/t_or_fh_l/f_auto/v1/pa/31/42/52/29/31425229_db7dec"",""https://photos.encuentra24.com/t_or_fh_l/f_auto/v1/pa/31/42/52/29/31425229_6acb38"",""https://photos.encuentra24.com/t_or_fh_l/f_auto/v1/pa/31/42/52/29/31425229_0a04ee"",""https://photos.encuentra24.com/t_or_fh_l/f_auto/v1/pa/31/42/52/29/31425229_24190c"",""https://photos.encuentra24.com/t_or_fh_l/f_auto/v1/pa/31/42/52/29/31425229_aad6cb"",""https://photos.encuentra24.com/t_or_fh_l/f_auto/v1/pa/31/42/52/29/31425229_f4a2d0"",""https://photos.encuentra24.com/t_or_fh_l/f_auto/v1/pa/31/42/52/29/31425229_9ae522"",""https://photos.encuentra24.com/t_or_fh_l/f_auto/v1/pa/31/42/52/29/31425229_48dfa6"",""https://photos.encuentra24.com/t_or_fh_l/f_auto/v1/pa/31/42/52/29/31425229_731c44"",""https://photos.encuentra24.com/t_or_fh_l/f_auto/v1/pa/31/42/52/29/31425229_bc3be4"",""https://photos.encuentra24.com/t_or_fh_l/f_auto/v1/pa/31/42/52/29/31425229_6ebac7"",""https://photos.encuentra24.com/t_or_fh_l/f_auto/v1/pa/31/42/52/29/31425229_8d47dd"",""https://photos.encuentra24.com/t_or_fh_l/f_auto/v1/pa/31/42/52/29/31425229_9564cb"",""https://photos.encuentra24.com/t_or_fh_l/f_auto/v1/pa/31/42/52/29/31425229_ff3ac4"",""https://photos.encuentra24.com/t_or_fh_l/f_auto/v1/pa/31/42/52/29/31425229_5a4ee0"",""https://photos.encuentra24.com/t_or_fh_l/f_auto/v1/pa/31/42/52/29/31425229_d5bcf2"",""https://photos.encuentra24.com/t_or_fh_l/f_auto/v1/pa/31/42/52/29/31425229_bb113c""]",20,false,false,,Alberto Angel,Alberto Angel,,true,basic,,0,,2025-10-05,2026-02-14T16:07:46.527Z,2026-04-13T20:40:53.909Z,2026-04-13T21:01:13.612Z,2026-02-14T16:07:52.192Z,2026-04-13T21:27:44.642Z,true,1,,,
false,inactive,65425,32168952,venta-apartamento-altos-de-panama-26vtl2821,https://www.encuentra24.com/panama-es/bienes-raices-venta-de-propiedades-apartamentos/venta-apartamento-altos-de-panama-26vtl2821/32168952,sale,apartamentos,Apartments,Venta Apartamento Altos de Panamá 26VTL2821,"Detalles
            
  Moderno apartamento en Altamira Gardens de 112 m², con 3 recámaras, 2 baños y 2 estacionamientos cubiertos. Espacios amplios, bien iluminados y ventilados, con acabados de calidad. Ubicado en un exclusivo complejo rodeado de naturaleza, con seguridad 24 h, piscina, gimnasio y áreas sociales.",120700,USD,,,,,San Miguelito,Altos de Panamá,¡Pregunta al anunciante!,,,,3,2,2,112,,,2012,,,,,,,"[""https://photos.encuentra24.com/t_or_fh_l/f_auto/v1/pa/32/16/89/52/32168952_cf7d94c20c50c7a47beb9f022ff7ae06-1210c9a"",""https://photos.encuentra24.com/t_or_fh_l/f_auto/v1/pa/32/16/89/52/32168952_cf7d94c20c50c7a47beb9f022ff7ae06-af8ad80"",""https://photos.encuentra24.com/t_or_fh_l/f_auto/v1/pa/32/16/89/52/32168952_cf7d94c20c50c7a47beb9f022ff7ae06-ffff930"",""https://photos.encuentra24.com/t_or_fh_l/f_auto/v1/pa/32/16/89/52/32168952_cf7d94c20c50c7a47beb9f022ff7ae06-f48401e"",""https://photos.encuentra24.com/t_or_fh_l/f_auto/v1/pa/32/16/89/52/32168952_cf7d94c20c50c7a47beb9f022ff7ae06-fc45d19"",""https://photos.encuentra24.com/t_or_fh_l/f_auto/v1/pa/32/16/89/52/32168952_cf7d94c20c50c7a47beb9f022ff7ae06-5ba5449"",""https://photos.encuentra24.com/t_or_fh_l/f_auto/v1/pa/32/16/89/52/32168952_cf7d94c20c50c7a47beb9f022ff7ae06-da6258d"",""https://photos.encuentra24.com/t_or_fh_l/f_auto/v1/pa/32/16/89/52/32168952_cf7d94c20c50c7a47beb9f022ff7ae06-d25d6d0"",""https://photos.encuentra24.com/t_or_fh_l/f_auto/v1/pa/32/16/89/52/32168952_cf7d94c20c50c7a47beb9f022ff7ae06-28e463f""]",9,false,false,,Negocios Inmobiliarios Punta Pacífica  PJ-1052-14,Negocios Inmobiliario Punta Pacifica PJ-1052-14,agent,true,basic,,0,,2026-03-20,2026-03-21T00:01:41.941Z,2026-04-17T00:23:09.644Z,2026-04-17T02:01:40.195Z,2026-03-21T00:01:51.195Z,2026-04-17T02:54:43.854Z,true,1,"
{
  ""@context"":""http://schema.org"",
  ""@type"":""Product"",
  ""description"": ""Moderno apartamento en Altamira Gardens de 112 m², con 3 recámaras, 2 baños y 2 estacionamientos ..."",
  ""offers"":{
    ""@type"":""Offer"",
    ""availability"": ""http://schema.org/InStock"",
    ""availableAtOrFrom"": {
      ""@type"": ""Place"",
      ""address"": {
        ""@type"": ""PostalAddress"",
        ""addressCountry"": ""Panamá"",
        ""streetAddress"": """",
        ""addressLocality"": ""Altos de Panamá"",
        ""postalCode"": """"
      }
    },
    ""price"":120700.00,
    ""priceCurrency"":""USD"",
    ""url"": ""https://www.encuentra24.com/panama-es/bienes-raices-venta-de-propiedades-apartamentos/venta-apartamento-altos-de-panama-26vtl2821/32168952"",
    ""seller"":{
      ""@type"":""Organization"",
      ""name"":""Agente Negocios Inmobiliarios Punta Pacífica  PJ-1052-14"",
      ""address"":{
        ""addressLocality"":""Toc Tower Punta Pacifica"",
        ""addressRegion"":""""
      }
    }
  },
  ""image"":{
    ""@type"":""ImageObject"",
    ""contentUrl"": ""https://photos.encuentra24.com/t_or_fh_l/f_auto/v1/pa/32/16/89/52/32168952_cf7d94c20c50c7a47beb9f022ff7ae06-1210c9a""
  },
  ""name"":""Venta Apartamento Altos de Panamá 26VTL2821""
}
","{""ProductId"":""32168952"",""Price"":120700,""Country"":""pa"",""Region"":""Altos de Panam\u00e1"",""ParentRegion"":""San Miguelito"",""Bedrooms"":""3"",""Size"":""112"",""HousingType"":""Apartments"",""SaleType"":""SALE""}","{""id"":""32168952"",""name"":""Venta Apartamento Altos de Panam\u00e1 26VTL2821"",""price"":120700,""pictureUrl"":""https:\/\/photos.encuentra24.com\/t_or_fw_s\/f_auto\/v1\/pa\/32\/16\/89\/52\/32168952_cf7d94c20c50c7a47beb9f022ff7ae06-1210c9a"",""url"":""https:\/\/www.encuentra24.com\/panama-es\/bienes-raices-venta-de-propiedades-apartamentos\/venta-apartamento-altos-de-panama-26vtl2821\/32168952"",""isAvailable"":true,""categoryPaths"":[""Bienes Ra\u00edces\/Venta\/Apartamentos\/Panam\u00e1 Provincia\/San Miguelito\/Amelia Denis de Icaza\/Altos de Panam\u00e1""],""description"":""Venta Apartamento Altos de Panam\u00e1 26VTL2821"",""vendor"":""Negocios Inmobiliarios Punta Pac\u00edfica  PJ-1052-14"",""params"":{""region"":""Altos de Panam\u00e1"",""printablePrice"":120700,""Rec\u00e1maras"":""3"",""Ba\u00f1os"":""2"",""\u00c1rea construida (m\u00b2)"":""112"",""Parking"":""2""},""stockId"":""316""}"
false,inactive,63977,32152791,vendo-apto-con-jardin-privado-3-hab-ph-altamira-gardens,https://www.encuentra24.com/panama-es/bienes-raices-venta-de-propiedades-apartamentos/vendo-apto-con-jardin-privado-3-hab-ph-altamira-gardens/32152791,sale,apartamentos,Apartments,VENDO APTO con jardín privado 3 hab PH ALTAMIRA GARDENS,"Detalles
            
  Vive rodeado de naturaleza en la ciudad. 

Este apartamento en planta baja dentro de Altamira Gardens ofrece comodidad, seguridad y un jardín privado ideal para disfrutar al aire libre. 

Perfecto para familias, parejas o profesionales que buscan tranquilidad sin perder conexión con la ciudad.

Ubicación estratégica con acceso rápido a vías principales.


EXCELENTE PRECIO !!! REBAJADO

SE VENDE APTO 3 HABITACIONES  en planta baja con jardín en PH  ALTAMIRA GARDENS   125 mts2 

A SOLO 5 MINUTOS DE ALTAPLAZA MALL. cerca de Supermercados, Colegios, Universidades, Bancos, Ferreterías entre otros

Agradable clima de montaña

Cerca de los corredores

Apto 125 mts2  en excelentes condiciones

3 Hab 
2 baños
Cocina abierta 
Desayunador
Sobres de granitos en la cocina, 
Lavandería interna, 
Terraza
Jardín

2 estacionamientos (un puesto detrás del otro)
1 depósito
 
ÁREA SOCIAL

Gimnasio completo,
Piscinas,
Salón de fiesta, 
Cancha de tenis
Cancha de multiusos,
Salón de juegos
Parque infantil

Vigilancia 24 horas

Conserjes

Estacionamientos de visitantes
Estacionamiento para discapacitados


PRECIO DE VENDE:  $ 160.000 (negociable)

NO INCLUYE MUEBLES NI LINEA BLANCA",160000,USD,,,,,Panama City,Panama City,PH ALTAMIRA GARDENS  VIA CENTENARIO a  5 min de ALTAPLAZA MALL detrás del Estadio Rod Carew,,9.043317856557634,-79.54833269119258,3,2,2,130,,,,1,,Porcelanato,,,,"[""https://photos.encuentra24.com/t_or_fh_l/f_auto/v1/pa/32/15/27/91/32152791_5e3c7accab4008a0c7a474a0e79e79a8-adcdb4c"",""https://photos.encuentra24.com/t_or_fh_l/f_auto/v1/pa/32/15/27/91/32152791_5e3c7accab4008a0c7a474a0e79e79a8-945d30c"",""https://photos.encuentra24.com/t_or_fh_l/f_auto/v1/pa/32/15/27/91/32152791_5e3c7accab4008a0c7a474a0e79e79a8-61a15d0"",""https://photos.encuentra24.com/t_or_fh_l/f_auto/v1/pa/32/15/27/91/32152791_5e3c7accab4008a0c7a474a0e79e79a8-30a520d"",""https://photos.encuentra24.com/t_or_fh_l/f_auto/v1/pa/32/15/27/91/32152791_5e3c7accab4008a0c7a474a0e79e79a8-76cbdc5"",""https://photos.encuentra24.com/t_or_fh_l/f_auto/v1/pa/32/15/27/91/32152791_5e3c7accab4008a0c7a474a0e79e79a8-cd6581b"",""https://photos.encuentra24.com/t_or_fh_l/f_auto/v1/pa/32/15/27/91/32152791_5e3c7accab4008a0c7a474a0e79e79a8-bde9428"",""https://photos.encuentra24.com/t_or_fh_l/f_auto/v1/pa/32/15/27/91/32152791_5e3c7accab4008a0c7a474a0e79e79a8-7fc0ae1"",""https://photos.encuentra24.com/t_or_fh_l/f_auto/v1/pa/32/15/27/91/32152791_5e3c7accab4008a0c7a474a0e79e79a8-709eb42"",""https://photos.encuentra24.com/t_or_fh_l/f_auto/v1/pa/32/15/27/91/32152791_5e3c7accab4008a0c7a474a0e79e79a8-2581072"",""https://photos.encuentra24.com/t_or_fh_l/f_auto/v1/pa/32/15/27/91/32152791_5e3c7accab4008a0c7a474a0e79e79a8-749738b"",""https://photos.encuentra24.com/t_or_fh_l/f_auto/v1/pa/32/15/27/91/32152791_5e3c7accab4008a0c7a474a0e79e79a8-f63ca57"",""https://photos.encuentra24.com/t_or_fh_l/f_auto/v1/pa/32/15/27/91/32152791_5e3c7accab4008a0c7a474a0e79e79a8-a2952ee""]",13,false,false,,Invierte .pa,LIVINGWELL REALTY INC,,false,basic,,0,,2026-03-18,2026-03-19T23:33:12.706Z,2026-04-17T00:24:43.548Z,2026-04-17T02:01:40.195Z,2026-03-19T23:33:21.226Z,2026-04-17T02:54:43.854Z,true,1,,"{""ProductId"":""32152791"",""Price"":160000,""Country"":""pa"",""Region"":""Panama City"",""ParentRegion"":""Panama City"",""Bedrooms"":""3"",""Size"":""130"",""HousingType"":""Apartments"",""SaleType"":""SALE""}","{""id"":""32152791"",""name"":""VENDO APTO con jard\u00edn privado 3 hab PH ALTAMIRA GARDENS"",""price"":160000,""pictureUrl"":""https:\/\/photos.encuentra24.com\/t_or_fw_s\/f_auto\/v1\/pa\/32\/15\/27\/91\/32152791_5e3c7accab4008a0c7a474a0e79e79a8-adcdb4c"",""url"":""https:\/\/www.encuentra24.com\/panama-es\/bienes-raices-venta-de-propiedades-apartamentos\/vendo-apto-con-jardin-privado-3-hab-ph-altamira-gardens\/32152791"",""isAvailable"":true,""categoryPaths"":[""Bienes Ra\u00edces\/Venta\/Apartamentos\/Panam\u00e1 Provincia\/Ciudad de Panam\u00e1""],""description"":""VENDO APTO con jard\u00edn privado 3 hab PH ALTAMIRA GARDENS"",""vendor"":""Invierte .pa"",""params"":{""region"":""Ciudad de Panam\u00e1"",""printablePrice"":160000,""Rec\u00e1maras"":""3"",""Ba\u00f1os"":""2"",""\u00c1rea construida (m\u00b2)"":""130"",""Parking"":""2""},""stockId"":""316""}"
false,inactive,60645,32129884,venta-apartamento-altos-de-panama-26vtl3540,https://www.encuentra24.com/panama-es/bienes-raices-venta-de-propiedades-apartamentos/venta-apartamento-altos-de-panama-26vtl3540/32129884,sale,apartamentos,Apartments,Venta Apartamento Altos de Panamá 26VTL3540,"Detalles
            
  Apartamento en planta baja en PH Altamira Gardens, rodeado de naturaleza y con una terraza que ampl­ia la vida social. Ofrece 80 m² distribuidos en sala-comedor, cocina, 2 recamaras y 2 baños completos. Incluye 2 estacionamientos y acceso a un entorno tranquilo y bien conectado.",113000,USD,,,,,San Miguelito,Altos de Panamá,¡Pregunta al anunciante!,,,,2,2,2,75,,,2005,,,,,,,"[""https://photos.encuentra24.com/t_or_fh_l/f_auto/v1/pa/32/12/98/84/32129884_ffd5d449a1009a085967f0764a74e046-2626e49"",""https://photos.encuentra24.com/t_or_fh_l/f_auto/v1/pa/32/12/98/84/32129884_ffd5d449a1009a085967f0764a74e046-a5ffca4"",""https://photos.encuentra24.com/t_or_fh_l/f_auto/v1/pa/32/12/98/84/32129884_ffd5d449a1009a085967f0764a74e046-5cad80c"",""https://photos.encuentra24.com/t_or_fh_l/f_auto/v1/pa/32/12/98/84/32129884_ffd5d449a1009a085967f0764a74e046-e08c7d4"",""https://photos.encuentra24.com/t_or_fh_l/f_auto/v1/pa/32/12/98/84/32129884_ffd5d449a1009a085967f0764a74e046-b0245be"",""https://photos.encuentra24.com/t_or_fh_l/f_auto/v1/pa/32/12/98/84/32129884_ffd5d449a1009a085967f0764a74e046-35925c3"",""https://photos.encuentra24.com/t_or_fh_l/f_auto/v1/pa/32/12/98/84/32129884_ffd5d449a1009a085967f0764a74e046-e34cd29"",""https://photos.encuentra24.com/t_or_fh_l/f_auto/v1/pa/32/12/98/84/32129884_ffd5d449a1009a085967f0764a74e046-2d2b472"",""https://img.youtube.com/vi/xhsTp3y4jis/mqdefault.jpg""]",9,true,false,,Negocios Inmobiliarios Punta Pacífica  PJ-1052-14,Negocios Inmobiliario Punta Pacifica PJ-1052-14,agent,true,basic,,0,,2026-03-15,2026-03-15T21:01:15.833Z,2026-04-17T00:26:25.237Z,2026-04-17T02:01:40.195Z,2026-03-15T21:02:07.001Z,2026-04-17T02:54:43.854Z,true,1,,,
false,inactive,46360,32043530,se-vende-apartamento-via-centenario,https://www.encuentra24.com/panama-es/bienes-raices-venta-de-propiedades-apartamentos/se-vende-apartamento-via-centenario/32043530,sale,apartamentos,Apartments,"Se vende Apartamento, Vía Centenario","Detalles
            
  Bien reposeído en venta en PH ALTAMIRA GARDENS TORRE C VIA CENTENARIO",108000,USD,,,,,Panama City,Ancón,¡Pregunta al anunciante!,,,,2,2,1,75,,,,,,,,,,"[""https://photos.encuentra24.com/t_or_fh_l/f_auto/v1//images/temp/img1""]",1,false,false,,Bac Credomatic,Bac Panamá,agent,true,basic,,0,,2026-02-25,2026-02-25T21:01:06.082Z,2026-04-20T20:33:01.970Z,2026-04-20T22:01:15.078Z,2026-02-25T21:01:47.197Z,2026-04-20T22:54:24.905Z,true,1,,,
false,inactive,66230,32174059,venta-de-apartamento-ph-altamira-gardens-ancon-haga-una-oferta,https://www.encuentra24.com/panama-es/bienes-raices-venta-de-propiedades-apartamentos/venta-de-apartamento-ph-altamira-gardens-ancon-haga-una-oferta/32174059,sale,apartamentos,Apartments,Venta de Apartamento PH Altamira Gardens - Ancon. Haga una oferta,"Detalles
            
  ***Haga una oferta***

Magnifico Apartamento de 3 habitaciones, cuenta con una excelente ventilación cruzada lo que asegura un ambiente fresco y agradable durante todo el día. Además, dispone de 2 puestos de estacionamiento para su mayor comodidad y un depósito adicional para almacenamiento extra.

Imagínese viviendo en un lugar donde puede disfrutar los mejores atardeceres rodeado de la belleza natural y el aire puro que caracteriza a la zona. Altamira Gardens le ofrece a usted y a los suyos un estilo de vida relajante, en medio de una exuberante naturaleza tropical, convirtiéndose en un refugio perfecto para aquellos que buscan tranquilidad y bienestar.

Descripción del apartamento:
• 112 mt2
• Vista panorámica a la montaña
• Sala/comedor
• Cocina abierta con desayunador
• Balcón
• 3 habitaciones
• 2 baños completos
• 2 estacionamientos
• 1 depósito en el mismo piso del apartamento
• Lavandería a gas
• Mantenimiento: 224.00 $/mes (Incluye gas, agua, aseo, seguridad, conserjes).

Descripción del Edificio:
5 pisos
1 Elevador
Todos los estacionamientos en planta baja
Seguridad 24 horas
Tanque de reserva de agua
Áreas verdes
Moderna Área social con:
o Piscina de Adultos y Niños
o Área de BBQ
o Parque Infantil
o Gimnasio
o Sala de Fiestas
o Cancha de tenis
o Cancha de baloncesto
o Área verdes y zonas para hacer caminatas o correr

La ubicación es igualmente privilegiada. Muy cerca se encuentra Altaplaza Mall, uno de los centros comerciales más grandes de Panamá, que cuenta con una amplia variedad de servicios y entretenimiento. Además, la propiedad tiene un acceso conveniente a importantes vías de comunicación como el corredor norte y la autopista Panamá–Colón, lo que le permitirá desplazarse fácilmente a diferentes partes de la ciudad y sus alrededores. También se encuentra cerca de la Ciudad Hospitalaria, uno de los centros médicos más importantes del país, y Merca Panamá, el mercado más grande de productos frescos, asegurando que todas sus necesidades de salud y alimentación estén cubiertas.",131950,USD,,,,,Panama City,Ancón,"P.H. Altamira Gardens, Corregimiento de Ancón, Vía Centenario.",,9.04149543035661,-79.54831123352051,3,2,2,112,,,2018,1,2,Porcelanato,3,224,,"[""https://photos.encuentra24.com/t_or_fh_l/f_auto/v1/pa/32/17/40/59/32174059_895d42e29f3ab356cdafb7faa4e1e24a-af7741d"",""https://photos.encuentra24.com/t_or_fh_l/f_auto/v1/pa/32/17/40/59/32174059_895d42e29f3ab356cdafb7faa4e1e24a-715ca92"",""https://photos.encuentra24.com/t_or_fh_l/f_auto/v1/pa/32/17/40/59/32174059_895d42e29f3ab356cdafb7faa4e1e24a-609ee60"",""https://photos.encuentra24.com/t_or_fh_l/f_auto/v1/pa/32/17/40/59/32174059_895d42e29f3ab356cdafb7faa4e1e24a-bdebbaa"",""https://photos.encuentra24.com/t_or_fh_l/f_auto/v1/pa/32/17/40/59/32174059_895d42e29f3ab356cdafb7faa4e1e24a-d04de7f"",""https://photos.encuentra24.com/t_or_fh_l/f_auto/v1/pa/32/17/40/59/32174059_895d42e29f3ab356cdafb7faa4e1e24a-a09c7ea"",""https://photos.encuentra24.com/t_or_fh_l/f_auto/v1/pa/32/17/40/59/32174059_895d42e29f3ab356cdafb7faa4e1e24a-a4d0c37"",""https://photos.encuentra24.com/t_or_fh_l/f_auto/v1/pa/32/17/40/59/32174059_895d42e29f3ab356cdafb7faa4e1e24a-8b97f19"",""https://photos.encuentra24.com/t_or_fh_l/f_auto/v1/pa/32/17/40/59/32174059_895d42e29f3ab356cdafb7faa4e1e24a-fc9bedc"",""https://photos.encuentra24.com/t_or_fh_l/f_auto/v1/pa/32/17/40/59/32174059_895d42e29f3ab356cdafb7faa4e1e24a-6f60a88"",""https://photos.encuentra24.com/t_or_fh_l/f_auto/v1/pa/32/17/40/59/32174059_895d42e29f3ab356cdafb7faa4e1e24a-bb1f06c"",""https://photos.encuentra24.com/t_or_fh_l/f_auto/v1/pa/32/17/40/59/32174059_895d42e29f3ab356cdafb7faa4e1e24a-acd2994"",""https://photos.encuentra24.com/t_or_fh_l/f_auto/v1/pa/32/17/40/59/32174059_895d42e29f3ab356cdafb7faa4e1e24a-e46fb7f"",""https://photos.encuentra24.com/t_or_fh_l/f_auto/v1/pa/32/17/40/59/32174059_895d42e29f3ab356cdafb7faa4e1e24a-b6a45c0"",""https://photos.encuentra24.com/t_or_fh_l/f_auto/v1/pa/32/17/40/59/32174059_895d42e29f3ab356cdafb7faa4e1e24a-000c179"",""https://photos.encuentra24.com/t_or_fh_l/f_auto/v1/pa/32/17/40/59/32174059_895d42e29f3ab356cdafb7faa4e1e24a-e606a8d"",""https://photos.encuentra24.com/t_or_fh_l/f_auto/v1/pa/32/17/40/59/32174059_895d42e29f3ab356cdafb7faa4e1e24a-26debe1"",""https://photos.encuentra24.com/t_or_fh_l/f_auto/v1/pa/32/17/40/59/32174059_895d42e29f3ab356cdafb7faa4e1e24a-424a93b"",""https://photos.encuentra24.com/t_or_fh_l/f_auto/v1/pa/32/17/40/59/32174059_895d42e29f3ab356cdafb7faa4e1e24a-0aa8c46""]",19,false,false,,Laurent Antonio Lezcano,Laurent Antonio Lezcano,,false,basic,,0,,2026-03-22,2026-03-22T17:01:17.157Z,2026-04-21T01:24:20.588Z,2026-04-21T03:01:31.866Z,2026-03-22T17:01:22.035Z,2026-04-21T03:55:41.257Z,true,1,,"{""ProductId"":""32174059"",""Price"":131950,""Country"":""pa"",""Region"":""Anc\u00f3n"",""ParentRegion"":""Panama City"",""Bedrooms"":""3"",""Size"":""112"",""HousingType"":""Apartments"",""SaleType"":""SALE""}","{""id"":""32174059"",""name"":""Venta de Apartamento PH Altamira Gardens - Ancon. Haga una oferta"",""price"":131950,""pictureUrl"":""https:\/\/photos.encuentra24.com\/t_or_fw_s\/f_auto\/v1\/pa\/32\/17\/40\/59\/32174059_895d42e29f3ab356cdafb7faa4e1e24a-af7741d"",""url"":""https:\/\/www.encuentra24.com\/panama-es\/bienes-raices-venta-de-propiedades-apartamentos\/venta-de-apartamento-ph-altamira-gardens-ancon-haga-una-oferta\/32174059"",""isAvailable"":true,""categoryPaths"":[""Bienes Ra\u00edces\/Venta\/Apartamentos\/Panam\u00e1 Provincia\/Ciudad de Panam\u00e1\/Anc\u00f3n""],""description"":""Venta de Apartamento PH Altamira Gardens - Ancon. Haga una oferta"",""vendor"":""Laurent Antonio Lezcano"",""params"":{""region"":""Anc\u00f3n"",""printablePrice"":131950,""Rec\u00e1maras"":""3"",""Ba\u00f1os"":""2"",""\u00c1rea construida (m\u00b2)"":""112"",""Parking"":""2""},""stockId"":""316""}"
false,inactive,51092,32069438,en-venta-apartamento-con-jardin-en-altamira-gardens,https://www.encuentra24.com/panama-es/bienes-raices-venta-de-propiedades-apartamentos/en-venta-apartamento-con-jardin-en-altamira-gardens/32069438,sale,apartamentos,Apartments,EN VENTA APARTAMENTO CON JARDIN EN ALTAMIRA GARDENS,"Detalles
            
  Descubre el privilegio de vivir en un apartamento con concepto de casa, rodeado de naturaleza y total privacidad.

Este exclusivo apartamento en planta baja ofrece una amplia terraza con hermoso jardín privado, colindante con área verde de montaña, creando un ambiente natural, fresco y relajante todos los días. Además, cuenta con un balcón adicional que aporta aún más iluminación y ventilación natural.

Aquí disfrutarás lo mejor de dos mundos: la comodidad de un apartamento y la sensación de vivir en una casa, dentro de un residencial privado con garita de seguridad.
Caracteristicas
- 3 Recamaras
- 2 baños
- Sala / comedor.
- terraza con Jardin privado
- 2 Estacionamientos.

Amenidades del residencial:

Dos piscinas en diferentes niveles

Parque infantil

Gimnasio equipado

Cancha de tenis

Cancha multiuso (baloncesto y fútbol)

Múltiples estacionamientos para visitas

Seguridad 24/7

Ubicado en Altamira Gardens, un residencial privado que se eleva en lo alto de una loma, rodeado de naturaleza y tranquilidad.

Su estratégica ubicación permite rápido acceso al Corredor Norte, prestigiosos colegios y universidades, diversas plazas comerciales y al reconocido Altaplaza Mall.

Una propiedad ideal para familias, amantes de la naturaleza o quienes buscan privacidad, amplitud y una excelente inversión en una de las zonas con mayor conectividad de la ciudad.

_____________________________________________

Discover the privilege of living in an apartment with a home-style concept, surrounded by nature and complete privacy.

This exclusive ground-floor apartment features a spacious terrace with a beautiful private garden, bordering a lush green mountain area, creating a fresh, serene, and relaxing atmosphere every day. It also offers an additional balcony that enhances natural light and cross ventilation.

Here, you will enjoy the best of both worlds: the comfort of an apartment with the feeling of living in a house, within a private gated community with security checkpoint.

Residential Amenities:

Two swimming pools on different levels

Children’s playground

Fully equipped gym

Tennis court

Multi-use court (basketball and soccer)

Multiple visitor parking spaces

24/7 security

Located in Altamira Gardens, a private residential community perched atop a hill, surrounded by nature and tranquility.

Its strategic location provides quick access to Corredor Norte, top schools and universities, a wide variety of shopping plazas, and the renowned Altaplaza Mall.

An ideal property for families, nature lovers, or anyone seeking privacy, spacious living, and a solid investment opportunity in one of the city’s most well-connected areas.",215000,USD,,,,,Panama City,Ancón,¡Pregunta al anunciante!,,,,3,2,2,230,,,,,,,,,,"[""https://photos.encuentra24.com/t_or_fh_l/f_auto/v1/pa/32/06/94/38/32069438_0180671ee2e2fa7d2dae6f3f469287e2-1f396cd"",""https://photos.encuentra24.com/t_or_fh_l/f_auto/v1/pa/32/06/94/38/32069438_0180671ee2e2fa7d2dae6f3f469287e2-4d7a6ee"",""https://photos.encuentra24.com/t_or_fh_l/f_auto/v1/pa/32/06/94/38/32069438_0180671ee2e2fa7d2dae6f3f469287e2-a834554"",""https://photos.encuentra24.com/t_or_fh_l/f_auto/v1/pa/32/06/94/38/32069438_0180671ee2e2fa7d2dae6f3f469287e2-d3361a9"",""https://photos.encuentra24.com/t_or_fh_l/f_auto/v1/pa/32/06/94/38/32069438_0180671ee2e2fa7d2dae6f3f469287e2-df84c5d"",""https://photos.encuentra24.com/t_or_fh_l/f_auto/v1/pa/32/06/94/38/32069438_0180671ee2e2fa7d2dae6f3f469287e2-f58e16e"",""https://photos.encuentra24.com/t_or_fh_l/f_auto/v1/pa/32/06/94/38/32069438_0180671ee2e2fa7d2dae6f3f469287e2-8fbe811"",""https://photos.encuentra24.com/t_or_fh_l/f_auto/v1/pa/32/06/94/38/32069438_0180671ee2e2fa7d2dae6f3f469287e2-d4c6003"",""https://photos.encuentra24.com/t_or_fh_l/f_auto/v1/pa/32/06/94/38/32069438_0180671ee2e2fa7d2dae6f3f469287e2-57bc24c"",""https://photos.encuentra24.com/t_or_fh_l/f_auto/v1/pa/32/06/94/38/32069438_0180671ee2e2fa7d2dae6f3f469287e2-d4ee2ca"",""https://photos.encuentra24.com/t_or_fh_l/f_auto/v1/pa/32/06/94/38/32069438_0180671ee2e2fa7d2dae6f3f469287e2-431c561"",""https://photos.encuentra24.com/t_or_fh_l/f_auto/v1/pa/32/06/94/38/32069438_0180671ee2e2fa7d2dae6f3f469287e2-52f88be"",""https://photos.encuentra24.com/t_or_fh_l/f_auto/v1/pa/32/06/94/38/32069438_0180671ee2e2fa7d2dae6f3f469287e2-229a55e"",""https://photos.encuentra24.com/t_or_fh_l/f_auto/v1/pa/32/06/94/38/32069438_0180671ee2e2fa7d2dae6f3f469287e2-2c0147c"",""https://photos.encuentra24.com/t_or_fh_l/f_auto/v1/pa/32/06/94/38/32069438_0180671ee2e2fa7d2dae6f3f469287e2-60a09cc"",""https://photos.encuentra24.com/t_or_fh_l/f_auto/v1/pa/32/06/94/38/32069438_0180671ee2e2fa7d2dae6f3f469287e2-9ffff4b"",""https://photos.encuentra24.com/t_or_fh_l/f_auto/v1/pa/32/06/94/38/32069438_0180671ee2e2fa7d2dae6f3f469287e2-ec8e56b"",""https://photos.encuentra24.com/t_or_fh_l/f_auto/v1/pa/32/06/94/38/32069438_0180671ee2e2fa7d2dae6f3f469287e2-8028b04""]",18,false,false,,Grupo PREIC CORP,nadia kassabgi,agent,false,basic,,0,,2026-03-03,2026-03-04T02:01:26.715Z,2026-04-21T19:32:30.276Z,2026-04-21T21:01:25.191Z,2026-03-04T02:02:15.787Z,2026-04-21T21:48:09.281Z,true,1,,,
false,inactive,84749,32293925,ganga-venta-de-apartamento-en-ph-altamira-gardens,https://www.encuentra24.com/panama-es/bienes-raices-venta-de-propiedades-apartamentos/ganga-venta-de-apartamento-en-ph-altamira-gardens/32293925,sale,apartamentos,Apartamento,GANGA VENTA DE APARTAMENTO EN PH ALTAMIRA GARDENS,"VENTA DE APARTAMENTO AMOBLADO LISTO PARA OCUPAR EN PH ALTAMIRA GARDENS

2- RECAMARAS

2- BAÑOS

SALA COMEDOR

COCINA

AREA DE LAVANDERIA

BALCON

2- ESTACIONAMIENTOS

1- DEPOSITO

75 MT2",135000,USD,,1800,1800,,Ciudad de Panamá,Tumba Muerto,TUMBA MUERTO,,9.043063565083104,-79.54833269119258,2,2,2,75,,75,,,,Cerámica,,,,"[""https://photos.encuentra24.com/t_or_fh_l/f_auto/v1/pa/32/29/39/25/32293925_158cd35e3f74d58d8a8eba0c479967d2-f96f8f0"",""https://photos.encuentra24.com/t_or_fh_l/f_auto/v1/pa/32/29/39/25/32293925_158cd35e3f74d58d8a8eba0c479967d2-5aa6673"",""https://photos.encuentra24.com/t_or_fh_l/f_auto/v1/pa/32/29/39/25/32293925_158cd35e3f74d58d8a8eba0c479967d2-dac5206"",""https://photos.encuentra24.com/t_or_fh_l/f_auto/v1/pa/32/29/39/25/32293925_158cd35e3f74d58d8a8eba0c479967d2-d5bc5d2"",""https://photos.encuentra24.com/t_or_fh_l/f_auto/v1/pa/32/29/39/25/32293925_158cd35e3f74d58d8a8eba0c479967d2-4a95a24"",""https://photos.encuentra24.com/t_or_fh_l/f_auto/v1/pa/32/29/39/25/32293925_158cd35e3f74d58d8a8eba0c479967d2-7f3040d"",""https://photos.encuentra24.com/t_or_fh_l/f_auto/v1/pa/32/29/39/25/32293925_158cd35e3f74d58d8a8eba0c479967d2-282e091"",""https://photos.encuentra24.com/t_or_fh_l/f_auto/v1/pa/32/29/39/25/32293925_158cd35e3f74d58d8a8eba0c479967d2-712f736"",""https://photos.encuentra24.com/t_or_fh_l/f_auto/v1/pa/32/29/39/25/32293925_158cd35e3f74d58d8a8eba0c479967d2-f3c9f48"",""https://photos.encuentra24.com/t_or_fh_l/f_auto/v1/pa/32/29/39/25/32293925_158cd35e3f74d58d8a8eba0c479967d2-bcb7ea1"",""https://photos.encuentra24.com/t_or_fh_l/f_auto/v1/pa/32/29/39/25/32293925_158cd35e3f74d58d8a8eba0c479967d2-54f1c69"",""https://photos.encuentra24.com/t_or_fh_l/f_auto/v1/pa/32/29/39/25/32293925_158cd35e3f74d58d8a8eba0c479967d2-5f8550b""]",12,false,false,,Yusnady Gonzalez,Yusnady Gonzalez,,false,silver,,,"[""Cerca de Escuela"",""Pet Friendly"",""Cerca del Tráfico"",""Vista a las Montañas"",""Parking bajo techo"",""Parking de visitas"",""Seguridad 24 Horas"",""2 o más elevadores"",""Lavandería interna"",""Salón de fiestas"",""Gimnasio"",""A/C"",""Calle sin salida"",""Garaje techado"",""Sala y Comedor"",""Área Social"",""Walk-in closet"",""Área de BBQ"",""Lobby"",""Planta Eléctrica"",""Servicios"",""Despensa"",""Cocina amoblada"",""Comedor de diario"",""Aire acondicionado"",""Conserjería"",""Nevera"",""Estufa"",""Calentador de agua"",""Lavadora"",""Secadora""]",2026-04-16T04:09:20.000Z,2026-04-16T05:01:11.732Z,2026-04-26T22:19:45.622Z,2026-05-03T00:01:09.366Z,2026-04-16T05:01:22.100Z,2026-05-03T01:11:08.472Z,true,1,,"{""allowContactByForm"":true,""biUrl"":""https://www.encuentra24.com/clickhouse_mvp.php/lists?t=A6tRhZ1kQIRSNpmFobmfOI2%2Fb4yYlKuNTh5wlY5%2F8tRTxJLgczKZVw9HMmf9dMOMYtMrdX6%2BycWeNsxMbJDqxQ%2Fgycp%2FfbDPfEA0uwQBggzaT1NflUX4Og1ecMWcXzBrv%2FJ9v7pPKxtEV2exzFAAcmpOtw%2ByeoYEvD6o8GL%2BC02mhW294o26kIp38hzDlw2HaNqjuwxBLzfRBg7OEvrpZYgas5u1hXUpJ1JXROqabTI%3D&source_type=list"",""biUrls"":{""list"":""https://www.encuentra24.com/clickhouse_mvp.php/lists?t=A6tRhZ1kQIRSNpmFobmfOI2%2Fb4yYlKuNTh5wlY5%2F8tRTxJLgczKZVw9HMmf9dMOMYtMrdX6%2BycWeNsxMbJDqxQ%2Fgycp%2FfbDPfEA0uwQBggzaT1NflUX4Og1ecMWcXzBrv%2FJ9v7pPKxtEV2exzFAAcmpOtw%2ByeoYEvD6o8GL%2BC02mhW294o26kIp38hzDlw2HaNqjuwxBLzfRBg7OEvrpZYgas5u1hXUpJ1JXROqabTI%3D&source_type=list"",""visits"":""https://www.encuentra24.com/clickhouse_mvp.php/visits?t=A6tRhZ1kQIRSNpmFobmfOI2%2Fb4yYlKuNTh5wlY5%2F8tRTxJLgczKZVw9HMmf9dMOMYtMrdX6%2BycWeNsxMbJDqxQ%2Fgycp%2FfbDPfEA0uwQBggzaT1NflUX4Og1ecMWcXzBrv%2FJ9v7pPKxtEV2exzFAAcmpOtw%2ByeoYEvD6o8GL%2BC02mhW294o26kIp38hzDlw2HaNqjuwxBLzfRBg7OEvrpZYgas5u1hXUpJ1JXROqabTI%3D"",""favorites"":""https://www.encuentra24.com/clickhouse_mvp.php/favorites?t=A6tRhZ1kQIRSNpmFobmfOI2%2Fb4yYlKuNTh5wlY5%2F8tRTxJLgczKZVw9HMmf9dMOMYtMrdX6%2BycWeNsxMbJDqxQ%2Fgycp%2FfbDPfEA0uwQBggzaT1NflUX4Og1ecMWcXzBrv%2FJ9v7pPKxtEV2exzFAAcmpOtw%2ByeoYEvD6o8GL%2BC02mhW294o26kIp38hzDlw2HaNqjuwxBLzfRBg7OEvrpZbhgA5GBveqMvjmLJSSfV8Oe3ZdMNo%2BQG0AxqjFJGTr1lhIzHxmk7G%2FnbXaFLntIbg%3D%3D&favorite=1""},""dateCreated"":""$D2026-04-16T04:09:20.000Z"",""dateUpdated"":""$D2026-04-16T04:09:20.000Z"",""description"":""VENTA DE APARTAMENTO AMOBLADO LISTO PARA OCUPAR EN PH ALTAMIRA GARDENS \r<br />\n2- RECAMARAS \r<br />\n2- BAÑOS\r<br />\nSALA COMEDOR\r<br />\nCOCINA \r<br />\nAREA DE LAVANDERIA\r<br />\nBALCON \r<br />\n2- ESTACIONAMIENTOS\r<br />\n1- DEPOSITO \r<br />\n75 MT2"",""featured"":""silver"",""fieldset"":""property"",""funding"":{""enabled"":false,""type"":""externalurl"",""url"":false},""id"":""32293925"",""images"":[""https://photos.encuentra24.com/t_or_fh_m/f_auto/v1/pa/32/29/39/25/32293925_158cd35e3f74d58d8a8eba0c479967d2-f96f8f0"",""https://photos.encuentra24.com/t_or_fh_m/f_auto/v1/pa/32/29/39/25/32293925_158cd35e3f74d58d8a8eba0c479967d2-5aa6673"",""https://photos.encuentra24.com/t_or_fh_m/f_auto/v1/pa/32/29/39/25/32293925_158cd35e3f74d58d8a8eba0c479967d2-dac5206"",""https://photos.encuentra24.com/t_or_fh_m/f_auto/v1/pa/32/29/39/25/32293925_158cd35e3f74d58d8a8eba0c479967d2-d5bc5d2"",""https://photos.encuentra24.com/t_or_fh_m/f_auto/v1/pa/32/29/39/25/32293925_158cd35e3f74d58d8a8eba0c479967d2-4a95a24"",""https://photos.encuentra24.com/t_or_fh_m/f_auto/v1/pa/32/29/39/25/32293925_158cd35e3f74d58d8a8eba0c479967d2-7f3040d"",""https://photos.encuentra24.com/t_or_fh_m/f_auto/v1/pa/32/29/39/25/32293925_158cd35e3f74d58d8a8eba0c479967d2-282e091"",""https://photos.encuentra24.com/t_or_fh_m/f_auto/v1/pa/32/29/39/25/32293925_158cd35e3f74d58d8a8eba0c479967d2-712f736"",""https://photos.encuentra24.com/t_or_fh_m/f_auto/v1/pa/32/29/39/25/32293925_158cd35e3f74d58d8a8eba0c479967d2-f3c9f48"",""https://photos.encuentra24.com/t_or_fh_m/f_auto/v1/pa/32/29/39/25/32293925_158cd35e3f74d58d8a8eba0c479967d2-bcb7ea1"",""https://photos.encuentra24.com/t_or_fh_m/f_auto/v1/pa/32/29/39/25/32293925_158cd35e3f74d58d8a8eba0c479967d2-54f1c69"",""https://photos.encuentra24.com/t_or_fh_m/f_auto/v1/pa/32/29/39/25/32293925_158cd35e3f74d58d8a8eba0c479967d2-5f8550b""],""link"":""/panama-es/bienes-raices-venta-de-propiedades-apartamentos/ganga-venta-de-apartamento-en-ph-altamira-gardens/32293925"",""location"":{""address"":""Panama"",""locality"":""Tumba Muerto"",""city"":""Ciudad de Panamá"",""lat"":9.043063565083104,""lon"":-79.54833269119258,""zoom"":16},""mainCategory"":""Bienes Raíces"",""maintenanceCost"":""$undefined"",""price"":{""currency"":{""countryISO"":""es-PA"",""symbol"":""PAB""},""discount"":{""value"":null,""formatted"":""""},""amount"":{""value"":135000,""formatted"":""""},""amountFull"":{""value"":null,""formatted"":""""}},""price_value"":135000,""price_symbol"":""$$"",""price_discount"":null,""principalImage"":""https://photos.encuentra24.com/t_or_fh_m/f_auto/v1/pa/32/29/39/25/32293925_158cd35e3f74d58d8a8eba0c479967d2-f96f8f0"",""principalVideo"":"""",""rent"":""$undefined"",""showCall"":true,""showWhatsapp"":true,""title"":""GANGA VENTA DE APARTAMENTO EN PH ALTAMIRA GARDENS"",""active"":true,""user"":{""id"":""400831"",""name"":""Yusnady Gonzalez"",""verified"":false,""avatar"":""https://photos.encuentra24.com/t_user_photo/v1/users/photo/40/08/31/400831_a78339"",""contact"":{""whatsapp"":""#.2395==<A;>>DB"",""phone1"":{""isMobile"":true,""number"":""%-56<8@@?D>AAGE""},""phone2"":{""isMobile"":true,""number"":""-289?;CCBGADDJH""},""company"":"""",""license"":""""}},""youtubeVideo"":"""",""reposted"":false,""subCategoryType"":""Apartamento"",""square"":""75"",""rooms"":""2"",""bathrooms"":""2"",""parking"":""2"",""regionName"":""Tumba Muerto"",""propertyPrice"":""135000"",""lotSize"":""75"",""exactAddress"":""TUMBA MUERTO"",""pricePerM2Total"":{""amount"":{""value"":1800,""formatted"":""""}},""pricePerM2Square"":{""amount"":{""value"":1800,""formatted"":""""}},""units"":""$undefined"",""benefits"":[""Cerca de Escuela"",""Pet Friendly"",""Cerca del Tráfico"",""Vista a las Montañas"",""Parking bajo techo"",""Parking de visitas"",""Seguridad 24 Horas"",""2 o más elevadores"",""Lavandería interna"",""Salón de fiestas"",""Gimnasio"",""A/C"",""Calle sin salida"",""Garaje techado"",""Sala y Comedor"",""Área Social"",""Walk-in closet"",""Área de BBQ"",""Lobby"",""Planta Eléctrica"",""Servicios"",""Despensa"",""Cocina amoblada"",""Comedor de diario"",""Aire acondicionado"",""Conserjería"",""Nevera"",""Estufa"",""Calentador de agua"",""Lavadora"",""Secadora""],""roomHeight"":null,""age"":null,""stories"":null,""balcon"":null,""swimmingPool"":true,""floorType"":""Cerámica"",""floor"":null,""pdfPlan"":null,""status"":null,""hallmark"":{""text"":null,""color"":null},""projectStatus"":null,""projectModels"":{""square"":null,""rooms"":null,""bathrooms"":null,""price"":null},""known"":true}",
false,inactive,75790,32241037,venta-apartamento-ph-altamira-gardens-remate-bancario-se-reciben-ofertas,https://www.encuentra24.com/panama-es/bienes-raices-venta-de-propiedades-apartamentos/venta-apartamento-ph-altamira-gardens-remate-bancario-se-reciben-ofertas/32241037,sale,apartamentos,Apartments,Venta Apartamento PH Altamira Gardens. Remate bancario. Se reciben ofertas,"Detalles
            
  ***Se reciben ofertas***

Vive rodeado de naturaleza a 5 minutos de la ciudad de la saludo. Este apartamento de 2 habitaciones cuenta con una excelente ventilación cruzada, lo que asegura un ambiente fresco y agradable durante todo el día. Además, dispone de 2 puestos de estacionamiento para su mayor comodidad y un depósito adicional para almacenamiento extra.

La ubicación es igualmente privilegiada. Muy cerca se encuentra Altaplaza Mall, uno de los centros comerciales más grandes de Panamá, que cuenta con una amplia variedad de servicios y entretenimiento. Allí podrá encontrar supermercados bien surtidos, una diversa selección de restaurantes para todos los gustos, modernas salas de cine, múltiples almacenes con una amplia gama de productos, bancos para todas sus necesidades financieras y muchos otros puntos de interés que facilitarán su vida diaria.

Además, la propiedad tiene un acceso conveniente a importantes vías de comunicación como el corredor norte y la autopista Panamá–Colón, lo que le permitirá desplazarse fácilmente a diferentes partes de la ciudad y sus alrededores. También se encuentra cerca de la Ciudad Hospitalaria, uno de los centros médicos más importantes del país, y Merca Panamá, el mercado más grande de productos frescos, asegurando que todas sus necesidades de salud y alimentación estén cubiertas.

Descripción del Apartamento:
• 75 mt2
• Patio privado con vista a la naturaleza
• Vista Panorámica a la montaña
• 2 habitaciones (Hab. ppal. con baño y closet)
• 2 Baños completos
• Sala-Comedor con acceso a Terraza y Patio privado
• Cómoda Lavandería
• Terraza techada cerrada
• Cocina abierta con desayunador
• 2 Estacionamientos(uno detrás del otro).
• 1 depósito amplio frente al apartamento
• Mantenimiento: 150.00 $/mes (Incluye gas, agua y aseo).

Descripción del Edificio:
6 pisos
1 Elevador
Todos los estacionamientos en planta baja
Seguridad 24 horas
Tanque de reserva de agua
Áreas verdes
Moderna Área social con:
o Piscina de Adultos y Niños
o Área de BBQ
o Parque Infantil
o Gimnasio
o Sala de Fiestas
o Cancha de tenis
o Cancha de baloncesto
o Área verdes y zonas para hacer caminatas o correr",108000,USD,,,,,Panama City,Ancón,"P.H. Altamira Gardens, Corregimiento de Ancón, Vía Centenario.",,9.04098684465421,-79.54951286315918,2,2,2,75,,,2013,1,2,Porcelanato,3,150,,"[""https://photos.encuentra24.com/t_or_fh_l/f_auto/v1/pa/32/24/10/37/32241037_8e89bb8a016ebe75ffbc3a15d9cdaf35-04dbe3b"",""https://photos.encuentra24.com/t_or_fh_l/f_auto/v1/pa/32/24/10/37/32241037_8e89bb8a016ebe75ffbc3a15d9cdaf35-a23976e"",""https://photos.encuentra24.com/t_or_fh_l/f_auto/v1/pa/32/24/10/37/32241037_8e89bb8a016ebe75ffbc3a15d9cdaf35-b33c1f5"",""https://photos.encuentra24.com/t_or_fh_l/f_auto/v1/pa/32/24/10/37/32241037_8e89bb8a016ebe75ffbc3a15d9cdaf35-e02d7c4"",""https://photos.encuentra24.com/t_or_fh_l/f_auto/v1/pa/32/24/10/37/32241037_8e89bb8a016ebe75ffbc3a15d9cdaf35-4c8de2b"",""https://photos.encuentra24.com/t_or_fh_l/f_auto/v1/pa/32/24/10/37/32241037_8e89bb8a016ebe75ffbc3a15d9cdaf35-9607f66"",""https://photos.encuentra24.com/t_or_fh_l/f_auto/v1/pa/32/24/10/37/32241037_8e89bb8a016ebe75ffbc3a15d9cdaf35-4ba50af"",""https://photos.encuentra24.com/t_or_fh_l/f_auto/v1/pa/32/24/10/37/32241037_8e89bb8a016ebe75ffbc3a15d9cdaf35-d2c633a"",""https://photos.encuentra24.com/t_or_fh_l/f_auto/v1/pa/32/24/10/37/32241037_8e89bb8a016ebe75ffbc3a15d9cdaf35-957b935"",""https://photos.encuentra24.com/t_or_fh_l/f_auto/v1/pa/32/24/10/37/32241037_8e89bb8a016ebe75ffbc3a15d9cdaf35-2319996"",""https://photos.encuentra24.com/t_or_fh_l/f_auto/v1/pa/32/24/10/37/32241037_8e89bb8a016ebe75ffbc3a15d9cdaf35-7d75108"",""https://photos.encuentra24.com/t_or_fh_l/f_auto/v1/pa/32/24/10/37/32241037_8e89bb8a016ebe75ffbc3a15d9cdaf35-3fd74e2"",""https://photos.encuentra24.com/t_or_fh_l/f_auto/v1/pa/32/24/10/37/32241037_8e89bb8a016ebe75ffbc3a15d9cdaf35-0039ab5"",""https://photos.encuentra24.com/t_or_fh_l/f_auto/v1/pa/32/24/10/37/32241037_8e89bb8a016ebe75ffbc3a15d9cdaf35-9dcaccf"",""https://photos.encuentra24.com/t_or_fh_l/f_auto/v1/pa/32/24/10/37/32241037_8e89bb8a016ebe75ffbc3a15d9cdaf35-e6c0e60"",""https://photos.encuentra24.com/t_or_fh_l/f_auto/v1/pa/32/24/10/37/32241037_8e89bb8a016ebe75ffbc3a15d9cdaf35-ee0bac7"",""https://photos.encuentra24.com/t_or_fh_l/f_auto/v1/pa/32/24/10/37/32241037_8e89bb8a016ebe75ffbc3a15d9cdaf35-1a1da47"",""https://photos.encuentra24.com/t_or_fh_l/f_auto/v1/pa/32/24/10/37/32241037_8e89bb8a016ebe75ffbc3a15d9cdaf35-599c077"",""https://photos.encuentra24.com/t_or_fh_l/f_auto/v1/pa/32/24/10/37/32241037_8e89bb8a016ebe75ffbc3a15d9cdaf35-3527da8""]",19,false,false,,Laurent Antonio Lezcano,Laurent Antonio Lezcano,,false,basic,,0,,2026-04-03,2026-04-03T16:01:32.932Z,2026-04-26T22:28:57.910Z,2026-05-03T00:01:09.366Z,2026-04-03T16:01:53.046Z,2026-05-03T01:11:08.472Z,true,1,,"{""ProductId"":""32241037"",""Price"":108000,""Country"":""pa"",""Region"":""Anc\u00f3n"",""ParentRegion"":""Panama City"",""Bedrooms"":""2"",""Size"":""75"",""HousingType"":""Apartments"",""SaleType"":""SALE""}","{""id"":""32241037"",""name"":""Venta Apartamento PH Altamira Gardens. Remate bancario. Se reciben ofertas"",""price"":108000,""pictureUrl"":""https:\/\/photos.encuentra24.com\/t_or_fw_s\/f_auto\/v1\/pa\/32\/24\/10\/37\/32241037_8e89bb8a016ebe75ffbc3a15d9cdaf35-04dbe3b"",""url"":""https:\/\/www.encuentra24.com\/panama-es\/bienes-raices-venta-de-propiedades-apartamentos\/venta-apartamento-ph-altamira-gardens-remate-bancario-se-reciben-ofertas\/32241037"",""isAvailable"":true,""categoryPaths"":[""Bienes Ra\u00edces\/Venta\/Apartamentos\/Panam\u00e1 Provincia\/Ciudad de Panam\u00e1\/Anc\u00f3n""],""description"":""Venta Apartamento PH Altamira Gardens. Remate bancario. Se reciben ofertas"",""vendor"":""Laurent Antonio Lezcano"",""params"":{""region"":""Anc\u00f3n"",""printablePrice"":108000,""Rec\u00e1maras"":""2"",""Ba\u00f1os"":""2"",""\u00c1rea construida (m\u00b2)"":""75"",""Parking"":""2""},""stockId"":""316""}"
false,inactive,52389,32076074,se-vende-apartamento-ph-altamira-gardens-en-ancon-125-000,https://www.encuentra24.com/panama-es/bienes-raices-venta-de-propiedades-apartamentos/se-vende-apartamento-ph-altamira-gardens-en-ancon-125-000/32076074,sale,apartamentos,Apartments,"SE VENDE APARTAMENTO PH ALTAMIRA GARDENS EN ANCON $125,000","Detalles
            
  SE VENDE APARTAMENTO PH ALTAMIRA GARDENS EN ANCON $125,000

 

2R

2B

1E

1 BALCON

Contáctanos al",125000,USD,,,,,Panama City,Ancón,¡Pregunta al anunciante!,,9.0422599,-79.5476758,2,2,1,87.6,,,,,,,,150,,"[""https://photos.encuentra24.com/t_or_fh_l/f_auto/v1/pa/32/07/60/74/32076074_8ef388"",""https://photos.encuentra24.com/t_or_fh_l/f_auto/v1/pa/32/07/60/74/32076074_8376be"",""https://photos.encuentra24.com/t_or_fh_l/f_auto/v1/pa/32/07/60/74/32076074_316115"",""https://photos.encuentra24.com/t_or_fh_l/f_auto/v1/pa/32/07/60/74/32076074_69c7f7"",""https://photos.encuentra24.com/t_or_fh_l/f_auto/v1/pa/32/07/60/74/32076074_cdbc11"",""https://photos.encuentra24.com/t_or_fh_l/f_auto/v1/pa/32/07/60/74/32076074_1c6c4f"",""https://photos.encuentra24.com/t_or_fh_l/f_auto/v1/pa/32/07/60/74/32076074_a37f92"",""https://photos.encuentra24.com/t_or_fh_l/f_auto/v1/pa/32/07/60/74/32076074_5f2239"",""https://photos.encuentra24.com/t_or_fh_l/f_auto/v1/pa/32/07/60/74/32076074_62f526"",""https://photos.encuentra24.com/t_or_fh_l/f_auto/v1/pa/32/07/60/74/32076074_fb1876"",""https://photos.encuentra24.com/t_or_fh_l/f_auto/v1/pa/32/07/60/74/32076074_2d0fdf""]",11,false,false,,DG PROPERTIES INC.,DG PROPERTIES INC,,false,basic,,0,,2026-03-05,2026-03-05T10:01:06.586Z,2026-04-26T22:43:23.144Z,2026-05-03T00:01:09.366Z,2026-03-05T10:02:18.333Z,2026-05-03T01:11:08.472Z,true,1,,,
false,inactive,28391,31954725,se-vende-apartamento-ph-altamira-gardens-en-ancon-172-000-negociable,https://www.encuentra24.com/panama-es/bienes-raices-venta-de-propiedades-apartamentos/se-vende-apartamento-ph-altamira-gardens-en-ancon-172-000-negociable/31954725,sale,apartamentos,Apartments,"SE VENDE APARTAMENTO PH ALTAMIRA GARDENS EN ANCON $172,000(negociable)","Detalles
            
  SE VENDE APARTAMENTO PH ALTAMIRA GARDENS EN ANCON $172,000(negociable)

3R

2B

2E

2 BALCONES

1 DEPÓSITO

Contáctanos al",172000,USD,,,,,Panama City,Ancón,¡Pregunta al anunciante!,,9.0422599,-79.5476758,3,2,2,125,,,,,,,,250,,"[""https://photos.encuentra24.com/t_or_fh_l/f_auto/v1/pa/31/95/47/25/31954725_77c286"",""https://photos.encuentra24.com/t_or_fh_l/f_auto/v1/pa/31/95/47/25/31954725_b6a71b"",""https://photos.encuentra24.com/t_or_fh_l/f_auto/v1/pa/31/95/47/25/31954725_1fd95e"",""https://photos.encuentra24.com/t_or_fh_l/f_auto/v1/pa/31/95/47/25/31954725_a82db8"",""https://photos.encuentra24.com/t_or_fh_l/f_auto/v1/pa/31/95/47/25/31954725_8d5282"",""https://photos.encuentra24.com/t_or_fh_l/f_auto/v1/pa/31/95/47/25/31954725_c466e2"",""https://photos.encuentra24.com/t_or_fh_l/f_auto/v1/pa/31/95/47/25/31954725_4f16e8"",""https://photos.encuentra24.com/t_or_fh_l/f_auto/v1/pa/31/95/47/25/31954725_472936"",""https://photos.encuentra24.com/t_or_fh_l/f_auto/v1/pa/31/95/47/25/31954725_848723"",""https://photos.encuentra24.com/t_or_fh_l/f_auto/v1/pa/31/95/47/25/31954725_b0cb64"",""https://img.youtube.com/vi/FwRaw4i1h1t-v5hf/mqdefault.jpg""]",11,true,false,,DG PROPERTIES INC.,DG PROPERTIES INC,,false,basic,,0,,2026-02-04,2026-02-10T03:49:22.114Z,2026-04-26T22:48:28.874Z,2026-05-03T00:01:09.366Z,2026-02-10T03:49:34.507Z,2026-05-03T01:11:08.472Z,true,1,,,
false,inactive,28388,31954729,se-vende-apartamento-ph-altamira-gardens-en-ancon-185-000,https://www.encuentra24.com/panama-es/bienes-raices-venta-de-propiedades-apartamentos/se-vende-apartamento-ph-altamira-gardens-en-ancon-185-000/31954729,sale,apartamentos,Apartments,"SE VENDE APARTAMENTO PH ALTAMIRA GARDENS EN ANCON $185,000","Detalles
            
  SE VENDE APARTAMENTO PH ALTAMIRA GARDENS EN ANCON $185,000

3R

2B

2E

1 BALCON

AS

Contactar al",185000,USD,,,,,Panama City,Ancón,¡Pregunta al anunciante!,,9.0429571,-79.5483712,3,2,2,128,,,,,,,,250,,"[""https://photos.encuentra24.com/t_or_fh_l/f_auto/v1/pa/31/95/47/29/31954729_9ba388"",""https://photos.encuentra24.com/t_or_fh_l/f_auto/v1/pa/31/95/47/29/31954729_b1bef5"",""https://photos.encuentra24.com/t_or_fh_l/f_auto/v1/pa/31/95/47/29/31954729_fb20a0"",""https://photos.encuentra24.com/t_or_fh_l/f_auto/v1/pa/31/95/47/29/31954729_c25629"",""https://photos.encuentra24.com/t_or_fh_l/f_auto/v1/pa/31/95/47/29/31954729_a715f7"",""https://photos.encuentra24.com/t_or_fh_l/f_auto/v1/pa/31/95/47/29/31954729_55625f"",""https://photos.encuentra24.com/t_or_fh_l/f_auto/v1/pa/31/95/47/29/31954729_066390"",""https://photos.encuentra24.com/t_or_fh_l/f_auto/v1/pa/31/95/47/29/31954729_64b4c8"",""https://photos.encuentra24.com/t_or_fh_l/f_auto/v1/pa/31/95/47/29/31954729_f9de02"",""https://photos.encuentra24.com/t_or_fh_l/f_auto/v1/pa/31/95/47/29/31954729_c4c5b7"",""https://photos.encuentra24.com/t_or_fh_l/f_auto/v1/pa/31/95/47/29/31954729_0dd39f"",""https://photos.encuentra24.com/t_or_fh_l/f_auto/v1/pa/31/95/47/29/31954729_73f61d"",""https://photos.encuentra24.com/t_or_fh_l/f_auto/v1/pa/31/95/47/29/31954729_2a4367"",""https://photos.encuentra24.com/t_or_fh_l/f_auto/v1/pa/31/95/47/29/31954729_a6341c"",""https://photos.encuentra24.com/t_or_fh_l/f_auto/v1/pa/31/95/47/29/31954729_b2a6ab"",""https://photos.encuentra24.com/t_or_fh_l/f_auto/v1/pa/31/95/47/29/31954729_45edb8"",""https://photos.encuentra24.com/t_or_fh_l/f_auto/v1/pa/31/95/47/29/31954729_7e2877"",""https://photos.encuentra24.com/t_or_fh_l/f_auto/v1/pa/31/95/47/29/31954729_228764"",""https://photos.encuentra24.com/t_or_fh_l/f_auto/v1/pa/31/95/47/29/31954729_9cfe14"",""https://photos.encuentra24.com/t_or_fh_l/f_auto/v1/pa/31/95/47/29/31954729_eee06f"",""https://img.youtube.com/vi/FwRaw4i1h1t-v5hf/mqdefault.jpg""]",21,true,false,,DG PROPERTIES INC.,DG PROPERTIES INC,,false,basic,,0,,2026-02-04,2026-02-10T03:49:22.114Z,2026-04-26T22:48:28.874Z,2026-05-03T00:01:09.366Z,2026-02-10T03:49:34.230Z,2026-05-03T01:11:08.472Z,true,1,,,
false,inactive,21973,31954691,se-vende-apartamento-en-ph-altamira-gardens-en-ancon-140-000,https://www.encuentra24.com/panama-es/bienes-raices-venta-de-propiedades-apartamentos/se-vende-apartamento-en-ph-altamira-gardens-en-ancon-140-000/31954691,sale,apartamentos,Apartments,"SE VENDE APARTAMENTO EN PH ALTAMIRA GARDENS EN ANCÓN $140,000","Detalles
            
  SE VENDE APARTAMENTO EN PH ALTAMIRA GARDENS EN ANCÓN $140,000 negociable!!!

 

2R

2B

1E

Contáctanos al",140000,USD,,,,,Panama City,Ancón,¡Pregunta al anunciante!,,9.0422599,-79.5476758,2,2,1,80,,,,,,,,250,,"[""https://photos.encuentra24.com/t_or_fh_l/f_auto/v1/pa/31/95/46/91/31954691_e94d16"",""https://photos.encuentra24.com/t_or_fh_l/f_auto/v1/pa/31/95/46/91/31954691_ef3e7c"",""https://photos.encuentra24.com/t_or_fh_l/f_auto/v1/pa/31/95/46/91/31954691_54b928"",""https://photos.encuentra24.com/t_or_fh_l/f_auto/v1/pa/31/95/46/91/31954691_532e03"",""https://photos.encuentra24.com/t_or_fh_l/f_auto/v1/pa/31/95/46/91/31954691_fb36e8"",""https://photos.encuentra24.com/t_or_fh_l/f_auto/v1/pa/31/95/46/91/31954691_41c4a6"",""https://photos.encuentra24.com/t_or_fh_l/f_auto/v1/pa/31/95/46/91/31954691_878dc1"",""https://photos.encuentra24.com/t_or_fh_l/f_auto/v1/pa/31/95/46/91/31954691_701346"",""https://photos.encuentra24.com/t_or_fh_l/f_auto/v1/pa/31/95/46/91/31954691_50b57b"",""https://photos.encuentra24.com/t_or_fh_l/f_auto/v1/pa/31/95/46/91/31954691_6458c2"",""https://img.youtube.com/vi/FwRaw4i1h1t-v5hf/mqdefault.jpg""]",11,true,false,309,DG PROPERTIES INC.,DG PROPERTIES INC,,false,basic,,0,,2026-02-04,2026-02-09T05:13:46.821Z,2026-04-26T22:48:32.957Z,2026-05-03T00:01:09.366Z,2026-02-10T05:16:17.144Z,2026-05-03T01:11:08.472Z,true,1,,,
false,inactive,20648,31954704,se-vende-apartamento-ph-altamira-gardens-en-ancon-185-000-negociable,https://www.encuentra24.com/panama-es/bienes-raices-venta-de-propiedades-apartamentos/se-vende-apartamento-ph-altamira-gardens-en-ancon-185-000-negociable/31954704,sale,apartamentos,Apartments,"SE VENDE APARTAMENTO PH ALTAMIRA GARDENS EN ANCON $185,000(negociable)","Detalles
            
  SE VENDE APARTAMENTO PH ALTAMIRA GARDENS EN ANCON $185,000(negociable)

3R

2B

1E

2 BALCONES

1 DEPÓSITO

Contáctanos al",185000,USD,,,,,Panama City,Ancón,¡Pregunta al anunciante!,,9.0422599,-79.5476758,3,2,1,128,,,,,,,,224,,"[""https://photos.encuentra24.com/t_or_fh_l/f_auto/v1/pa/31/95/47/04/31954704_12da4a"",""https://photos.encuentra24.com/t_or_fh_l/f_auto/v1/pa/31/95/47/04/31954704_afe71a"",""https://photos.encuentra24.com/t_or_fh_l/f_auto/v1/pa/31/95/47/04/31954704_982e2e"",""https://photos.encuentra24.com/t_or_fh_l/f_auto/v1/pa/31/95/47/04/31954704_056e54"",""https://photos.encuentra24.com/t_or_fh_l/f_auto/v1/pa/31/95/47/04/31954704_6e41cb"",""https://photos.encuentra24.com/t_or_fh_l/f_auto/v1/pa/31/95/47/04/31954704_ec7215"",""https://photos.encuentra24.com/t_or_fh_l/f_auto/v1/pa/31/95/47/04/31954704_cbba17"",""https://photos.encuentra24.com/t_or_fh_l/f_auto/v1/pa/31/95/47/04/31954704_183bfc"",""https://photos.encuentra24.com/t_or_fh_l/f_auto/v1/pa/31/95/47/04/31954704_44d561"",""https://photos.encuentra24.com/t_or_fh_l/f_auto/v1/pa/31/95/47/04/31954704_ca263c"",""https://img.youtube.com/vi/FwRaw4i1h1t-v5hf/mqdefault.jpg""]",11,true,false,309,DG PROPERTIES INC.,DG PROPERTIES INC,,false,basic,,0,,2026-02-04,2026-02-09T05:06:38.622Z,2026-04-26T22:48:28.874Z,2026-05-03T00:01:09.366Z,2026-02-10T05:11:34.907Z,2026-05-03T01:11:08.472Z,true,1,,,
false,inactive,20633,31954703,se-vende-apartamento-en-ph-altamira-gardens-en-ancon-210-0000,https://www.encuentra24.com/panama-es/bienes-raices-venta-de-propiedades-apartamentos/se-vende-apartamento-en-ph-altamira-gardens-en-ancon-210-0000/31954703,sale,apartamentos,Apartments,"SE VENDE APARTAMENTO EN PH ALTAMIRA GARDENS EN ANCON $210,0000","Detalles
            
  SE VENDE APARTAMENTO EN PH ALTAMIRA GARDENS EN ANCON $210,0000

3R

2B

1E

2 BALCONES

1 DEPÓSITO

Contáctanos al",210000,USD,,,,,Panama City,Ancón,¡Pregunta al anunciante!,,9.0422599,-79.5476758,3,2,1,125,,,,,,,,250,,"[""https://photos.encuentra24.com/t_or_fh_l/f_auto/v1/pa/31/95/47/03/31954703_63c1cf"",""https://photos.encuentra24.com/t_or_fh_l/f_auto/v1/pa/31/95/47/03/31954703_539ea2"",""https://photos.encuentra24.com/t_or_fh_l/f_auto/v1/pa/31/95/47/03/31954703_44fd8e"",""https://photos.encuentra24.com/t_or_fh_l/f_auto/v1/pa/31/95/47/03/31954703_96c0bb"",""https://photos.encuentra24.com/t_or_fh_l/f_auto/v1/pa/31/95/47/03/31954703_8b3e03"",""https://photos.encuentra24.com/t_or_fh_l/f_auto/v1/pa/31/95/47/03/31954703_13140c"",""https://photos.encuentra24.com/t_or_fh_l/f_auto/v1/pa/31/95/47/03/31954703_810a3f"",""https://photos.encuentra24.com/t_or_fh_l/f_auto/v1/pa/31/95/47/03/31954703_16f07a"",""https://photos.encuentra24.com/t_or_fh_l/f_auto/v1/pa/31/95/47/03/31954703_961def"",""https://photos.encuentra24.com/t_or_fh_l/f_auto/v1/pa/31/95/47/03/31954703_764625"",""https://img.youtube.com/vi/FwRaw4i1h1t-v5hf/mqdefault.jpg""]",11,true,false,309,DG PROPERTIES INC.,DG PROPERTIES INC,,false,basic,,0,,2026-02-04,2026-02-09T05:06:38.622Z,2026-04-26T22:48:28.874Z,2026-05-03T00:01:09.366Z,2026-02-10T05:11:34.080Z,2026-05-03T01:11:08.472Z,true,1,,,
false,inactive,20321,31954709,se-vende-apartamento-ph-altamira-gardens-en-ancon-165-000,https://www.encuentra24.com/panama-es/bienes-raices-venta-de-propiedades-apartamentos/se-vende-apartamento-ph-altamira-gardens-en-ancon-165-000/31954709,sale,apartamentos,Apartments,"SE VENDE APARTAMENTO PH ALTAMIRA GARDENS EN ANCON $165,000","Detalles
            
  SE VENDE APARTAMENTO PH ALTAMIRA GARDENS EN ANCON $165,000 (negociable)

3R

2B

1E

2 BALCONES

1 DEPÓSITO

Contáctanos al",165000,USD,,,,,Panama City,Ancón,¡Pregunta al anunciante!,,9.0422599,-79.5476758,3,2,1,125,,,,,,,,250,,"[""https://photos.encuentra24.com/t_or_fh_l/f_auto/v1/pa/31/95/47/09/31954709_281f67"",""https://photos.encuentra24.com/t_or_fh_l/f_auto/v1/pa/31/95/47/09/31954709_1579db"",""https://photos.encuentra24.com/t_or_fh_l/f_auto/v1/pa/31/95/47/09/31954709_67660f"",""https://photos.encuentra24.com/t_or_fh_l/f_auto/v1/pa/31/95/47/09/31954709_d100b0"",""https://photos.encuentra24.com/t_or_fh_l/f_auto/v1/pa/31/95/47/09/31954709_b7a88b"",""https://photos.encuentra24.com/t_or_fh_l/f_auto/v1/pa/31/95/47/09/31954709_3b7bb4"",""https://photos.encuentra24.com/t_or_fh_l/f_auto/v1/pa/31/95/47/09/31954709_605fad"",""https://photos.encuentra24.com/t_or_fh_l/f_auto/v1/pa/31/95/47/09/31954709_f2187c"",""https://photos.encuentra24.com/t_or_fh_l/f_auto/v1/pa/31/95/47/09/31954709_9ca468"",""https://photos.encuentra24.com/t_or_fh_l/f_auto/v1/pa/31/95/47/09/31954709_e27d37"",""https://photos.encuentra24.com/t_or_fh_l/f_auto/v1/pa/31/95/47/09/31954709_6ec6d7"",""https://photos.encuentra24.com/t_or_fh_l/f_auto/v1/pa/31/95/47/09/31954709_5ed137"",""https://photos.encuentra24.com/t_or_fh_l/f_auto/v1/pa/31/95/47/09/31954709_28b8b9"",""https://photos.encuentra24.com/t_or_fh_l/f_auto/v1/pa/31/95/47/09/31954709_43a06c"",""https://photos.encuentra24.com/t_or_fh_l/f_auto/v1/pa/31/95/47/09/31954709_af98a0"",""https://photos.encuentra24.com/t_or_fh_l/f_auto/v1/pa/31/95/47/09/31954709_f513d2"",""https://photos.encuentra24.com/t_or_fh_l/f_auto/v1/pa/31/95/47/09/31954709_f664d9"",""https://photos.encuentra24.com/t_or_fh_l/f_auto/v1/pa/31/95/47/09/31954709_2e0aa1"",""https://photos.encuentra24.com/t_or_fh_l/f_auto/v1/pa/31/95/47/09/31954709_1e0ef5"",""https://photos.encuentra24.com/t_or_fh_l/f_auto/v1/pa/31/95/47/09/31954709_5a0e92"",""https://img.youtube.com/vi/FwRaw4i1h1t-v5hf/mqdefault.jpg""]",21,true,false,309,DG PROPERTIES INC.,DG PROPERTIES INC,,false,basic,,0,,2026-02-04,2026-02-09T05:05:13.835Z,2026-04-26T22:48:28.874Z,2026-05-03T00:01:09.366Z,2026-02-10T05:10:20.546Z,2026-05-03T01:11:08.472Z,true,1,,,
false,inactive,92479,32342544,ganga-venta-de-apartamento-en-ph-altamira-gardens,https://www.encuentra24.com/panama-es/bienes-raices-venta-de-propiedades-apartamentos/ganga-venta-de-apartamento-en-ph-altamira-gardens/32342544,sale,apartamentos,Apartamento,GANGA VENTA DE APARTAMENTO EN PH ALTAMIRA GARDENS,"VENTA DE AMPLIO APARTAMENTO AMOBLADO CON UNA EXCELENTE VISTA

2- RECAMARAS

2- BAÑOS

SALA COMEDOR

COCINA

AREA DE LAVANDERIA

BALCON

2- ESTACIONAMIENTOS

1- DEPOSITO

75MT2",135000,USD,,1800,1800,,Ciudad de Panamá,Tumba Muerto,TUMBA MUERTO,,9.043169519886378,-79.54839706420894,2,2,2,75,,75,,,,Cerámica,,,,"[""https://photos.encuentra24.com/t_or_fh_l/f_auto/v1/pa/32/34/25/44/32342544_216a667509d8babd4828c9e7330fd3fe-8f1bd3c"",""https://photos.encuentra24.com/t_or_fh_l/f_auto/v1/pa/32/34/25/44/32342544_216a667509d8babd4828c9e7330fd3fe-2ee2de5"",""https://photos.encuentra24.com/t_or_fh_l/f_auto/v1/pa/32/34/25/44/32342544_216a667509d8babd4828c9e7330fd3fe-b578e8f"",""https://photos.encuentra24.com/t_or_fh_l/f_auto/v1/pa/32/34/25/44/32342544_216a667509d8babd4828c9e7330fd3fe-ad2a6da"",""https://photos.encuentra24.com/t_or_fh_l/f_auto/v1/pa/32/34/25/44/32342544_216a667509d8babd4828c9e7330fd3fe-bfb987e"",""https://photos.encuentra24.com/t_or_fh_l/f_auto/v1/pa/32/34/25/44/32342544_216a667509d8babd4828c9e7330fd3fe-278967a"",""https://photos.encuentra24.com/t_or_fh_l/f_auto/v1/pa/32/34/25/44/32342544_216a667509d8babd4828c9e7330fd3fe-3ba8193"",""https://photos.encuentra24.com/t_or_fh_l/f_auto/v1/pa/32/34/25/44/32342544_216a667509d8babd4828c9e7330fd3fe-9615011"",""https://photos.encuentra24.com/t_or_fh_l/f_auto/v1/pa/32/34/25/44/32342544_216a667509d8babd4828c9e7330fd3fe-38bfb13"",""https://photos.encuentra24.com/t_or_fh_l/f_auto/v1/pa/32/34/25/44/32342544_216a667509d8babd4828c9e7330fd3fe-ef3ecd1"",""https://photos.encuentra24.com/t_or_fh_l/f_auto/v1/pa/32/34/25/44/32342544_216a667509d8babd4828c9e7330fd3fe-ecb6ad2"",""https://photos.encuentra24.com/t_or_fh_l/f_auto/v1/pa/32/34/25/44/32342544_216a667509d8babd4828c9e7330fd3fe-901fdff""]",12,false,false,,Yusnady Gonzalez,Yusnady Gonzalez,,false,basic,,,"[""Cerca de Escuela"",""Cerca del Tráfico"",""Vista a las Montañas"",""Parking bajo techo"",""Parking de visitas"",""Seguridad 24 Horas"",""Lavandería interna"",""Salón de fiestas"",""Parque Infantil"",""Gimnasio"",""Desayunador"",""A/C"",""Sala y Comedor"",""Área Social"",""Walk-in closet"",""Área de BBQ"",""Lobby"",""Despensa"",""Cocina amoblada"",""Comedor de diario"",""Aire acondicionado"",""Conserjería"",""Nevera"",""Estufa"",""Calentador de agua"",""Lavadora"",""Secadora""]",2026-04-27T00:01:09.000Z,2026-04-27T01:01:21.642Z,2026-05-03T06:16:01.042Z,2026-05-10T08:01:03.690Z,2026-04-27T01:01:41.886Z,2026-05-10T09:23:15.370Z,true,1,,"{""allowContactByForm"":true,""biUrl"":""https://www.encuentra24.com/clickhouse_mvp.php/lists?t=A6tRhZ1kQIRSNpmFobmfOI2%2Fb4yYlKuNTh5wlY5%2F8tRTxJLgczKZVw9HMmf9dMOMYtMrdX6%2BycWeNsxMbJDqxQ%2Fgycp%2FfbDPfEA0uwQBggzaT1NflUX4Og1ecMWcXzBrv%2FJ9v7pPKxtEV2exzFAAck5ip2dYj8WqD%2BumBF%2FLxWPBRm66l5QBCN9bTo1ExpolUEALLiwW0FMulaxLSXCAVCapj7po2HgEpyp82l48jng%3D&source_type=list"",""biUrls"":{""list"":""https://www.encuentra24.com/clickhouse_mvp.php/lists?t=A6tRhZ1kQIRSNpmFobmfOI2%2Fb4yYlKuNTh5wlY5%2F8tRTxJLgczKZVw9HMmf9dMOMYtMrdX6%2BycWeNsxMbJDqxQ%2Fgycp%2FfbDPfEA0uwQBggzaT1NflUX4Og1ecMWcXzBrv%2FJ9v7pPKxtEV2exzFAAck5ip2dYj8WqD%2BumBF%2FLxWPBRm66l5QBCN9bTo1ExpolUEALLiwW0FMulaxLSXCAVCapj7po2HgEpyp82l48jng%3D&source_type=list"",""visits"":""https://www.encuentra24.com/clickhouse_mvp.php/visits?t=A6tRhZ1kQIRSNpmFobmfOI2%2Fb4yYlKuNTh5wlY5%2F8tRTxJLgczKZVw9HMmf9dMOMYtMrdX6%2BycWeNsxMbJDqxQ%2Fgycp%2FfbDPfEA0uwQBggzaT1NflUX4Og1ecMWcXzBrv%2FJ9v7pPKxtEV2exzFAAck5ip2dYj8WqD%2BumBF%2FLxWPBRm66l5QBCN9bTo1ExpolUEALLiwW0FMulaxLSXCAVCapj7po2HgEpyp82l48jng%3D"",""favorites"":""https://www.encuentra24.com/clickhouse_mvp.php/favorites?t=A6tRhZ1kQIRSNpmFobmfOI2%2Fb4yYlKuNTh5wlY5%2F8tRTxJLgczKZVw9HMmf9dMOMYtMrdX6%2BycWeNsxMbJDqxQ%2Fgycp%2FfbDPfEA0uwQBggzaT1NflUX4Og1ecMWcXzBrv%2FJ9v7pPKxtEV2exzFAAck5ip2dYj8WqD%2BumBF%2FLxWPBRm66l5QBCN9bTo1ExpolUEALLiwW0FMulaxLSXCAVHmZjDhDQLC6YOz8L1zOaTBwdDELqMih0hyqSlPH6UhZgWcxE4vLTVi%2BMbt5kyu5Kw%3D%3D&favorite=1""},""dateCreated"":""$D2026-04-27T00:01:09.000Z"",""dateUpdated"":""$D2026-04-27T00:10:16.000Z"",""description"":""VENTA DE AMPLIO APARTAMENTO AMOBLADO CON UNA EXCELENTE VISTA \r<br />\n2- RECAMARAS\r<br />\n2- BAÑOS\r<br />\nSALA COMEDOR\r<br />\nCOCINA \r<br />\nAREA DE LAVANDERIA \r<br />\nBALCON \r<br />\n2- ESTACIONAMIENTOS\r<br />\n1- DEPOSITO\r<br />\n75MT2"",""featured"":null,""fieldset"":""property"",""funding"":{""enabled"":false,""type"":""externalurl"",""url"":false},""id"":""32342544"",""images"":[""https://photos.encuentra24.com/t_or_fh_m/f_auto/v1/pa/32/34/25/44/32342544_216a667509d8babd4828c9e7330fd3fe-8f1bd3c"",""https://photos.encuentra24.com/t_or_fh_m/f_auto/v1/pa/32/34/25/44/32342544_216a667509d8babd4828c9e7330fd3fe-2ee2de5"",""https://photos.encuentra24.com/t_or_fh_m/f_auto/v1/pa/32/34/25/44/32342544_216a667509d8babd4828c9e7330fd3fe-b578e8f"",""https://photos.encuentra24.com/t_or_fh_m/f_auto/v1/pa/32/34/25/44/32342544_216a667509d8babd4828c9e7330fd3fe-ad2a6da"",""https://photos.encuentra24.com/t_or_fh_m/f_auto/v1/pa/32/34/25/44/32342544_216a667509d8babd4828c9e7330fd3fe-bfb987e"",""https://photos.encuentra24.com/t_or_fh_m/f_auto/v1/pa/32/34/25/44/32342544_216a667509d8babd4828c9e7330fd3fe-278967a"",""https://photos.encuentra24.com/t_or_fh_m/f_auto/v1/pa/32/34/25/44/32342544_216a667509d8babd4828c9e7330fd3fe-3ba8193"",""https://photos.encuentra24.com/t_or_fh_m/f_auto/v1/pa/32/34/25/44/32342544_216a667509d8babd4828c9e7330fd3fe-9615011"",""https://photos.encuentra24.com/t_or_fh_m/f_auto/v1/pa/32/34/25/44/32342544_216a667509d8babd4828c9e7330fd3fe-38bfb13"",""https://photos.encuentra24.com/t_or_fh_m/f_auto/v1/pa/32/34/25/44/32342544_216a667509d8babd4828c9e7330fd3fe-ef3ecd1"",""https://photos.encuentra24.com/t_or_fh_m/f_auto/v1/pa/32/34/25/44/32342544_216a667509d8babd4828c9e7330fd3fe-ecb6ad2"",""https://photos.encuentra24.com/t_or_fh_m/f_auto/v1/pa/32/34/25/44/32342544_216a667509d8babd4828c9e7330fd3fe-901fdff""],""link"":""/panama-es/bienes-raices-venta-de-propiedades-apartamentos/ganga-venta-de-apartamento-en-ph-altamira-gardens/32342544"",""location"":{""address"":""Panama"",""locality"":""Tumba Muerto"",""city"":""Ciudad de Panamá"",""lat"":9.043169519886378,""lon"":-79.54839706420894,""zoom"":16},""mainCategory"":""Bienes Raíces"",""maintenanceCost"":""$undefined"",""price"":{""currency"":{""countryISO"":""es-PA"",""symbol"":""PAB""},""discount"":{""value"":null,""formatted"":""""},""amount"":{""value"":135000,""formatted"":""""},""amountFull"":{""value"":null,""formatted"":""""}},""price_value"":135000,""price_symbol"":""$$"",""price_discount"":null,""principalImage"":""https://photos.encuentra24.com/t_or_fh_m/f_auto/v1/pa/32/34/25/44/32342544_216a667509d8babd4828c9e7330fd3fe-8f1bd3c"",""principalVideo"":"""",""rent"":""$undefined"",""showCall"":true,""showWhatsapp"":true,""title"":""GANGA VENTA DE APARTAMENTO EN PH ALTAMIRA GARDENS"",""active"":true,""user"":{""id"":""400831"",""name"":""Yusnady Gonzalez"",""verified"":false,""avatar"":""https://photos.encuentra24.com/t_user_photo/v1/users/photo/40/08/31/400831_a78339"",""contact"":{""whatsapp"":"",.;<B>FFEJDGGMK"",""phone1"":{""isMobile"":true,""number"":""$$-45;7??>C=@@FD""},""phone2"":{""isMobile"":true,""number"":""(-89?;CCBGADDJH""},""company"":"""",""license"":""""}},""youtubeVideo"":"""",""reposted"":false,""subCategoryType"":""Apartamento"",""square"":""75"",""rooms"":""2"",""bathrooms"":""2"",""parking"":""2"",""regionName"":""Tumba Muerto"",""propertyPrice"":""135000"",""lotSize"":""75"",""exactAddress"":""TUMBA MUERTO"",""pricePerM2Total"":{""amount"":{""value"":1800,""formatted"":""""}},""pricePerM2Square"":{""amount"":{""value"":1800,""formatted"":""""}},""units"":""$undefined"",""benefits"":[""Cerca de Escuela"",""Cerca del Tráfico"",""Vista a las Montañas"",""Parking bajo techo"",""Parking de visitas"",""Seguridad 24 Horas"",""Lavandería interna"",""Salón de fiestas"",""Parque Infantil"",""Gimnasio"",""Desayunador"",""A/C"",""Sala y Comedor"",""Área Social"",""Walk-in closet"",""Área de BBQ"",""Lobby"",""Despensa"",""Cocina amoblada"",""Comedor de diario"",""Aire acondicionado"",""Conserjería"",""Nevera"",""Estufa"",""Calentador de agua"",""Lavadora"",""Secadora""],""roomHeight"":null,""age"":null,""stories"":null,""balcon"":""Balcón"",""swimmingPool"":true,""floorType"":""Cerámica"",""floor"":null,""pdfPlan"":null,""status"":null,""hallmark"":{""text"":""Ganga"",""color"":""#5B02C5""},""projectStatus"":null,""projectModels"":{""square"":null,""rooms"":null,""bathrooms"":null,""price"":null},""known"":true}",
false,inactive,91828,32334716,se-vende-amplio-apartamento-en-ph-altamira-gardens-cerca-de-altaplaza,https://www.encuentra24.com/panama-es/bienes-raices-venta-de-propiedades-apartamentos/se-vende-amplio-apartamento-en-ph-altamira-gardens-cerca-de-altaplaza/32334716,sale,apartamentos,Apartamento,SE VENDE AMPLIO APARTAMENTO EN PH ALTAMIRA GARDENS CERCA DE ALTAPLAZA,"Se vende amplio y remodelado apartamento en PH Altamira Gardens por $255,000. Una excelente oportunidad para quienes buscan comodidad, amplitud y mejoras recientes en una ubicación privilegiada.

 Características:

• 150 m² bien distribuidos

• 4 recámaras (una actualmente adaptada como estudio, fácilmente reversible)

• 4 baños

• 2 estacionamientos

• Línea blanca en excelente estado y con poco uso

• A/A en recámara principal

• A/A central en sala

• Ventiladores instalados el año pasado en sala y una recámara

• Recámara principal remodelada hace un año con muebles y cama relativamente nuevos

 Mobiliario de cocina y baños hecho a medida.

 Opción de venta amoblado o semi amoblado, ajustando costos según lo que deseen incluir.

 Para más información o agendar visita, llamar al .",255000,USD,,1700,1700,,Ciudad de Panamá,Ancón,,,,,4,4,2,150,,150,,,,,,,,"[""https://photos.encuentra24.com/t_or_fh_l/f_auto/v1/pa/32/33/47/16/32334716_7dd729"",""https://photos.encuentra24.com/t_or_fh_l/f_auto/v1/pa/32/33/47/16/32334716_9b7a0c"",""https://photos.encuentra24.com/t_or_fh_l/f_auto/v1/pa/32/33/47/16/32334716_bce985"",""https://photos.encuentra24.com/t_or_fh_l/f_auto/v1/pa/32/33/47/16/32334716_c3649f"",""https://photos.encuentra24.com/t_or_fh_l/f_auto/v1/pa/32/33/47/16/32334716_c68554"",""https://photos.encuentra24.com/t_or_fh_l/f_auto/v1/pa/32/33/47/16/32334716_b6023e"",""https://photos.encuentra24.com/t_or_fh_l/f_auto/v1/pa/32/33/47/16/32334716_8f8335"",""https://photos.encuentra24.com/t_or_fh_l/f_auto/v1/pa/32/33/47/16/32334716_79b0f9""]",8,false,false,,DG PROPERTIES INC,DG PROPERTIES INC,,false,basic,,,,2026-04-25T05:28:14.000Z,2026-04-25T11:01:49.526Z,2026-05-03T06:17:58.727Z,2026-05-10T08:01:03.690Z,2026-04-25T11:01:58.985Z,2026-05-10T09:23:15.370Z,true,1,,"{""allowContactByForm"":true,""biUrl"":""https://www.encuentra24.com/clickhouse_mvp.php/lists?t=A6tRhZ1kQIRSNpmFobmfOI2%2Fb4yYlKuNTh5wlY5%2F8tRTxJLgczKZVw9HMmf9dMOMYtMrdX6%2BycWeNsxMbJDqxQ%2Fgycp%2FfbDPfEA0uwQBggzaT1NflUX4Og1ecMWcXzBrv%2FJ9v7pPKxtEV2exzFAAcsf2CpaAmp5f8b2x9Cienf2r3bz%2Bq1ldGwDLJ8m0JUxhc7jmfXYo4lBOW1VvkNQ6gaw8ElTIUZXgfsVxLOJSKY0%3D&source_type=list"",""biUrls"":{""list"":""https://www.encuentra24.com/clickhouse_mvp.php/lists?t=A6tRhZ1kQIRSNpmFobmfOI2%2Fb4yYlKuNTh5wlY5%2F8tRTxJLgczKZVw9HMmf9dMOMYtMrdX6%2BycWeNsxMbJDqxQ%2Fgycp%2FfbDPfEA0uwQBggzaT1NflUX4Og1ecMWcXzBrv%2FJ9v7pPKxtEV2exzFAAcsf2CpaAmp5f8b2x9Cienf2r3bz%2Bq1ldGwDLJ8m0JUxhc7jmfXYo4lBOW1VvkNQ6gaw8ElTIUZXgfsVxLOJSKY0%3D&source_type=list"",""visits"":""https://www.encuentra24.com/clickhouse_mvp.php/visits?t=A6tRhZ1kQIRSNpmFobmfOI2%2Fb4yYlKuNTh5wlY5%2F8tRTxJLgczKZVw9HMmf9dMOMYtMrdX6%2BycWeNsxMbJDqxQ%2Fgycp%2FfbDPfEA0uwQBggzaT1NflUX4Og1ecMWcXzBrv%2FJ9v7pPKxtEV2exzFAAcsf2CpaAmp5f8b2x9Cienf2r3bz%2Bq1ldGwDLJ8m0JUxhc7jmfXYo4lBOW1VvkNQ6gaw8ElTIUZXgfsVxLOJSKY0%3D"",""favorites"":""https://www.encuentra24.com/clickhouse_mvp.php/favorites?t=A6tRhZ1kQIRSNpmFobmfOI2%2Fb4yYlKuNTh5wlY5%2F8tRTxJLgczKZVw9HMmf9dMOMYtMrdX6%2BycWeNsxMbJDqxQ%2Fgycp%2FfbDPfEA0uwQBggzaT1NflUX4Og1ecMWcXzBrv%2FJ9v7pPKxtEV2exzFAAcsf2CpaAmp5f8b2x9Cienf2r3bz%2Bq1ldGwDLJ8m0JUxhc7jmfXYo4lBOW1VvkNQ6ge%2B5GW2Ayq6mqHNKU1jDQwyNsAeAyWJADN3sPW7vqN8i2ShVkXaou%2FXkN69srNAAPA%3D%3D&favorite=1""},""dateCreated"":""$D2026-04-25T05:28:14.000Z"",""dateUpdated"":""$D2026-04-25T05:30:23.000Z"",""description"":""Se vende amplio y remodelado apartamento en PH Altamira Gardens por $255,000. Una excelente oportunidad para quienes buscan comodidad, amplitud y mejoras recientes en una ubicación privilegiada.<br />\n<br />\n Características:<br />\n• 150 m² bien distribuidos<br />\n• 4 recámaras (una actualmente adaptada como estudio, fácilmente reversible)<br />\n• 4 baños<br />\n• 2 estacionamientos<br />\n• Línea blanca en excelente estado y con poco uso<br />\n• A/A en recámara principal<br />\n• A/A central en sala<br />\n• Ventiladores instalados el año pasado en sala y una recámara<br />\n• Recámara principal remodelada hace un año con muebles y cama relativamente nuevos<br />\n<br />\n Mobiliario de cocina y baños hecho a medida.<br />\n<br />\n Opción de venta amoblado o semi amoblado, ajustando costos según lo que deseen incluir.<br />\n<br />\n Para más información o agendar visita, llamar al ."",""featured"":null,""fieldset"":""property"",""funding"":{""enabled"":false,""type"":""externalurl"",""url"":false},""id"":""32334716"",""images"":[""https://photos.encuentra24.com/t_or_fh_m/f_auto/v1/pa/32/33/47/16/32334716_7dd729"",""https://photos.encuentra24.com/t_or_fh_m/f_auto/v1/pa/32/33/47/16/32334716_9b7a0c"",""https://photos.encuentra24.com/t_or_fh_m/f_auto/v1/pa/32/33/47/16/32334716_bce985"",""https://photos.encuentra24.com/t_or_fh_m/f_auto/v1/pa/32/33/47/16/32334716_c3649f"",""https://photos.encuentra24.com/t_or_fh_m/f_auto/v1/pa/32/33/47/16/32334716_c68554"",""https://photos.encuentra24.com/t_or_fh_m/f_auto/v1/pa/32/33/47/16/32334716_b6023e"",""https://photos.encuentra24.com/t_or_fh_m/f_auto/v1/pa/32/33/47/16/32334716_8f8335"",""https://photos.encuentra24.com/t_or_fh_m/f_auto/v1/pa/32/33/47/16/32334716_79b0f9""],""link"":""/panama-es/bienes-raices-venta-de-propiedades-apartamentos/se-vende-amplio-apartamento-en-ph-altamira-gardens-cerca-de-altaplaza/32334716"",""location"":{""address"":""Panamá, Obarrio, PH SFC, Oficina 26B."",""locality"":""Ancón"",""city"":""Ciudad de Panamá"",""lat"":0,""lon"":0,""zoom"":0},""mainCategory"":""Bienes Raíces"",""maintenanceCost"":""$undefined"",""price"":{""currency"":{""countryISO"":""es-PA"",""symbol"":""PAB""},""discount"":{""value"":null,""formatted"":""""},""amount"":{""value"":255000,""formatted"":""""},""amountFull"":{""value"":null,""formatted"":""""}},""price_value"":255000,""price_symbol"":""$$"",""price_discount"":null,""principalImage"":""https://photos.encuentra24.com/t_or_fh_m/f_auto/v1/pa/32/33/47/16/32334716_7dd729"",""principalVideo"":"""",""rent"":""$undefined"",""showCall"":true,""showWhatsapp"":true,""title"":""SE VENDE AMPLIO APARTAMENTO EN PH ALTAMIRA GARDENS CERCA DE ALTAPLAZA"",""active"":true,""user"":{""id"":""799282"",""name"":""DG PROPERTIES INC"",""verified"":false,""avatar"":""https://photos.encuentra24.com/t_user_logo/v1/users/logo/79/92/82/799282_dc5610"",""contact"":{""whatsapp"":""*,;<B>FFEFFGHOI"",""phone1"":{""isMobile"":true,""number"":""*256<8@@?@@ABIC""},""phone2"":{""isMobile"":true,""number"":""'+9:@<DDFBIFGDM""},""company"":""DG PROPERTIES INC"",""license"":""""}},""youtubeVideo"":"""",""reposted"":false,""subCategoryType"":""Apartamento"",""square"":""150"",""rooms"":""4"",""bathrooms"":""4"",""parking"":""2"",""regionName"":""Ancón"",""propertyPrice"":""255000"",""lotSize"":""150"",""exactAddress"":null,""pricePerM2Total"":{""amount"":{""value"":1700,""formatted"":""""}},""pricePerM2Square"":{""amount"":{""value"":1700,""formatted"":""""}},""units"":""$undefined"",""benefits"":[],""roomHeight"":null,""age"":null,""stories"":null,""balcon"":null,""swimmingPool"":null,""floorType"":null,""floor"":null,""pdfPlan"":null,""status"":null,""hallmark"":{""text"":null,""color"":null},""projectStatus"":null,""projectModels"":{""square"":null,""rooms"":null,""bathrooms"":null,""price"":null},""known"":true}",
false,inactive,67060,32176667,se-vende-apartamento-en-la-tumba-muerto-ph-altavista-towers,https://www.encuentra24.com/panama-es/bienes-raices-venta-de-propiedades-apartamentos/se-vende-apartamento-en-la-tumba-muerto-ph-altavista-towers/32176667,sale,apartamentos,Apartments,Se Vende Apartamento En La Tumba Muerto PH Altavista Towers,"Detalles
            
  B&B Panama Le Ofrece Un Excelente Apartamento Amoblado En Venta en Altamira Gardens Tumba Muerto 

88 mts de construcción
2 recámaras
2 baños
Sala 
Comedor,mas un estudio 
Cocina
Área de lavandería
un puesto de estacionamiento mas un deposito 

El PH Altavista Towers cuenta con lobby, garita de seguridad las 24 horas,area social,piscina de adultos,piscina para niños,gimnasio.salon social,cancha de basquetbol y microfutbol parque para niños,ultimo piso 4 apartamentos por piso,2 elevadores 

B&B REAL ESTATE PANAMÁ S.A.
“NO VENDEMOS SUEÑOS, LOS CONSTRUIMOS CONTIGO...”

PARA MAYOR INFORMACIÓN COMUNÍCATE AL:
CEL: 
COD. BB-LC
CW.",145000,USD,,,,,Panama City,Tumba Muerto,¡Pregunta al anunciante!,,9.0426482219879,-79.548345051468,2,2,1,88,,,,,,,,,,"[""https://photos.encuentra24.com/t_or_fh_l/f_auto/v1/pa/32/17/66/67/32176667_679f96"",""https://photos.encuentra24.com/t_or_fh_l/f_auto/v1/pa/32/17/66/67/32176667_5c5cd9"",""https://photos.encuentra24.com/t_or_fh_l/f_auto/v1/pa/32/17/66/67/32176667_3a5b7f"",""https://photos.encuentra24.com/t_or_fh_l/f_auto/v1/pa/32/17/66/67/32176667_e3fecd"",""https://photos.encuentra24.com/t_or_fh_l/f_auto/v1/pa/32/17/66/67/32176667_908fcc"",""https://photos.encuentra24.com/t_or_fh_l/f_auto/v1/pa/32/17/66/67/32176667_d09334"",""https://photos.encuentra24.com/t_or_fh_l/f_auto/v1/pa/32/17/66/67/32176667_2efc13"",""https://photos.encuentra24.com/t_or_fh_l/f_auto/v1/pa/32/17/66/67/32176667_0f3d47"",""https://photos.encuentra24.com/t_or_fh_l/f_auto/v1/pa/32/17/66/67/32176667_d6341b"",""https://photos.encuentra24.com/t_or_fh_l/f_auto/v1/pa/32/17/66/67/32176667_7f9c4c"",""https://photos.encuentra24.com/t_or_fh_l/f_auto/v1/pa/32/17/66/67/32176667_6b2e81"",""https://photos.encuentra24.com/t_or_fh_l/f_auto/v1/pa/32/17/66/67/32176667_22abd8"",""https://photos.encuentra24.com/t_or_fh_l/f_auto/v1/pa/32/17/66/67/32176667_79b37c"",""https://photos.encuentra24.com/t_or_fh_l/f_auto/v1/pa/32/17/66/67/32176667_083f9f"",""https://photos.encuentra24.com/t_or_fh_l/f_auto/v1/pa/32/17/66/67/32176667_496369"",""https://photos.encuentra24.com/t_or_fh_l/f_auto/v1/pa/32/17/66/67/32176667_23bcfc""]",16,false,false,,B&B REAL ESTATE PANAMÁ,B&B Real Estate Panama S.A.,agent,true,basic,,0,,2026-03-23,2026-03-23T18:02:45.412Z,2026-05-03T04:36:27.957Z,2026-05-10T08:01:03.690Z,2026-03-23T18:02:52.904Z,2026-05-10T09:23:15.370Z,true,1,"
{
  ""@context"":""http://schema.org"",
  ""@type"":""Product"",
  ""description"": ""B&B Panama Le Ofrece Un Excelente Apartamento Amoblado En Venta en Altamira Gardens Tumba Muerto ..."",
  ""offers"":{
    ""@type"":""Offer"",
    ""availability"": ""http://schema.org/InStock"",
    ""availableAtOrFrom"": {
      ""@type"": ""Place"",
      ""address"": {
        ""@type"": ""PostalAddress"",
        ""addressCountry"": ""Panamá"",
        ""streetAddress"": """",
        ""addressLocality"": ""Tumba Muerto"",
        ""postalCode"": """"
      }
    },
    ""price"":145000.00,
    ""priceCurrency"":""USD"",
    ""url"": ""https://www.encuentra24.com/panama-es/bienes-raices-venta-de-propiedades-apartamentos/se-vende-apartamento-en-la-tumba-muerto-ph-altavista-towers/32176667"",
    ""seller"":{
      ""@type"":""Organization"",
      ""name"":""Agente B&amp;amp;B Real Estate Panama S.A."",
      ""address"":{
        ""addressLocality"":""Ph Oceania Torre 1000, Oficina 25-E"",
        ""addressRegion"":""Ciudad de Panamá""
      }
    }
  },
  ""image"":{
    ""@type"":""ImageObject"",
    ""contentUrl"": ""https://photos.encuentra24.com/t_or_fh_l/f_auto/v1/pa/32/17/66/67/32176667_679f96""
  },
  ""name"":""Se Vende Apartamento En La Tumba Muerto PH Altavista Towers""
}
","{""ProductId"":""32176667"",""Price"":145000,""Country"":""pa"",""Region"":""Tumba Muerto"",""ParentRegion"":""Panama City"",""Bedrooms"":""2"",""Size"":""88"",""HousingType"":""Apartments"",""SaleType"":""SALE""}","{""id"":""32176667"",""name"":""Se Vende Apartamento En La Tumba Muerto PH Altavista Towers"",""price"":145000,""pictureUrl"":""https:\/\/photos.encuentra24.com\/t_or_fw_s\/f_auto\/v1\/pa\/32\/17\/66\/67\/32176667_679f96"",""url"":""https:\/\/www.encuentra24.com\/panama-es\/bienes-raices-venta-de-propiedades-apartamentos\/se-vende-apartamento-en-la-tumba-muerto-ph-altavista-towers\/32176667"",""isAvailable"":true,""categoryPaths"":[""Bienes Ra\u00edces\/Venta\/Apartamentos\/Panam\u00e1 Provincia\/Ciudad de Panam\u00e1\/Betania\/Tumba Muerto""],""description"":""Se Vende Apartamento En La Tumba Muerto PH Altavista Towers"",""vendor"":""B&B REAL ESTATE PANAM\u00c1"",""params"":{""region"":""Tumba Muerto"",""printablePrice"":145000,""Rec\u00e1maras"":""2"",""Ba\u00f1os"":""2"",""\u00c1rea construida (m\u00b2)"":""88"",""Parking"":""1""},""stockId"":""316""}"
false,inactive,93207,32347761,venta-de-apartamento-en-ph-altamira-gardens-ancon-haga-una-oferta,https://www.encuentra24.com/panama-es/bienes-raices-venta-de-propiedades-apartamentos/venta-de-apartamento-en-ph-altamira-gardens-ancon-haga-una-oferta/32347761,sale,apartamentos,Apartamento,Venta de Apartamento en PH Altamira Gardens - Ancón. Haga una oferta,,165000,USD,,1473.2142857142858,1473.2142857142858,,Ciudad de Panamá,Ancón,"P.H. Altamira Gardens, Corregimiento de Ancón, Vía Centenario.",,9.043042374119032,-79.54811811447144,3,2,2,112,,112,2015,1,3,Porcelanato,3,224,,"[""https://photos.encuentra24.com/t_or_fh_l/f_auto/v1/pa/32/34/77/61/32347761_98363903b546b49ebb609db12c97b7ee-a3d30c4"",""https://photos.encuentra24.com/t_or_fh_l/f_auto/v1/pa/32/34/77/61/32347761_98363903b546b49ebb609db12c97b7ee-8dc62a7"",""https://photos.encuentra24.com/t_or_fh_l/f_auto/v1/pa/32/34/77/61/32347761_98363903b546b49ebb609db12c97b7ee-754f973"",""https://photos.encuentra24.com/t_or_fh_l/f_auto/v1/pa/32/34/77/61/32347761_98363903b546b49ebb609db12c97b7ee-2c4d525"",""https://photos.encuentra24.com/t_or_fh_l/f_auto/v1/pa/32/34/77/61/32347761_98363903b546b49ebb609db12c97b7ee-26125e5"",""https://photos.encuentra24.com/t_or_fh_l/f_auto/v1/pa/32/34/77/61/32347761_98363903b546b49ebb609db12c97b7ee-7100871"",""https://photos.encuentra24.com/t_or_fh_l/f_auto/v1/pa/32/34/77/61/32347761_98363903b546b49ebb609db12c97b7ee-e6beee1"",""https://photos.encuentra24.com/t_or_fh_l/f_auto/v1/pa/32/34/77/61/32347761_98363903b546b49ebb609db12c97b7ee-d6c451e"",""https://photos.encuentra24.com/t_or_fh_l/f_auto/v1/pa/32/34/77/61/32347761_98363903b546b49ebb609db12c97b7ee-33f95a0"",""https://photos.encuentra24.com/t_or_fh_l/f_auto/v1/pa/32/34/77/61/32347761_98363903b546b49ebb609db12c97b7ee-e074f86"",""https://photos.encuentra24.com/t_or_fh_l/f_auto/v1/pa/32/34/77/61/32347761_98363903b546b49ebb609db12c97b7ee-3699211"",""https://photos.encuentra24.com/t_or_fh_l/f_auto/v1/pa/32/34/77/61/32347761_98363903b546b49ebb609db12c97b7ee-14f9963"",""https://photos.encuentra24.com/t_or_fh_l/f_auto/v1/pa/32/34/77/61/32347761_98363903b546b49ebb609db12c97b7ee-c9aed40"",""https://photos.encuentra24.com/t_or_fh_l/f_auto/v1/pa/32/34/77/61/32347761_98363903b546b49ebb609db12c97b7ee-eaf060b"",""https://photos.encuentra24.com/t_or_fh_l/f_auto/v1/pa/32/34/77/61/32347761_98363903b546b49ebb609db12c97b7ee-5f40d28"",""https://photos.encuentra24.com/t_or_fh_l/f_auto/v1/pa/32/34/77/61/32347761_98363903b546b49ebb609db12c97b7ee-b4cd5ba"",""https://photos.encuentra24.com/t_or_fh_l/f_auto/v1/pa/32/34/77/61/32347761_98363903b546b49ebb609db12c97b7ee-c15db4e"",""https://photos.encuentra24.com/t_or_fh_l/f_auto/v1/pa/32/34/77/61/32347761_98363903b546b49ebb609db12c97b7ee-4dceece"",""https://photos.encuentra24.com/t_or_fh_l/f_auto/v1/pa/32/34/77/61/32347761_98363903b546b49ebb609db12c97b7ee-6f772b4""]",19,false,false,,Laurent Antonio Lezcano,Laurent Antonio Lezcano,,false,basic,,,"[""Cerca de Escuela"",""Pet Friendly"",""Cerca del Tráfico"",""Vista a las Montañas"",""Parking bajo techo"",""Parking de visitas"",""Seguridad 24 Horas"",""2 o más elevadores"",""Lavandería interna"",""Depósito"",""Salón de fiestas"",""Parque Infantil"",""Gimnasio"",""Desayunador"",""Calle sin salida"",""Garaje techado"",""Sala y Comedor"",""Área Social"",""Walk-in closet"",""Área de BBQ"",""Lobby"",""Baño visitas"",""Conserjería""]",2026-04-27T23:07:15.000Z,2026-04-28T00:01:11.991Z,2026-05-03T06:12:26.039Z,2026-05-17T08:01:12.282Z,2026-04-28T00:01:28.315Z,2026-05-17T09:22:11.721Z,true,1,,"{""allowContactByForm"":true,""biUrl"":""https://www.encuentra24.com/clickhouse_mvp.php/lists?t=A6tRhZ1kQIRSNpmFobmfOI2%2Fb4yYlKuNTh5wlY5%2F8tRTxJLgczKZVw9HMmf9dMOMYtMrdX6%2BycWeNsxMbJDqxQ%2Fgycp%2FfbDPfEA0uwQBggzaT1NflUX4Og1ecMWcXzBrv%2FJ9v7pPKxtEV2exzFAAck5ip2dYj8WqD%2BumBF%2FLxWNU8NvW89iO%2BUGU9GDGrs3xZmhh7oIPnoAFja%2FXXsDqpCNMLCVVpnxiWhlGZp9MXMQ%3D&source_type=list"",""biUrls"":{""list"":""https://www.encuentra24.com/clickhouse_mvp.php/lists?t=A6tRhZ1kQIRSNpmFobmfOI2%2Fb4yYlKuNTh5wlY5%2F8tRTxJLgczKZVw9HMmf9dMOMYtMrdX6%2BycWeNsxMbJDqxQ%2Fgycp%2FfbDPfEA0uwQBggzaT1NflUX4Og1ecMWcXzBrv%2FJ9v7pPKxtEV2exzFAAck5ip2dYj8WqD%2BumBF%2FLxWNU8NvW89iO%2BUGU9GDGrs3xZmhh7oIPnoAFja%2FXXsDqpCNMLCVVpnxiWhlGZp9MXMQ%3D&source_type=list"",""visits"":""https://www.encuentra24.com/clickhouse_mvp.php/visits?t=A6tRhZ1kQIRSNpmFobmfOI2%2Fb4yYlKuNTh5wlY5%2F8tRTxJLgczKZVw9HMmf9dMOMYtMrdX6%2BycWeNsxMbJDqxQ%2Fgycp%2FfbDPfEA0uwQBggzaT1NflUX4Og1ecMWcXzBrv%2FJ9v7pPKxtEV2exzFAAck5ip2dYj8WqD%2BumBF%2FLxWNU8NvW89iO%2BUGU9GDGrs3xZmhh7oIPnoAFja%2FXXsDqpCNMLCVVpnxiWhlGZp9MXMQ%3D"",""favorites"":""https://www.encuentra24.com/clickhouse_mvp.php/favorites?t=A6tRhZ1kQIRSNpmFobmfOI2%2Fb4yYlKuNTh5wlY5%2F8tRTxJLgczKZVw9HMmf9dMOMYtMrdX6%2BycWeNsxMbJDqxQ%2Fgycp%2FfbDPfEA0uwQBggzaT1NflUX4Og1ecMWcXzBrv%2FJ9v7pPKxtEV2exzFAAck5ip2dYj8WqD%2BumBF%2FLxWNU8NvW89iO%2BUGU9GDGrs3xZmhh7oIPnoAFja%2FXXsDqpDpVjIdcc44FUgX%2B3dmXjKYx85qScgrowGKWOWBPFOwsDfBYdOlYqNuqMU4tnT761w%3D%3D&favorite=1""},""dateCreated"":""$D2026-04-27T23:07:15.000Z"",""dateUpdated"":""$D2026-04-27T23:08:55.000Z"",""description"":""$1c"",""featured"":null,""fieldset"":""property"",""funding"":{""enabled"":false,""type"":""externalurl"",""url"":false},""id"":""32347761"",""images"":[""https://photos.encuentra24.com/t_or_fh_m/f_auto/v1/pa/32/34/77/61/32347761_98363903b546b49ebb609db12c97b7ee-a3d30c4"",""https://photos.encuentra24.com/t_or_fh_m/f_auto/v1/pa/32/34/77/61/32347761_98363903b546b49ebb609db12c97b7ee-8dc62a7"",""https://photos.encuentra24.com/t_or_fh_m/f_auto/v1/pa/32/34/77/61/32347761_98363903b546b49ebb609db12c97b7ee-754f973"",""https://photos.encuentra24.com/t_or_fh_m/f_auto/v1/pa/32/34/77/61/32347761_98363903b546b49ebb609db12c97b7ee-2c4d525"",""https://photos.encuentra24.com/t_or_fh_m/f_auto/v1/pa/32/34/77/61/32347761_98363903b546b49ebb609db12c97b7ee-26125e5"",""https://photos.encuentra24.com/t_or_fh_m/f_auto/v1/pa/32/34/77/61/32347761_98363903b546b49ebb609db12c97b7ee-7100871"",""https://photos.encuentra24.com/t_or_fh_m/f_auto/v1/pa/32/34/77/61/32347761_98363903b546b49ebb609db12c97b7ee-e6beee1"",""https://photos.encuentra24.com/t_or_fh_m/f_auto/v1/pa/32/34/77/61/32347761_98363903b546b49ebb609db12c97b7ee-d6c451e"",""https://photos.encuentra24.com/t_or_fh_m/f_auto/v1/pa/32/34/77/61/32347761_98363903b546b49ebb609db12c97b7ee-33f95a0"",""https://photos.encuentra24.com/t_or_fh_m/f_auto/v1/pa/32/34/77/61/32347761_98363903b546b49ebb609db12c97b7ee-e074f86"",""https://photos.encuentra24.com/t_or_fh_m/f_auto/v1/pa/32/34/77/61/32347761_98363903b546b49ebb609db12c97b7ee-3699211"",""https://photos.encuentra24.com/t_or_fh_m/f_auto/v1/pa/32/34/77/61/32347761_98363903b546b49ebb609db12c97b7ee-14f9963"",""https://photos.encuentra24.com/t_or_fh_m/f_auto/v1/pa/32/34/77/61/32347761_98363903b546b49ebb609db12c97b7ee-c9aed40"",""https://photos.encuentra24.com/t_or_fh_m/f_auto/v1/pa/32/34/77/61/32347761_98363903b546b49ebb609db12c97b7ee-eaf060b"",""https://photos.encuentra24.com/t_or_fh_m/f_auto/v1/pa/32/34/77/61/32347761_98363903b546b49ebb609db12c97b7ee-5f40d28"",""https://photos.encuentra24.com/t_or_fh_m/f_auto/v1/pa/32/34/77/61/32347761_98363903b546b49ebb609db12c97b7ee-b4cd5ba"",""https://photos.encuentra24.com/t_or_fh_m/f_auto/v1/pa/32/34/77/61/32347761_98363903b546b49ebb609db12c97b7ee-c15db4e"",""https://photos.encuentra24.com/t_or_fh_m/f_auto/v1/pa/32/34/77/61/32347761_98363903b546b49ebb609db12c97b7ee-4dceece"",""https://photos.encuentra24.com/t_or_fh_m/f_auto/v1/pa/32/34/77/61/32347761_98363903b546b49ebb609db12c97b7ee-6f772b4""],""link"":""/panama-es/bienes-raices-venta-de-propiedades-apartamentos/venta-de-apartamento-en-ph-altamira-gardens-ancon-haga-una-oferta/32347761"",""location"":{""address"":""Ciudad de Panamá, Ancón."",""locality"":""Ancón"",""city"":""Ciudad de Panamá"",""lat"":9.043042374119032,""lon"":-79.54811811447144,""zoom"":14},""mainCategory"":""Bienes Raíces"",""maintenanceCost"":{""currency"":{""countryISO"":""es-PA"",""symbol"":""PAB""},""discount"":{""value"":null,""formatted"":""""},""amount"":{""value"":224,""formatted"":""""},""amountFull"":{""value"":null,""formatted"":""""}},""price"":{""currency"":{""countryISO"":""es-PA"",""symbol"":""PAB""},""discount"":{""value"":null,""formatted"":""""},""amount"":{""value"":165000,""formatted"":""""},""amountFull"":{""value"":null,""formatted"":""""}},""price_value"":165000,""price_symbol"":""$$"",""price_discount"":null,""principalImage"":""https://photos.encuentra24.com/t_or_fh_m/f_auto/v1/pa/32/34/77/61/32347761_98363903b546b49ebb609db12c97b7ee-a3d30c4"",""principalVideo"":"""",""rent"":""$undefined"",""showCall"":true,""showWhatsapp"":true,""title"":""Venta de Apartamento en PH Altamira Gardens - Ancón. Haga una oferta"",""active"":true,""user"":{""id"":""14789719"",""name"":""Laurent Antonio Lezcano"",""verified"":false,""avatar"":"""",""contact"":{""whatsapp"":""',89?;CC@BCBFKD"",""phone1"":{""isMobile"":true,""number"":""+)?@FBJJGIJIMRK""},""phone2"":{""isMobile"":true,""number"":""#-34:6>>;=>=AF?""},""company"":"""",""license"":""5439""}},""youtubeVideo"":"""",""reposted"":false,""subCategoryType"":""Apartamento"",""square"":""112"",""rooms"":""3"",""bathrooms"":""2"",""parking"":""2"",""regionName"":""Ancón"",""propertyPrice"":""165000"",""lotSize"":""112"",""exactAddress"":""P.H. Altamira Gardens, Corregimiento de Ancón, Vía Centenario."",""pricePerM2Total"":{""amount"":{""value"":1473.2142857142858,""formatted"":""""}},""pricePerM2Square"":{""amount"":{""value"":1473.2142857142858,""formatted"":""""}},""units"":""$undefined"",""benefits"":[""Cerca de Escuela"",""Pet Friendly"",""Cerca del Tráfico"",""Vista a las Montañas"",""Parking bajo techo"",""Parking de visitas"",""Seguridad 24 Horas"",""2 o más elevadores"",""Lavandería interna"",""Depósito"",""Salón de fiestas"",""Parque Infantil"",""Gimnasio"",""Desayunador"",""Calle sin salida"",""Garaje techado"",""Sala y Comedor"",""Área Social"",""Walk-in closet"",""Área de BBQ"",""Lobby"",""Baño visitas"",""Conserjería""],""roomHeight"":""3"",""age"":""2015"",""stories"":""1"",""balcon"":""Balcón"",""swimmingPool"":true,""floorType"":""Porcelanato"",""floor"":""3"",""pdfPlan"":null,""status"":null,""hallmark"":{""text"":null,""color"":null},""projectStatus"":null,""projectModels"":{""square"":null,""rooms"":null,""bathrooms"":null,""price"":null},""known"":true}",
false,inactive,87957,32313971,venta-de-apartamento-ph-altamira-gardens-ancon-haga-una-oferta,https://www.encuentra24.com/panama-es/bienes-raices-venta-de-propiedades-apartamentos/venta-de-apartamento-ph-altamira-gardens-ancon-haga-una-oferta/32313971,sale,apartamentos,Apartamento,Venta de Apartamento PH Altamira Gardens - Ancon. Haga una oferta,,131950,USD,,1178.125,1178.125,,Ciudad de Panamá,Ancón,"P.H. Altamira Gardens, Corregimiento de Ancón, Vía Centenario.",,9.041919251226535,-79.54813957214355,3,2,2,112,,112,2018,1,6,Porcelanato,3,224,,"[""https://photos.encuentra24.com/t_or_fh_l/f_auto/v1/pa/32/31/39/71/32313971_af8a7a7b1fb49ab8c51a4d5c0ecae65b-24a58ef"",""https://photos.encuentra24.com/t_or_fh_l/f_auto/v1/pa/32/31/39/71/32313971_af8a7a7b1fb49ab8c51a4d5c0ecae65b-03289ef"",""https://photos.encuentra24.com/t_or_fh_l/f_auto/v1/pa/32/31/39/71/32313971_af8a7a7b1fb49ab8c51a4d5c0ecae65b-5d96bc3"",""https://photos.encuentra24.com/t_or_fh_l/f_auto/v1/pa/32/31/39/71/32313971_af8a7a7b1fb49ab8c51a4d5c0ecae65b-bc6c92e"",""https://photos.encuentra24.com/t_or_fh_l/f_auto/v1/pa/32/31/39/71/32313971_af8a7a7b1fb49ab8c51a4d5c0ecae65b-6ae6547"",""https://photos.encuentra24.com/t_or_fh_l/f_auto/v1/pa/32/31/39/71/32313971_af8a7a7b1fb49ab8c51a4d5c0ecae65b-d6395d3"",""https://photos.encuentra24.com/t_or_fh_l/f_auto/v1/pa/32/31/39/71/32313971_af8a7a7b1fb49ab8c51a4d5c0ecae65b-958f678"",""https://photos.encuentra24.com/t_or_fh_l/f_auto/v1/pa/32/31/39/71/32313971_af8a7a7b1fb49ab8c51a4d5c0ecae65b-7b48c30"",""https://photos.encuentra24.com/t_or_fh_l/f_auto/v1/pa/32/31/39/71/32313971_af8a7a7b1fb49ab8c51a4d5c0ecae65b-f9a814a"",""https://photos.encuentra24.com/t_or_fh_l/f_auto/v1/pa/32/31/39/71/32313971_af8a7a7b1fb49ab8c51a4d5c0ecae65b-f155b53"",""https://photos.encuentra24.com/t_or_fh_l/f_auto/v1/pa/32/31/39/71/32313971_af8a7a7b1fb49ab8c51a4d5c0ecae65b-dfff882"",""https://photos.encuentra24.com/t_or_fh_l/f_auto/v1/pa/32/31/39/71/32313971_af8a7a7b1fb49ab8c51a4d5c0ecae65b-04aa7a1"",""https://photos.encuentra24.com/t_or_fh_l/f_auto/v1/pa/32/31/39/71/32313971_af8a7a7b1fb49ab8c51a4d5c0ecae65b-f9b1602"",""https://photos.encuentra24.com/t_or_fh_l/f_auto/v1/pa/32/31/39/71/32313971_af8a7a7b1fb49ab8c51a4d5c0ecae65b-3a2e22f"",""https://photos.encuentra24.com/t_or_fh_l/f_auto/v1/pa/32/31/39/71/32313971_af8a7a7b1fb49ab8c51a4d5c0ecae65b-690607e"",""https://photos.encuentra24.com/t_or_fh_l/f_auto/v1/pa/32/31/39/71/32313971_af8a7a7b1fb49ab8c51a4d5c0ecae65b-73cb15e"",""https://photos.encuentra24.com/t_or_fh_l/f_auto/v1/pa/32/31/39/71/32313971_af8a7a7b1fb49ab8c51a4d5c0ecae65b-ebcae09"",""https://photos.encuentra24.com/t_or_fh_l/f_auto/v1/pa/32/31/39/71/32313971_af8a7a7b1fb49ab8c51a4d5c0ecae65b-19b4e19"",""https://photos.encuentra24.com/t_or_fh_l/f_auto/v1/pa/32/31/39/71/32313971_af8a7a7b1fb49ab8c51a4d5c0ecae65b-cb444f4""]",19,false,false,,Laurent Antonio Lezcano,Laurent Antonio Lezcano,,false,basic,,,"[""Cerca de Escuela"",""Pet Friendly"",""Cerca del Tráfico"",""Vista a las Montañas"",""Parking bajo techo"",""Parking de visitas"",""Seguridad 24 Horas"",""2 o más elevadores"",""Lavandería interna"",""Depósito"",""Salón de fiestas"",""Parque Infantil"",""Gimnasio"",""Desayunador"",""Calle sin salida"",""Garaje techado"",""Sala y Comedor"",""Área Social"",""Walk-in closet"",""Área de BBQ"",""Lobby"",""Baño visitas"",""Conserjería""]",2026-04-21T01:22:46.000Z,2026-04-21T03:01:49.973Z,2026-05-03T06:25:34.250Z,2026-05-17T08:01:12.282Z,2026-04-21T03:02:01.298Z,2026-05-17T09:22:11.721Z,true,1,,"{""allowContactByForm"":true,""biUrl"":""https://www.encuentra24.com/clickhouse_mvp.php/lists?t=A6tRhZ1kQIRSNpmFobmfOI2%2Fb4yYlKuNTh5wlY5%2F8tRTxJLgczKZVw9HMmf9dMOMYtMrdX6%2BycWeNsxMbJDqxQ%2Fgycp%2FfbDPfEA0uwQBggzaT1NflUX4Og1ecMWcXzBrv%2FJ9v7pPKxtEV2exzFAAcmB1A%2BiYdDisus%2BXGYA3lp%2F9IrDQmsOKRWmDzAhfYyEeZFzwMFlrlOeu2RaIwDSxJ4yN%2BiMZ4wSphtEy0oL3hn4%3D&source_type=list"",""biUrls"":{""list"":""https://www.encuentra24.com/clickhouse_mvp.php/lists?t=A6tRhZ1kQIRSNpmFobmfOI2%2Fb4yYlKuNTh5wlY5%2F8tRTxJLgczKZVw9HMmf9dMOMYtMrdX6%2BycWeNsxMbJDqxQ%2Fgycp%2FfbDPfEA0uwQBggzaT1NflUX4Og1ecMWcXzBrv%2FJ9v7pPKxtEV2exzFAAcmB1A%2BiYdDisus%2BXGYA3lp%2F9IrDQmsOKRWmDzAhfYyEeZFzwMFlrlOeu2RaIwDSxJ4yN%2BiMZ4wSphtEy0oL3hn4%3D&source_type=list"",""visits"":""https://www.encuentra24.com/clickhouse_mvp.php/visits?t=A6tRhZ1kQIRSNpmFobmfOI2%2Fb4yYlKuNTh5wlY5%2F8tRTxJLgczKZVw9HMmf9dMOMYtMrdX6%2BycWeNsxMbJDqxQ%2Fgycp%2FfbDPfEA0uwQBggzaT1NflUX4Og1ecMWcXzBrv%2FJ9v7pPKxtEV2exzFAAcmB1A%2BiYdDisus%2BXGYA3lp%2F9IrDQmsOKRWmDzAhfYyEeZFzwMFlrlOeu2RaIwDSxJ4yN%2BiMZ4wSphtEy0oL3hn4%3D"",""favorites"":""https://www.encuentra24.com/clickhouse_mvp.php/favorites?t=A6tRhZ1kQIRSNpmFobmfOI2%2Fb4yYlKuNTh5wlY5%2F8tRTxJLgczKZVw9HMmf9dMOMYtMrdX6%2BycWeNsxMbJDqxQ%2Fgycp%2FfbDPfEA0uwQBggzaT1NflUX4Og1ecMWcXzBrv%2FJ9v7pPKxtEV2exzFAAcmB1A%2BiYdDisus%2BXGYA3lp%2F9IrDQmsOKRWmDzAhfYyEeZFzwMFlrlOeu2RaIwDSxJwTH5imqp1AbULoNInbxSN1B1fISmCEeotdNSoh9zrGwn7OHIdaKrjrhEGNWyJQZOQ%3D%3D&favorite=1""},""dateCreated"":""$D2026-04-21T01:22:46.000Z"",""dateUpdated"":""$D2026-04-21T01:24:10.000Z"",""description"":""$1c"",""featured"":null,""fieldset"":""property"",""funding"":{""enabled"":false,""type"":""externalurl"",""url"":false},""id"":""32313971"",""images"":[""https://photos.encuentra24.com/t_or_fh_m/f_auto/v1/pa/32/31/39/71/32313971_af8a7a7b1fb49ab8c51a4d5c0ecae65b-24a58ef"",""https://photos.encuentra24.com/t_or_fh_m/f_auto/v1/pa/32/31/39/71/32313971_af8a7a7b1fb49ab8c51a4d5c0ecae65b-03289ef"",""https://photos.encuentra24.com/t_or_fh_m/f_auto/v1/pa/32/31/39/71/32313971_af8a7a7b1fb49ab8c51a4d5c0ecae65b-5d96bc3"",""https://photos.encuentra24.com/t_or_fh_m/f_auto/v1/pa/32/31/39/71/32313971_af8a7a7b1fb49ab8c51a4d5c0ecae65b-bc6c92e"",""https://photos.encuentra24.com/t_or_fh_m/f_auto/v1/pa/32/31/39/71/32313971_af8a7a7b1fb49ab8c51a4d5c0ecae65b-6ae6547"",""https://photos.encuentra24.com/t_or_fh_m/f_auto/v1/pa/32/31/39/71/32313971_af8a7a7b1fb49ab8c51a4d5c0ecae65b-d6395d3"",""https://photos.encuentra24.com/t_or_fh_m/f_auto/v1/pa/32/31/39/71/32313971_af8a7a7b1fb49ab8c51a4d5c0ecae65b-958f678"",""https://photos.encuentra24.com/t_or_fh_m/f_auto/v1/pa/32/31/39/71/32313971_af8a7a7b1fb49ab8c51a4d5c0ecae65b-7b48c30"",""https://photos.encuentra24.com/t_or_fh_m/f_auto/v1/pa/32/31/39/71/32313971_af8a7a7b1fb49ab8c51a4d5c0ecae65b-f9a814a"",""https://photos.encuentra24.com/t_or_fh_m/f_auto/v1/pa/32/31/39/71/32313971_af8a7a7b1fb49ab8c51a4d5c0ecae65b-f155b53"",""https://photos.encuentra24.com/t_or_fh_m/f_auto/v1/pa/32/31/39/71/32313971_af8a7a7b1fb49ab8c51a4d5c0ecae65b-dfff882"",""https://photos.encuentra24.com/t_or_fh_m/f_auto/v1/pa/32/31/39/71/32313971_af8a7a7b1fb49ab8c51a4d5c0ecae65b-04aa7a1"",""https://photos.encuentra24.com/t_or_fh_m/f_auto/v1/pa/32/31/39/71/32313971_af8a7a7b1fb49ab8c51a4d5c0ecae65b-f9b1602"",""https://photos.encuentra24.com/t_or_fh_m/f_auto/v1/pa/32/31/39/71/32313971_af8a7a7b1fb49ab8c51a4d5c0ecae65b-3a2e22f"",""https://photos.encuentra24.com/t_or_fh_m/f_auto/v1/pa/32/31/39/71/32313971_af8a7a7b1fb49ab8c51a4d5c0ecae65b-690607e"",""https://photos.encuentra24.com/t_or_fh_m/f_auto/v1/pa/32/31/39/71/32313971_af8a7a7b1fb49ab8c51a4d5c0ecae65b-73cb15e"",""https://photos.encuentra24.com/t_or_fh_m/f_auto/v1/pa/32/31/39/71/32313971_af8a7a7b1fb49ab8c51a4d5c0ecae65b-ebcae09"",""https://photos.encuentra24.com/t_or_fh_m/f_auto/v1/pa/32/31/39/71/32313971_af8a7a7b1fb49ab8c51a4d5c0ecae65b-19b4e19"",""https://photos.encuentra24.com/t_or_fh_m/f_auto/v1/pa/32/31/39/71/32313971_af8a7a7b1fb49ab8c51a4d5c0ecae65b-cb444f4""],""link"":""/panama-es/bienes-raices-venta-de-propiedades-apartamentos/venta-de-apartamento-ph-altamira-gardens-ancon-haga-una-oferta/32313971"",""location"":{""address"":""Ciudad de Panamá, Ancón."",""locality"":""Ancón"",""city"":""Ciudad de Panamá"",""lat"":9.041919251226535,""lon"":-79.54813957214355,""zoom"":15},""mainCategory"":""Bienes Raíces"",""maintenanceCost"":{""currency"":{""countryISO"":""es-PA"",""symbol"":""PAB""},""discount"":{""value"":null,""formatted"":""""},""amount"":{""value"":224,""formatted"":""""},""amountFull"":{""value"":null,""formatted"":""""}},""price"":{""currency"":{""countryISO"":""es-PA"",""symbol"":""PAB""},""discount"":{""value"":null,""formatted"":""""},""amount"":{""value"":131950,""formatted"":""""},""amountFull"":{""value"":null,""formatted"":""""}},""price_value"":131950,""price_symbol"":""$$"",""price_discount"":null,""principalImage"":""https://photos.encuentra24.com/t_or_fh_m/f_auto/v1/pa/32/31/39/71/32313971_af8a7a7b1fb49ab8c51a4d5c0ecae65b-24a58ef"",""principalVideo"":"""",""rent"":""$undefined"",""showCall"":true,""showWhatsapp"":true,""title"":""Venta de Apartamento PH Altamira Gardens - Ancon. Haga una oferta"",""active"":true,""user"":{""id"":""14789719"",""name"":""Laurent Antonio Lezcano"",""verified"":false,""avatar"":"""",""contact"":{""whatsapp"":""#)78>:BB?ABAEJC"",""phone1"":{""isMobile"":true,""number"":""+,<=C?GGDFGFJOH""},""phone2"":{""isMobile"":true,""number"":""',89?;CC@BCBFKD""},""company"":"""",""license"":""5439""}},""youtubeVideo"":"""",""reposted"":false,""subCategoryType"":""Apartamento"",""square"":""112"",""rooms"":""3"",""bathrooms"":""2"",""parking"":""2"",""regionName"":""Ancón"",""propertyPrice"":""131950"",""lotSize"":""112"",""exactAddress"":""P.H. Altamira Gardens, Corregimiento de Ancón, Vía Centenario."",""pricePerM2Total"":{""amount"":{""value"":1178.125,""formatted"":""""}},""pricePerM2Square"":{""amount"":{""value"":1178.125,""formatted"":""""}},""units"":""$undefined"",""benefits"":[""Cerca de Escuela"",""Pet Friendly"",""Cerca del Tráfico"",""Vista a las Montañas"",""Parking bajo techo"",""Parking de visitas"",""Seguridad 24 Horas"",""2 o más elevadores"",""Lavandería interna"",""Depósito"",""Salón de fiestas"",""Parque Infantil"",""Gimnasio"",""Desayunador"",""Calle sin salida"",""Garaje techado"",""Sala y Comedor"",""Área Social"",""Walk-in closet"",""Área de BBQ"",""Lobby"",""Baño visitas"",""Conserjería""],""roomHeight"":""3"",""age"":""2018"",""stories"":""1"",""balcon"":null,""swimmingPool"":true,""floorType"":""Porcelanato"",""floor"":""6"",""pdfPlan"":null,""status"":null,""hallmark"":{""text"":null,""color"":null},""projectStatus"":null,""projectModels"":{""square"":null,""rooms"":null,""bathrooms"":null,""price"":null},""known"":true}",
